-1.899169,7.483462,3.419077,8.250042,5.027991,1.773478,0.3800826072692871
-0.921329,6.77829,4.047177,8.201632,5.3455,2.383573,0.7444901466369629
-1.580496,7.57862,3.998468,8.30358,5.344884,1.67755,0.8370835781097412
-1.580496,7.57862,3.998468,8.012966,5.26827,2.516104,0.8900551795959473
-1.692929,7.598072,4.002901,8.075961,5.192701,2.524355,0.9500186443328857
-1.595967,7.344547,3.749919,8.530052,5.02645,1.656431,1.0879387855529785
-1.510013,7.231813,3.761263,8.451965,4.940418,1.674589,1.1459102630615234
-1.617024,7.252795,3.36207,8.289433,4.839654,1.989194,1.2068724632263184
-1.6191,7.097863,3.262314,8.37543,4.89351,1.22471,1.259843111038208
-1.654776,7.023788,3.104855,5.20305,4.336815,10.569115,1.311811923980713
-1.666621,6.935384,2.998446,8.164668,4.641593,1.758935,1.3647830486297607
-1.692287,6.952797,2.829886,8.098,4.615673,1.890069,1.4197487831115723
-1.767209,6.943703,2.764465,8.314756,4.619969,1.175829,1.4717247486114502
-1.752145,6.930551,2.624528,5.152634,4.311189,10.427275,1.5596745014190674
-1.791493,6.691519,2.641222,5.346052,4.147746,10.091234,1.617652177810669
-1.796,6.637952,2.673298,5.481963,4.059144,9.977007,1.6736390590667725
-1.77476,6.628317,2.720416,8.117059,3.94404,2.609389,1.7305893898010254
-1.81962,6.52746,2.645513,8.298647,3.90433,2.244281,1.7845611572265625
-1.777005,6.333842,2.581307,8.316751,3.973376,2.065725,1.9154841899871826
-1.713832,6.24181,2.592493,8.363324,4.013333,2.056771,1.9684526920318604
-1.703709,6.129061,2.586916,5.308572,4.0876,10.505822,2.035414457321167
-1.684915,5.624075,2.666473,5.25876,4.110725,10.508971,2.093380928039551
-1.613463,5.419912,2.558844,6.796696,4.123724,6.0947,2.181333065032959
-1.559213,5.230028,2.296362,8.146264,4.155035,2.191197,2.2642822265625
-1.495569,5.137263,2.13296,5.243958,4.142336,10.507647,2.317251205444336
-1.664437,5.096667,1.762237,5.257184,4.147754,10.394221,2.413198232650757
-1.636472,5.07468,1.76455,7.846973,4.202689,2.758386,2.4661660194396973
-1.640338,5.097776,1.760869,8.063661,4.184606,1.94157,2.520136833190918
-1.631784,5.096241,1.781853,7.907226,4.237738,2.31751,2.577103853225708
-1.60773,5.097347,1.780485,8.03089,4.182559,1.923062,2.6320719718933105
-1.523701,5.126438,1.750343,7.802269,4.199181,2.673903,2.684056282043457
-1.479276,5.151805,1.743912,8.012565,4.149716,2.304642,2.7390105724334717
-1.443223,5.128166,1.767233,5.235557,4.134687,10.471972,2.7949774265289307
-1.518263,5.192651,1.78131,7.878509,4.091034,2.513371,2.890923261642456
-1.407901,5.170387,2.057924,7.929631,4.090479,2.361059,2.956883668899536
-1.493549,5.258237,2.047797,7.917458,4.126823,2.35592,3.028844118118286
-1.740393,5.350527,2.35273,7.720428,4.15856,2.684941,3.0928053855895996
-1.782928,5.325916,2.358977,7.698329,4.139285,2.689225,3.151771306991577
-1.911241,5.335252,2.231426,5.149303,4.14385,10.517509,3.2067391872406006
-1.915364,5.358027,2.227915,7.682889,4.156554,2.687393,3.259708881378174
-1.968091,5.33521,2.212377,5.150228,4.156457,10.47897,3.3116819858551025
-1.954242,5.338325,2.189172,6.777144,4.164068,5.351949,3.371645212173462
-1.94594,5.292724,2.196218,7.670346,4.227054,2.525009,3.427614688873291
-1.923767,5.250239,2.180114,7.628883,4.20641,2.530598,3.4785845279693604
-1.924769,5.234176,2.117266,5.105556,4.167659,10.519955,3.529555082321167
-1.775899,4.997884,2.061909,5.139942,4.154957,10.405859,3.5835232734680176
-1.766529,4.979253,2.021422,7.642759,4.206659,2.486677,3.6404902935028076
-1.846242,4.959882,1.942866,5.122956,4.167845,10.443585,3.6964592933654785
-1.927386,4.971893,1.753828,7.048407,4.211279,4.323568,3.752425193786621
-2.007364,4.875571,1.773909,7.579812,4.259665,2.589905,3.810401439666748
-2.025495,4.877912,1.732323,7.648615,4.261866,2.370421,3.865746259689331
-1.98892,4.810363,1.741915,7.606602,4.24091,2.376076,3.918699264526367
-1.924437,4.721603,1.753722,7.510955,4.238333,2.684349,3.9766669273376465
-1.847666,4.746787,1.766733,7.616656,4.260035,2.351142,4.041628122329712
-1.755747,4.774057,1.757674,7.54001,4.257998,2.657753,4.099597454071045
-1.615057,4.848045,1.759385,7.49173,4.22014,2.798137,4.151566982269287
-1.599496,4.850304,1.737249,7.583845,4.204261,2.555075,4.206533908843994
-1.591106,4.849178,1.758026,5.133975,4.161348,10.405896,4.260504484176636
-1.615057,4.848045,1.759385,7.614631,4.223466,2.464072,4.312473773956299
-1.578919,4.825331,1.782461,7.524478,4.221446,2.752005,4.363975763320923
-1.610162,4.96351,1.739754,5.060306,4.172137,10.561724,4.418945550918579
-1.611574,5.120442,1.776807,5.215702,4.190858,10.064193,4.47291374206543
-1.717997,5.240647,1.911166,8.687896,4.293552,-1.177924,4.525880575180054
-1.755472,5.357144,2.088342,5.136103,4.173983,10.293602,4.580848932266235
-1.406711,5.806993,3.520045,7.549146,4.274834,2.267477,4.709791421890259
-1.388797,5.994913,3.761952,7.360311,4.26674,2.644745,4.763743877410889
-1.274029,5.953146,4.012394,7.232663,4.262164,3.074569,4.815730810165405
-1.327808,6.527704,4.1878,7.273716,4.336466,2.251338,4.87069845199585
-1.394566,7.546034,4.307434,6.63599,4.4111,2.996678,4.929648399353027
-1.417392,7.796266,4.272939,6.490762,4.440109,3.000737,4.985617160797119
-1.114954,7.823914,4.626784,6.272954,4.500519,3.094923,5.04258394241333
-1.064286,7.86497,4.454328,6.162525,4.513168,3.099536,5.098552227020264
-1.035369,7.87092,4.316913,6.049376,4.543527,3.124406,5.153519868850708
-0.952657,7.752207,4.221722,5.802423,4.528092,3.256324,5.2084901332855225
-0.798116,7.588739,4.129367,5.553655,4.532418,3.316949,5.263456583023071
-0.656256,7.438081,4.063297,5.265347,4.498425,3.386107,5.313429832458496
-0.450128,7.348972,4.010752,5.095885,4.400399,3.364751,5.366476774215698
0.113092,7.293471,4.008107,4.826117,4.207238,3.36409,5.421444654464722
0.161927,7.347925,3.971077,4.763032,4.222141,3.250313,5.47241997718811
0.252602,7.304619,4.049282,4.741128,4.22149,3.069279,5.530385732650757
0.31685,7.30473,4.123229,4.786762,4.244447,2.552386,5.585354804992676
0.384535,7.320998,4.142552,4.757593,4.243483,2.424168,5.6413209438323975
0.43149,7.336441,4.163401,4.773944,4.304047,2.263507,5.694891929626465
0.537546,7.315293,4.238208,4.624517,4.476773,2.179614,5.751858711242676
0.618858,7.318167,4.232364,4.538484,4.372754,2.158634,5.824992895126343
0.603229,7.334211,4.178542,4.538484,4.372754,2.158634,5.878963947296143
0.688261,7.372756,4.193584,4.536818,4.293096,2.129428,5.936931610107422
0.769785,7.375616,4.18774,4.575668,4.195586,2.101222,5.991896867752075
0.767736,7.397508,4.184725,4.575668,4.195586,2.101222,6.053860187530518
0.767736,7.397508,4.184725,4.576793,4.215564,2.097899,6.111829519271851
0.831614,7.298495,4.168507,4.448323,4.188871,2.151063,6.163797378540039
0.850709,7.241792,4.149261,4.426377,4.187698,2.17351,6.2147698402404785
0.869817,7.185085,4.130092,4.422833,4.18744,2.237267,6.268740177154541
0.870006,7.128695,4.034399,4.403186,4.206151,2.23527,6.3187103271484375
0.918514,7.043548,4.043601,4.382385,4.224744,2.254613,6.37167763710022
0.82279,7.021307,3.645409,4.396242,4.205441,2.363812,6.424649000167847
0.881984,6.865648,3.589792,4.435889,4.207454,2.382819,6.481630086898804
0.935763,6.775832,3.52528,4.455266,4.188968,2.384752,6.537584543228149
1.038158,6.681451,3.483648,4.47461,4.170513,2.386681,6.593553304672241
1.087176,6.595658,3.493512,4.398385,4.225213,2.339073,6.646522283554077
1.084699,6.497551,3.557743,4.359291,4.262476,2.335155,6.699229955673218
1.160256,6.468118,3.606926,4.244731,4.415893,2.273661,6.751199960708618
1.137108,6.42965,3.589373,4.252718,4.538775,2.189247,6.808168172836304
1.142846,6.424552,3.614528,4.254519,4.540132,2.146371,6.862139463424683
1.144497,6.403233,3.617613,4.234447,4.759778,1.775607,6.92010498046875
1.13304,6.413323,3.567365,4.239357,4.765714,1.650615,6.981068849563599
1.036115,6.323827,3.586811,4.351111,4.814125,1.636983,7.0460333824157715
0.992896,6.343438,3.586558,4.305422,4.891216,1.750259,7.103002548217773
0.894673,6.275476,3.602855,4.290194,5.041288,1.726188,7.156969308853149
0.753841,6.254107,3.369903,4.375047,5.119019,2.702255,7.209939241409302
0.666803,6.211969,3.357329,4.430707,5.263221,2.902996,7.2629075050354
0.572692,6.113571,3.305489,4.558511,5.344092,3.136759,7.31587553024292
0.493125,6.080061,3.243247,4.627759,5.389233,3.289733,7.3668458461761475
0.436743,6.025281,3.18325,4.603863,5.400035,3.360481,7.421814918518066
0.418788,5.953753,3.100269,4.561144,5.356692,3.393376,7.4767844676971436
0.388355,5.855231,3.046478,4.468162,5.39379,3.369742,7.529753684997559
0.532588,5.527495,3.018763,4.122786,5.512425,3.3968,7.585719585418701
0.565149,5.452601,2.958773,3.986112,5.539783,3.448888,7.640688896179199
0.562443,5.402317,2.851336,3.911202,5.651886,3.460644,7.696656703948975
0.574521,5.397472,2.897472,3.915702,5.687301,3.193199,7.752626419067383
0.699707,5.394997,2.960061,3.599488,6.018295,3.067353,7.807594537734985
0.687993,5.399882,2.913704,3.598521,6.033564,2.971299,7.865448236465454
0.729009,5.422982,2.90774,3.539046,6.201888,2.948876,7.919419050216675
0.740948,5.468945,2.876774,3.475897,6.276789,2.87097,7.9803831577301025
0.735226,5.471506,2.853658,3.455916,6.267399,2.920286,8.047343254089355
0.737141,5.45019,2.856899,3.47832,6.255417,2.991141,8.10932445526123
0.711747,5.430413,2.838453,3.437817,6.245105,3.042227,8.164889574050903
0.668526,5.428473,2.841208,3.397639,6.234774,3.093477,8.21686053276062
0.646908,5.427502,2.842586,3.356651,6.275856,3.089653,8.270844221115112
0.631199,5.424065,2.867024,3.315221,6.274152,3.092397,8.318801641464233
0.701722,5.424496,2.885985,3.358143,6.267035,3.13837,8.373769044876099
0.707528,5.422017,2.909118,3.297382,6.302738,3.160393,8.425740242004395
0.654758,5.40378,2.868873,3.215945,6.316192,3.187126,8.481709241867065
0.646908,5.427502,2.842586,3.160023,6.333136,3.307941,8.537674903869629
0.650873,5.384946,2.849058,3.139572,6.332302,3.309321,8.595640897750854
0.676316,5.40475,2.867496,3.139559,6.39609,3.299681,8.649611234664917
0.668526,5.428473,2.841208,3.140792,6.412548,3.321265,8.70358943939209
0.717492,5.42794,2.861512,3.181794,6.45687,3.312056,8.757558107376099
0.924087,5.544292,2.831488,3.408762,6.567883,3.305537,8.815514087677002
1.080405,5.609707,2.858402,3.554488,6.643394,3.35796,8.881022214889526
1.100818,5.598306,2.951631,3.555921,6.621507,3.45878,8.949833631515503
1.184696,5.623349,2.942887,3.637937,6.688652,3.443617,9.016795873641968
1.265158,5.656784,3.02623,3.699413,6.672342,3.614642,9.081759929656982
1.441026,5.900108,2.978212,3.991652,7.111044,3.531146,9.136726140975952
1.450974,5.956095,3.157535,3.991892,7.170331,3.622101,9.192693948745728
1.387896,5.976173,3.277472,3.970185,7.177291,3.748182,9.24866247177124
1.384185,5.947739,3.57254,3.906654,7.137344,4.038749,9.303633213043213
1.333386,5.937225,3.626292,3.828688,7.127058,4.071232,9.356600522994995
1.2524,5.929647,3.534538,3.809078,7.11891,4.09956,9.409571886062622
1.156183,5.842509,3.553599,3.807663,7.068393,4.210708,9.467538595199585
1.212771,5.728372,3.788317,3.752807,7.233418,3.830237,9.520508289337158
1.130902,5.637126,3.856637,4.20101,7.330281,3.510256,9.5764741897583
1.124964,5.741377,3.94131,4.489445,7.272939,3.352092,9.633442640304565
1.117375,5.765007,3.913286,4.508095,7.26669,3.376438,9.688409566879272
1.123335,5.761276,3.938475,4.501016,7.238618,3.479836,9.74137830734253
1.065595,5.738796,3.945481,4.638763,7.336581,3.284182,9.796347856521606
1.077812,5.731416,3.995959,4.638763,7.336581,3.284182,9.851341247558594
1.058107,5.730559,3.99735,4.697697,7.294275,3.286808,9.905028581619263
0.980991,5.707342,4.005716,4.975445,7.316173,3.144584,9.962996244430542
0.997238,5.747801,3.998715,5.116332,7.276649,3.141808,10.023962497711182
0.976608,5.778969,3.920187,5.319352,7.262762,2.963374,10.082927703857422
0.923084,5.849698,3.714217,5.520463,7.126018,2.924391,10.137896537780762
0.894679,5.906188,3.609077,5.636243,7.041539,2.930232,10.19286322593689
0.861737,5.913048,3.561099,5.794258,6.981335,2.929824,10.242834568023682
0.78533,5.939016,3.513043,5.827048,6.851053,3.042419,10.298818349838257
0.699823,5.990186,3.437534,5.905291,6.751859,3.124062,10.348774909973145
0.611202,6.063328,3.359112,5.962552,6.596125,3.28774,10.402743339538574
0.581094,6.183486,3.270209,5.990148,6.473801,3.400863,10.457711219787598
0.625104,6.479499,3.078291,6.056959,6.002542,3.539283,10.513694524765015
0.536726,6.511194,2.91237,6.081759,5.851389,3.535902,10.570647478103638
0.380785,6.627591,2.324521,6.221778,5.858412,2.820343,10.6246178150177
0.386177,6.593259,2.149693,6.258971,5.775642,2.694308,10.677586078643799
0.265002,6.536182,1.943676,6.289251,5.694956,2.705092,10.730554342269897
0.147992,6.426412,1.749695,6.259436,5.688077,2.753239,10.784539222717285
0.106514,6.453016,1.596854,6.234803,5.673032,2.871068,10.839492797851562
0.378615,6.206536,1.539328,6.100943,5.745022,2.890849,10.892460346221924
0.378615,6.206536,1.539328,6.092794,5.733174,2.824386,10.945431232452393
0.378615,6.206536,1.539328,6.115034,5.754538,2.819778,11.008392572402954
0.485868,6.319375,1.600141,6.092769,5.770955,2.841442,11.071358680725098
0.675314,6.426689,1.701292,6.052037,5.736892,2.941056,11.125328063964844
0.756396,6.426078,1.848705,6.032295,5.736012,2.942367,11.177860260009766
0.801903,6.3909,2.049313,6.020814,5.709432,2.993348,11.228830337524414
0.783751,6.455925,2.195235,6.020814,5.709432,2.993348,11.284801006317139
0.691631,6.562676,2.227814,6.0533,5.650801,3.000383,11.336768388748169
0.711472,6.544089,2.2073,6.024398,5.643836,3.049531,11.389737606048584
0.726023,6.529727,2.164088,6.015062,5.637732,3.09754,11.442708969116211
0.723771,6.591654,1.845026,6.010382,5.634671,3.121608,11.499674558639526
0.83445,6.649588,1.807992,5.998029,5.619961,3.077999,11.552645921707153
0.963056,6.622717,1.718985,6.034507,5.638608,3.096232,11.60761547088623
0.989599,6.529284,1.711444,6.029787,5.635547,3.1203,11.661597967147827
1.060505,6.487006,1.693272,6.022829,5.612659,3.147557,11.716552734375
1.141424,6.59631,1.757477,6.032629,5.607463,3.194577,11.772132873535156
1.224887,6.912944,1.744604,6.046938,5.616561,3.12215,11.826099157333374
1.254671,6.87978,1.901809,6.051691,5.619583,3.098092,11.879069089889526
1.357106,6.886462,2.207199,6.042177,5.613534,3.146249,11.932037353515625
1.231255,7.062305,1.93967,6.032629,5.607463,3.194577,11.99600100517273
1.299558,7.114748,1.927539,6.030398,5.587756,3.197699,12.05796480178833
1.362766,7.127785,1.87781,6.042447,5.576931,3.12845,12.113933324813843
1.431847,7.110526,1.854912,6.059545,5.558043,3.130289,12.168902158737183
1.428179,7.045648,1.821675,6.0618,5.57781,3.127145,12.221871614456177
1.409693,7.014814,1.849652,6.0618,5.57781,3.127145,12.274842023849487
1.436628,7.051291,1.580933,6.066581,5.580752,3.103108,12.326811790466309
1.559519,7.183514,1.44543,6.081149,5.578689,3.12584,12.38377833366394
1.583524,7.065652,1.421124,6.095627,5.576618,3.148614,12.434749364852905
1.584801,7.040043,1.425322,6.081149,5.578689,3.12584,12.489717960357666
1.560284,7.039147,1.426696,6.105354,5.582513,3.100498,12.545685768127441
1.586076,7.014478,1.429512,6.107647,5.602349,3.097337,12.600654125213623
1.563794,7.034425,1.448621,6.110204,5.585452,3.076503,12.654622793197632
1.562874,6.988054,1.435068,6.127313,5.566488,3.078365,12.709591388702393
1.562874,6.988054,1.435068,6.127313,5.566488,3.078365,12.760562896728516
1.595873,6.882836,1.472213,6.117831,5.524071,3.108646,12.815531492233276
1.595873,6.882836,1.472213,6.098252,5.512745,3.204928,12.870497465133667
1.62516,6.782964,1.487347,6.117429,5.513623,3.203625,12.923466920852661
1.645683,6.757017,1.618908,6.112473,5.510777,3.227802,12.981673002243042
1.624129,6.706465,1.628354,6.114758,5.530316,3.224706,13.03864049911499
1.434893,6.416514,1.750391,6.121592,5.505945,3.274983,13.097606182098389
1.545565,6.567208,1.719907,6.102536,5.505071,3.276285,13.15359091758728
1.588853,6.492082,2.123874,6.090304,5.48,3.327992,13.208544254302979
1.594882,6.477377,2.440512,6.075295,5.471496,3.401271,13.261513233184814
1.677237,6.60858,2.690923,6.056448,5.470629,3.402573,13.31348443031311
1.585307,6.725587,2.959864,6.032654,5.46692,3.428388,13.369454383850098
1.462811,6.805331,3.267425,5.931203,5.43025,3.559776,13.424421548843384
1.379402,6.912854,3.526732,5.828816,5.420309,3.615869,13.475392580032349
1.269327,7.106779,3.755747,5.66485,5.420868,3.723106,13.529362916946411
0.472384,7.663156,4.008805,5.027218,5.627242,3.807047,13.586110591888428
0.402782,7.620156,4.203395,4.914024,5.67237,3.857038,13.641080141067505
0.397351,7.52102,4.377275,4.818459,5.699092,3.908854,13.697045803070068
0.440669,7.476873,4.514611,4.823552,5.70633,3.857923,13.752015113830566
0.419027,7.420273,4.49721,4.664737,5.817857,3.827123,13.806986570358276
0.427748,7.411592,4.524725,4.671235,5.829409,3.751014,13.863952875137329
0.545098,7.43725,4.513054,4.561925,5.902539,3.747256,13.917920589447021
0.509828,7.277165,4.56499,4.518386,6.035236,3.632199,13.976887941360474
0.527349,7.29908,4.560693,4.570011,6.066471,3.453945,14.038849353790283
0.544353,7.282227,4.615823,4.594522,6.096073,3.399699,14.099817037582397
0.544353,7.282227,4.615823,4.57896,6.140413,3.369927,14.152783155441284
0.533245,7.273081,4.64491,4.524683,6.204033,3.339673,14.20675253868103
0.482993,7.30126,4.617381,4.449898,6.267404,3.310723,14.259722232818604
0.474328,7.270981,4.649282,4.416991,6.358707,3.250989,14.311693906784058
0.437363,7.248534,4.654993,4.397874,6.378934,3.249111,14.365660667419434
0.387452,7.238034,4.687022,4.534297,6.30073,3.252533,14.417632579803467
0.389824,7.217077,4.689797,4.551443,6.276099,3.279151,14.472599983215332
0.341548,7.224004,4.665069,4.589546,6.273189,3.301232,14.530567407608032
0.306058,7.218825,4.614185,4.57718,6.22513,3.454009,14.587532758712769
0.233307,7.190818,4.569261,4.609772,6.228733,3.548793,14.642504215240479
0.149222,7.114575,4.478644,4.676927,6.208604,3.670147,14.697471141815186
0.011061,7.00741,4.343998,4.789205,6.136965,3.871746,14.751441478729248
-0.048082,6.303326,4.240443,5.263926,5.787557,4.041399,14.808407545089722
0.027495,5.926824,3.808405,5.105946,5.713455,4.264739,14.881003379821777
-0.013921,5.946916,3.683874,5.105946,5.713455,4.264739,14.95103120803833
0.086392,5.805376,3.698902,5.038643,5.765567,4.261832,15.013997077941895
0.155536,5.69764,3.760159,4.957686,5.806811,4.210491,15.07695746421814
0.291668,5.581546,3.769057,4.753752,5.723694,4.236087,15.134939432144165
0.342745,5.617061,3.810013,4.744412,5.719691,4.135968,15.185896158218384
0.415988,5.633113,3.852646,4.715089,5.729477,4.060977,15.239863157272339
0.507913,5.611129,4.025065,4.630342,5.839448,3.801461,15.294832468032837
0.557892,5.636933,3.992939,4.543988,5.92132,3.74564,15.345817804336548
0.610246,5.643003,3.96363,4.45346,5.980399,3.718105,15.399771928787231
0.647972,5.664595,3.958034,4.402997,6.065956,3.659515,15.454740047454834
0.685743,5.686214,3.952431,4.329904,6.127262,3.630545,15.509708166122437
0.768208,5.72587,3.966376,4.218716,6.228144,3.598116,15.560681819915771
0.789759,5.718532,3.891044,4.178573,6.221835,3.626153,15.617648601531982
0.796426,5.71493,3.916122,4.216475,6.218769,3.648794,15.673614740371704
0.796426,5.71493,3.916122,4.215352,6.21407,3.674198,15.72858190536499
0.789759,5.718532,3.891044,4.237404,6.208625,3.599827,15.782554864883423
0.789759,5.718532,3.891044,4.238563,6.213256,3.574564,15.838523387908936
0.767871,5.737692,3.889589,4.297271,6.215703,3.570488,15.89349102973938
0.767871,5.737692,3.889589,4.302407,6.23416,3.46987,15.947460412979126
0.804071,5.779576,3.881083,4.420752,6.239082,3.461723,16.003426790237427
0.810933,5.78791,3.829586,4.463976,6.233861,3.387157,16.061394214630127
0.824084,5.78044,3.879686,4.484378,6.218562,3.364061,16.120362043380737
0.822209,5.800561,3.876821,4.505298,6.240049,3.359538,16.175344705581665
0.790738,5.77497,3.907592,4.521218,6.195143,3.389403,16.230313777923584
0.74835,5.725007,3.967771,4.539881,6.175425,3.391199,16.280285358428955
0.667163,5.673794,4.030789,4.581238,6.181489,3.363619,16.33525323867798
0.651239,5.641734,4.112263,4.656752,6.123257,3.367678,16.385225534439087
0.644152,5.653304,4.161745,4.728417,6.040898,3.399646,16.439191818237305
0.695643,5.667256,4.207256,4.783335,5.982702,3.404957,16.49515986442566
0.717733,5.777544,4.240849,5.275131,5.752085,3.361179,16.54812979698181
0.735587,5.80453,4.312786,5.459323,5.625835,3.34499,16.601099491119385
0.713196,5.848758,4.38535,5.58988,5.470988,3.407725,16.659064292907715
0.776736,5.848384,4.616109,5.651811,5.332616,3.306446,16.713495016098022
0.805039,5.873501,4.58432,5.779589,5.199919,3.155228,16.76617980003357
0.782741,5.886797,4.50532,5.812725,5.217023,2.966278,16.821149587631226
0.780818,5.90608,4.50269,5.830976,4.727731,2.859571,16.87711477279663
0.769536,5.949306,4.471139,5.5457,4.097177,2.796336,16.933084964752197
0.786742,5.969542,4.467085,5.557784,4.02431,2.807101,16.984055995941162
0.772012,5.978753,4.414633,5.715312,4.00217,2.156894,17.052014350891113
0.743414,6.002139,4.387184,5.746462,3.946669,2.185237,17.109980583190918
0.742941,5.953052,4.446304,5.704252,3.925252,2.190948,17.163954257965088
0.750403,5.948495,4.472539,5.727701,3.925993,2.168634,17.2129225730896
0.733234,5.928287,4.476587,5.797907,3.931377,2.227002,17.267890453338623
0.716088,5.908107,4.48063,5.931131,3.978113,2.275581,17.318862676620483
0.731267,5.947684,4.47394,6.35181,4.288252,2.266499,17.377828359603882
0.740752,5.923774,4.502854,6.556914,4.337216,2.332714,17.43180274963379
0.765366,5.93936,4.52514,6.737832,4.365837,2.318271,17.48476815223694
0.776962,5.944741,4.497418,7.042773,4.362734,2.259632,17.545731782913208
0.773404,5.910547,4.476433,7.245542,4.374296,2.015693,17.599700689315796
0.802384,5.936046,4.444765,5.090902,4.206159,10.148497,17.693645238876343
0.873729,5.924353,4.415658,7.506037,4.16608,1.350052,17.747614860534668
0.885865,5.929623,4.388129,7.126601,4.168175,1.54628,17.859997749328613
0.912071,5.925983,4.412862,6.898954,4.218329,1.832255,17.91396474838257
0.91918,5.916189,4.361937,6.687121,4.210187,2.303419,17.989848613739014
0.92099,5.896702,4.364626,6.670003,4.228341,2.301429,18.048818349838257
0.929709,5.872941,4.393366,6.610909,4.339573,2.436623,18.111782789230347
0.859252,5.665685,4.376215,6.434692,4.480642,2.59773,18.16874885559082
0.821405,5.591182,4.363721,6.502581,4.370908,2.589405,18.221718072891235
0.828314,5.579972,4.313515,6.59299,4.28173,2.489962,18.272690296173096
0.821603,5.575466,4.212426,6.602992,4.244354,2.430737,18.328656435012817
0.793421,5.597402,4.185625,6.652332,4.1699,2.269357,18.379629850387573
0.793421,5.597402,4.185625,6.674541,4.060527,2.456138,18.432596683502197
0.779544,5.604334,4.134765,6.591985,4.115227,2.668396,18.485565900802612
0.792173,5.608653,4.108009,6.46123,4.221018,3.036319,18.542535066604614
0.815863,5.636908,4.051855,6.314034,4.517429,3.250136,18.596518993377686
0.82024,5.664498,3.997206,6.28801,4.657343,3.346227,18.649473428726196
0.833348,5.668892,3.970633,6.249012,4.732687,3.221274,18.705442190170288
0.815423,5.648232,3.974829,6.18067,4.58629,3.132872,18.758410453796387
0.806871,5.671547,3.946885,6.251515,4.517221,3.116411,18.81537914276123
0.800204,5.675063,3.921787,6.261471,4.518718,3.070065,18.870344400405884
0.821962,5.656049,3.92322,6.202713,4.497381,3.07683,18.923314332962036
0.808763,5.662975,3.873169,6.284014,4.509203,2.689634,18.97628903388977
0.806884,5.682951,3.870321,6.267565,4.376594,2.711409,19.038254022598267
0.791654,5.698537,3.893889,6.226452,3.723178,2.534626,19.10521388053894
0.786901,5.682078,3.871714,6.289984,3.502671,1.83926,19.16618037223816
0.793547,5.678573,3.89673,6.259752,3.303648,1.496954,19.216150999069214
0.793547,5.678573,3.89673,6.262625,3.090438,1.282125,19.26912498474121
0.773606,5.677702,3.898123,6.12999,2.963241,1.271954,19.321096181869507
0.760234,5.684702,3.848133,6.021826,2.905249,1.154454,19.37506675720215
0.776456,5.725719,3.84101,5.974286,2.884905,1.17895,19.429038286209106
0.783102,5.722129,3.866006,5.981344,2.860267,1.126494,19.481011867523193
0.744993,5.700343,3.871651,6.127592,3.065948,1.103092,19.539977073669434
0.70693,5.678584,3.87729,6.314468,3.161842,1.153482,19.590945959091187
0.662006,5.660294,3.857959,6.522378,3.175536,1.16055,19.64591670036316
0.630939,5.635143,3.888546,6.497959,3.171967,1.372247,19.70088529586792
0.616967,5.641926,3.838686,6.466188,3.182989,1.526967,19.753854274749756
0.600185,5.611787,3.769966,6.405264,3.251334,1.45989,19.80782175064087
0.58635,5.618334,3.720555,6.397496,3.253892,1.498769,19.863789796829224
0.580485,5.476862,3.742131,6.421942,3.448611,1.464662,19.92076086997986
0.499774,5.423837,3.51147,6.510504,3.527325,1.369218,19.9747257232666
0.532807,5.303645,3.527726,6.659845,3.55546,1.357358,20.030693292617798
0.387825,5.23146,2.81934,6.982235,3.499216,0.748176,20.093664407730103
0.430941,5.097976,2.701676,7.182007,3.435988,0.861164,20.15762734413147
0.542263,4.958916,2.672574,4.875396,3.887632,10.569858,20.210597276687622
0.568251,4.856776,2.664978,7.627815,3.207624,1.179908,20.263566493988037
0.429367,4.59519,2.826822,7.882537,3.010921,0.99639,20.34951615333557
0.353086,4.450314,2.831506,7.923033,2.979346,0.852923,20.397995948791504
0.253919,4.34744,2.763555,7.837003,3.050544,0.825988,20.44797110557556
-0.007041,3.975086,2.748272,7.644354,3.151082,0.743858,20.503589630126953
0.032834,3.957452,2.660499,7.604894,3.16868,0.74248,20.558557748794556
0.129583,3.962642,2.544805,7.638063,3.181563,0.630117,20.612526893615723
0.114744,3.984055,1.778839,7.611545,3.181502,0.649301,20.668498516082764
0.333527,3.931211,1.532959,7.537843,3.212297,1.070281,20.78999662399292
0.351425,3.570399,1.613673,5.762465,3.57277,7.662583,20.95689868927002
0.20281,3.457587,1.639878,5.776555,3.522941,7.667123,21.009870767593384
0.032437,3.182103,2.103251,7.586373,2.809166,1.750627,21.151787042617798
-0.007081,3.164891,2.191399,7.484249,2.916565,1.620167,21.206756114959717
0.079781,3.169797,2.186222,4.97676,3.743972,10.313613,21.29799771308899
0.125071,3.051978,2.161861,4.883482,3.773049,10.654182,21.38194990158081
0.197219,3.032287,2.099349,5.044194,3.718548,10.09057,21.436919450759888
0.444604,2.962552,1.752779,4.920254,3.772121,10.501315,21.595824718475342
0.521081,2.942511,1.692529,7.357562,3.073053,1.580499,21.64879560470581
0.551734,2.820258,1.416435,7.535272,3.000501,0.921349,21.750340938568115
0.652362,2.66273,1.419697,5.029654,3.748006,10.053115,21.807329654693604
0.652362,2.66273,1.419697,4.908562,3.783859,10.501465,21.866299152374268
0.609152,2.640068,1.425565,4.910347,3.796359,10.500127,21.91427183151245
0.634167,2.663456,1.439804,4.936758,3.784537,10.424408,21.97523856163025
0.611678,2.662122,1.441051,4.943621,3.784909,10.423655,22.03020453453064
0.650486,2.733463,1.524541,7.337717,3.117096,1.457504,22.13614273071289
0.683872,2.871984,1.696882,7.391315,3.088923,1.325243,22.196109294891357
0.705167,3.03748,2.011616,7.35338,3.105692,1.324165,22.249079942703247
0.658529,3.118456,2.375438,7.302907,3.139137,1.301726,22.30304789543152
0.640587,3.217488,2.746908,7.161259,3.204201,1.705639,22.356019735336304
0.590848,3.344444,3.061013,7.341348,3.176188,0.789092,22.409997701644897
0.34513,4.241317,3.206923,6.946488,3.281701,0.898445,22.47494888305664
0.552537,4.504423,4.386164,6.940583,3.297343,0.840525,22.549906730651855
0.511242,4.717843,4.613268,6.715795,3.329736,1.726565,22.616871118545532
0.470027,4.867473,4.698188,6.8314,3.291723,1.126429,22.66983723640442
0.739386,4.997349,4.557859,6.574775,3.316817,2.161103,22.71980905532837
0.886093,5.053285,4.411616,6.725483,3.347505,1.159569,22.78498601913452
0.85873,5.062144,4.310224,6.670908,3.361819,1.409093,22.84095573425293
0.991023,5.222106,4.560478,6.208417,3.577435,2.558877,22.89592218399048
1.025231,5.208486,4.69024,6.106654,3.600271,3.063581,22.9498929977417
1.108523,5.303089,4.67113,5.985951,3.662788,3.060904,23.005861282348633
1.124636,5.394191,4.526852,5.795272,3.681841,3.317297,23.06582498550415
1.297956,5.32808,4.524694,5.413622,3.660692,3.343365,23.122796058654785
1.298465,5.266822,4.430325,5.377193,3.658673,3.345853,23.184756755828857
1.299494,5.20451,4.336925,5.337536,3.657604,3.371255,23.240726470947266
1.191489,5.131771,3.927858,5.202229,3.699351,3.327236,23.296690940856934
1.277725,5.095154,3.952566,4.991057,3.737647,3.2883,23.346678733825684
1.295979,5.041328,3.934683,4.801101,3.829857,3.21707,23.400633096694946
1.316767,5.023334,3.936041,4.676803,3.929497,3.209024,23.453601837158203
1.327572,5.019343,3.985394,4.627794,3.961247,3.138881,23.507572174072266
1.388887,5.028982,3.905993,4.594882,3.958192,3.073487,23.56553602218628
1.555924,5.003272,3.850175,4.525641,3.971006,2.985623,23.619505167007446
1.505033,5.034463,3.897851,4.498821,4.022734,2.845315,23.672479152679443
1.500092,5.036468,3.873275,4.507403,4.021486,2.712632,23.72444796562195
1.526906,4.997593,3.901954,4.383773,4.165822,2.565352,23.779420375823975
1.517133,5.001434,3.852884,4.394288,4.166291,2.37023,23.837389707565308
1.517133,5.001434,3.852884,4.360101,4.301711,2.350233,23.890915155410767
1.507393,5.005263,3.803978,4.360101,4.301711,2.350233,23.943882942199707
1.467105,5.022466,3.803923,4.422675,4.324663,2.343167,24.00285029411316
1.468413,5.003417,3.806689,4.421464,4.324338,2.364772,24.06081485748291
1.450239,4.983475,3.810807,4.43845,4.30508,2.410029,24.125778436660767
1.43579,4.980687,3.836584,4.479255,4.307191,2.407478,24.1837477684021
1.407549,4.964449,3.791904,4.459621,4.345125,2.424041,24.238715171813965
1.358222,4.966209,3.746,4.672266,4.277287,2.509956,24.291685104370117
1.304632,4.961613,3.774357,4.930434,4.175635,2.664581,24.343652486801147
1.277347,4.926031,3.732751,5.055959,4.144959,2.750332,24.401620626449585
1.262985,4.911948,3.663125,5.217921,4.154069,2.850379,24.453591346740723
1.238862,4.645365,3.680768,5.245724,3.974156,2.988378,24.509557008743286
1.263114,4.575945,3.593962,5.215287,3.97437,3.079919,24.563528776168823
1.236297,4.475452,3.25771,5.193593,3.958801,3.242281,24.617496490478516
1.274177,4.382481,3.223544,5.137758,3.955798,3.246058,24.67146611213684
1.302746,4.290123,3.14409,5.084742,3.988336,3.244205,24.721434831619263
1.330466,4.216268,3.062589,5.010093,3.984336,3.249253,24.776406049728394
1.312346,4.216876,2.972719,5.012632,3.984037,3.22633,24.831372022628784
1.622014,4.059418,2.934991,4.795206,4.079557,3.224509,24.884342670440674
1.685856,4.081881,2.950341,4.666677,4.126723,3.224864,24.937313079833984
1.728653,4.045773,2.953623,4.594286,4.177149,3.221392,24.99228072166443
1.741445,4.084393,3.037124,4.481969,4.225678,3.243519,25.044250011444092
1.757938,4.085351,3.0134,4.396786,4.25868,3.106336,25.10421347618103
1.713717,4.083141,2.993658,4.33004,4.349616,2.982801,25.16518211364746
1.673167,4.081026,2.996289,4.337425,4.408283,2.883206,25.223148584365845
1.641282,4.079653,2.930711,4.360212,4.448048,2.853261,25.278114318847656
1.605559,4.058497,2.958558,4.406506,4.509719,2.773921,25.331083059310913
1.610641,4.039569,2.983787,4.407779,4.51041,2.751474,25.384055376052856
1.623144,4.040275,2.93795,4.411301,4.531254,2.703566,25.4390230178833
1.646258,4.060623,2.955927,4.395653,4.570848,2.653901,25.49199104309082
1.651232,4.041694,2.981157,4.422131,4.57581,2.541574,25.54396104812622
1.667697,4.042582,2.957564,4.423388,4.576596,2.519479,25.60093069076538
1.6666,4.061686,2.954612,4.424643,4.57738,2.497422,25.653899431228638
1.665502,4.08082,2.951656,4.444781,4.597459,2.514974,25.710864543914795
1.686939,4.062749,2.953298,4.505924,4.600527,2.511113,25.76583504676819
1.689647,4.081982,2.972639,4.568537,4.604425,2.48519,25.825968027114868
1.693444,4.082084,2.994973,4.568537,4.604425,2.48519,25.88062620162964
1.661276,4.060855,3.159186,4.589344,4.586381,2.465121,25.933592796325684
1.680186,4.080711,3.154998,4.708768,4.571901,2.482666,25.991575241088867
1.700196,4.081755,3.153681,4.78752,4.536447,2.483992,26.04153275489807
1.669208,4.061145,3.204477,4.849706,4.501388,2.442697,26.108493089675903
1.699161,4.025225,3.254261,4.988949,4.469182,2.440227,26.167459726333618
1.760345,4.065721,3.267435,5.026542,4.431947,2.444125,26.21743154525757
1.847642,4.125866,3.32232,5.043547,4.451504,2.483464,26.26940131187439
1.888793,4.165072,3.337028,5.06075,4.413436,2.488593,26.317371368408203
1.979734,4.167552,3.541653,5.089695,4.394158,2.577249,26.377339363098145
2.00527,4.186616,3.584406,5.145941,4.41559,2.614521,26.429307460784912
2.037758,4.205256,3.674497,5.225951,4.417082,2.764227,26.481281280517578
2.071674,4.187731,3.770604,5.32105,4.43763,2.93427,26.53624939918518
2.078716,4.187511,3.818218,5.576958,4.522319,3.041773,26.59521484375
2.109977,4.223434,3.907439,5.789168,4.653723,3.284235,26.64818549156189
2.146597,4.243098,3.902209,5.991132,4.74841,3.420772,26.701160192489624
2.25468,4.355819,3.878607,6.690323,5.039198,3.333881,26.755134105682373
2.30904,4.412512,3.866737,7.031395,4.887167,3.40596,26.813095808029175
2.305962,4.413115,3.842628,7.024441,4.88559,3.430101,26.867023706436157
2.300047,4.437223,3.647191,7.314766,4.866867,2.976749,26.919995069503784
2.297056,4.437858,3.623442,7.38441,4.881018,2.745698,26.977965354919434
2.335473,4.439797,3.6208,7.409884,4.806465,2.755825,27.03193426132202
2.375542,4.477864,3.636421,7.707788,4.621678,2.503839,27.091898202896118
2.374375,4.514747,3.630919,7.65905,4.562384,2.515944,27.147865295410156
2.402002,4.513299,3.701202,7.924101,4.616196,1.431988,27.209832429885864
2.404816,4.512493,3.725153,7.99877,4.579909,1.374772,27.262800455093384
2.408756,4.475197,3.754554,8.083294,4.503941,1.206547,27.315768718719482
2.388627,4.510733,3.750467,8.075741,4.462094,1.213987,27.36874270439148
2.416121,4.509255,3.82137,8.060548,4.337382,1.080996,27.41971206665039
2.401253,4.471322,3.852179,8.007247,4.292838,1.033551,27.470688819885254
2.3801,4.453018,3.832029,7.962111,4.164392,0.924538,27.518660306930542
2.373697,4.472561,3.781209,8.043043,4.034899,0.535085,27.56963562965393
2.339406,4.451803,3.810582,7.868797,3.787897,0.441225,27.63159990310669
2.304684,4.449216,3.83731,7.851525,3.810863,0.510064,27.685079097747803
2.307766,4.448534,3.861437,7.8305,3.812517,0.583308,27.738045930862427
2.289596,4.429559,3.865409,7.777326,3.816703,0.768543,27.794016122817993
2.286475,4.4302,3.841291,7.825222,3.812933,0.601694,27.84998059272766
2.248084,4.446362,3.841273,7.890891,3.816569,0.59822,27.90295100212097
2.235017,4.462077,3.888246,5.146038,4.096315,10.447739,27.95891833305359
2.197395,4.460184,3.890891,5.162523,4.070991,10.448335,28.01390314102173
2.161258,4.422276,3.898812,5.426444,4.043372,9.627158,28.070854902267456
2.179315,4.441217,3.894854,8.177471,3.834928,1.16117,28.173794269561768
2.152921,4.459702,3.845224,8.210916,3.788709,0.97784,28.228766202926636
2.138238,4.439986,3.873331,8.428018,3.663438,0.262103,28.281245470046997
2.113179,4.422245,3.829109,8.272115,3.640644,0.795742,28.332215070724487
2.110482,4.404739,3.807745,8.345721,3.574702,0.281315,28.3861825466156
2.115886,4.439697,3.850529,8.212137,3.446462,0.38035,28.438153743743896
2.097782,4.420669,3.854505,8.220668,3.397208,0.265433,28.49212121963501
2.101319,4.420048,3.878621,8.187804,3.397713,0.301785,28.54409432411194
2.040263,4.435885,3.855824,8.455199,3.341028,0.442194,28.601067781448364
2.021348,4.434931,3.857148,8.656264,3.283765,0.077645,28.654036283493042
2.021348,4.434931,3.857148,8.702166,3.348831,0.34217,28.706305265426636
2.00993,4.432676,3.906762,8.644689,3.43046,0.945123,28.76027202606201
2.002429,4.433977,3.858473,8.624827,3.433306,1.001418,28.818241357803345
1.982623,4.451132,3.857145,8.456596,3.540839,2.12853,28.87121272087097
1.952494,4.447857,3.908104,8.932481,3.631548,1.00938,28.925184726715088
1.932707,4.464968,3.906794,8.807629,3.526059,1.03324,28.979150533676147
1.925063,4.538365,3.871992,9.056661,3.448351,0.55852,29.033122062683105
1.796576,4.674895,3.932934,8.708519,3.665228,1.810467,29.094085454940796
1.196553,5.102996,4.031024,8.307247,4.031162,2.758705,29.194026231765747
0.813764,5.386217,4.063739,8.136749,4.201733,2.851986,29.24499750137329
0.43418,5.623933,4.053078,8.126337,4.343635,2.48103,29.29396915435791
-0.014787,5.894145,3.991511,7.986828,4.503173,2.572034,29.34394145011902
-0.362746,6.162899,3.898192,7.786568,4.637552,2.782482,29.401915311813354
-0.64544,6.487995,3.792133,7.720385,4.810929,2.538709,29.453883171081543
-1.25337,7.093646,3.638948,7.032803,4.95563,2.467205,29.50725793838501
-1.435442,7.15287,3.490659,7.1168,4.976971,1.758016,29.55922818183899
-1.514358,7.171293,3.417892,7.019774,4.972538,2.14156,29.620193004608154
-1.688695,7.294144,3.040836,7.077741,5.031545,1.8549,29.670169830322266
-1.796474,7.335713,2.968017,7.023803,5.050877,1.833721,29.73712921142578
-1.830406,7.355399,2.89456,7.007567,5.046383,1.897944,29.821082592010498
-2.26625,7.739514,2.787616,6.930674,5.08929,1.811475,29.885046005249023
-2.39446,7.894453,2.437068,6.894103,5.083614,1.876909,29.936017751693726
-2.402185,7.869969,2.184738,6.888872,5.082054,1.898375,29.99331760406494
-2.328315,7.607298,2.223003,6.885959,5.061186,1.901927,30.05228304862976
-2.296861,7.470528,2.083054,6.847267,5.080047,1.90089,30.11324715614319
-2.14561,7.310987,2.032932,6.77916,5.035318,1.911756,30.177127361297607
-2.05788,7.265279,1.923333,6.779518,5.030357,1.996667,30.232096195220947
-2.123608,7.286278,1.834012,6.758948,5.024348,2.083428,30.28306555747986
-2.149256,7.276276,1.770379,6.743554,5.024858,2.062943,30.33303666114807
-2.143802,7.297167,1.788822,6.764104,5.025854,2.061682,30.389007329940796
-2.127571,7.350733,1.77917,6.786919,5.012606,1.957029,30.4409761428833
-2.132184,7.377146,1.775058,6.756151,5.003817,2.086893,30.494953155517578
-2.111285,7.404475,1.769487,6.750992,5.002344,2.108667,30.5459144115448
-2.053759,7.465834,1.734252,6.750992,5.002344,2.108667,30.605881214141846
-2.023642,7.440108,1.736953,6.745824,5.000867,2.130479,30.659849166870117
-2.013787,7.434438,1.759556,6.748204,4.981879,2.112117,30.709821462631226
-2.023642,7.440108,1.736953,6.748204,4.981879,2.112117,30.762789487838745
-1.937279,7.43703,1.755208,6.727753,4.980883,2.113377,30.820756435394287
-1.638994,7.262947,2.448823,6.696851,4.972208,2.244763,30.873725414276123
-1.752463,7.360257,2.439602,6.633401,4.949016,2.251941,30.92869758605957
-1.368047,7.133723,3.31561,6.61306,4.943344,2.34026,30.983678340911865
-2.540516,8.098883,3.239408,6.555344,4.960483,2.340711,31.040628910064697
-0.289111,8.040403,4.457845,4.561977,5.545054,2.920439,31.895903825759888
-0.074895,7.821463,4.474191,4.558617,5.483932,2.93009,31.94687843322754
-0.010607,7.747004,4.133454,4.560263,5.486575,2.906609,31.999242544174194
0.071204,7.672503,4.033803,4.540085,5.485656,2.907932,32.059208393096924
0.179975,7.492126,3.922959,4.500332,5.521905,2.927636,32.11618089675903
0.249386,7.42848,3.850459,4.478653,5.518269,2.952504,32.18213725090027
0.337705,7.327144,3.757362,4.438353,5.516442,2.955156,32.23910617828369
0.705965,7.047792,3.699213,4.437329,5.4961,2.958359,32.29607343673706
0.743239,7.033808,3.673724,4.400026,5.5554,2.951392,32.347042083740234
0.759555,7.01898,3.649745,4.403369,5.599192,2.92137,32.39902877807617
0.756855,6.981091,3.630452,4.408407,5.628468,2.847589,32.4529812335968
0.794403,6.966889,3.605159,4.426136,5.723635,2.5818,32.50295329093933
0.815521,6.967672,3.603717,4.448375,5.727526,2.557437,32.55592179298401
0.793752,6.90669,3.589189,4.429822,5.75089,2.532347,32.61288905143738
0.810298,6.89154,3.565477,4.430096,5.73252,2.512812,32.666858196258545
0.854496,6.870991,3.565788,4.475322,5.798566,2.499838,32.71782851219177
0.853862,6.810788,3.549958,4.518862,5.803487,2.474232,32.785905838012695
0.847474,6.816752,3.524634,4.520337,5.806559,2.451322,32.84786939620972
0.828261,6.793864,3.52926,4.633312,5.786101,2.3151,32.909836769104004
0.815431,6.805661,3.478757,4.631666,5.783132,2.337759,32.96380639076233
0.815431,6.805661,3.478757,4.63288,5.804796,2.334242,33.017773389816284
0.8386,6.784317,3.480532,4.612821,5.825565,2.332044,33.07573890686035
0.821276,6.73932,3.488369,4.548967,5.822775,2.336019,33.132704973220825
0.842457,6.74013,3.486936,4.503837,5.796198,2.364898,33.19766902923584
0.817176,6.763019,3.386553,4.499558,5.787151,2.433255,33.26163911819458
0.785106,6.751256,3.341298,4.479514,5.807775,2.431106,33.310612201690674
0.791432,6.745616,3.366243,4.539537,5.746015,2.437542,33.365421772003174
0.78471,6.689954,3.32619,4.762139,5.665122,2.482456,33.41739273071289
0.750602,6.70007,3.277999,4.992652,5.51839,2.581987,33.47136044502258
0.752271,6.616214,3.266371,5.134235,5.389797,2.706424,33.52033829689026
0.702858,6.619796,3.24456,5.214578,5.301913,2.828615,33.574302673339844
0.842658,6.308123,3.211424,5.001648,5.243808,2.941243,33.63326644897461
0.851924,6.256618,3.146917,4.898166,5.272284,3.011806,33.68323802947998
0.840143,6.265333,3.098586,4.895833,5.270037,3.035336,33.73620653152466
0.923885,6.105935,3.047101,4.807401,5.332038,2.961941,33.79217481613159
0.935177,6.097976,3.095021,4.807401,5.332038,2.961941,33.84814453125
0.961958,6.033758,3.10335,4.671455,5.385783,2.961633,33.90211343765259
1.179539,5.901809,3.181998,4.581574,5.507874,2.902063,33.95808005332947
1.221768,5.903608,3.179214,4.524271,5.566471,2.896342,34.01204800605774
1.249475,5.879657,3.205023,4.512331,5.618095,2.797409,34.07201552391052
1.218212,5.885908,3.158407,4.46508,5.719527,2.625327,34.13398003578186
1.204905,5.935877,3.10413,4.368443,5.827456,2.568733,34.20193791389465
1.214524,5.96562,3.051754,4.328413,5.868506,2.564543,34.25790762901306
1.179547,5.954032,2.985067,4.306128,5.882504,2.608798,34.30787968635559
1.206033,5.951319,3.007411,4.264873,5.938291,2.647773,34.36086392402649
1.250406,5.931523,3.007891,4.201107,5.932157,2.675141,34.41681504249573
1.245485,5.935102,2.984166,4.180189,5.931256,2.676482,34.466787338256836
1.248879,5.953132,3.004629,4.22202,5.933058,2.6738,34.518758058547974
1.282037,5.962191,2.954415,4.222901,5.954489,2.670397,34.57172703742981
1.300236,5.94498,2.932664,4.264747,5.956287,2.667715,34.62669491767883
1.349392,5.921574,2.956817,4.30414,5.968955,2.731959,34.680665016174316
1.420074,5.960376,2.993512,4.366013,6.007129,2.768285,34.73263597488403
1.296774,5.974959,3.140049,5.112058,6.185874,2.583189,34.787601709365845
1.307184,6.027724,3.202694,5.438529,6.438124,2.411998,34.87994194030762
1.312165,6.023817,3.226871,5.399544,6.385946,2.695223,34.95094966888428
1.288094,6.065718,3.221895,5.495662,6.542156,2.66539,35.005916118621826
1.315674,6.041232,3.247915,5.522601,6.687781,2.990931,35.05988883972168
1.314192,6.062595,3.244737,5.630119,6.975111,2.940709,35.11385631561279
1.324832,6.011085,3.180362,5.805091,7.9229,2.905562,35.1698215007782
1.318077,5.938669,3.239555,5.749945,7.897298,2.985108,35.230788469314575
1.286907,5.98245,3.092111,5.695666,7.911376,2.938077,35.29275107383728
1.319431,5.954442,3.141864,5.657887,7.956917,2.933524,35.34572100639343
1.339139,5.976748,3.137264,5.600795,7.986586,2.908457,35.400705099105835
1.352617,6.024405,3.105427,5.541983,8.17572,2.811301,35.45665884017944
1.362252,6.016715,3.153486,5.579212,8.250395,2.725881,35.50563025474548
1.383414,6.017605,3.152093,5.634234,8.277434,2.647,35.558598041534424
1.383414,6.017605,3.152093,5.630671,8.376312,2.560968,35.61657905578613
1.416848,6.087864,3.11556,6.008546,8.521417,2.422047,35.67253255844116
1.421549,6.083878,3.139642,6.017733,8.539011,2.371955,35.72550177574158
1.448786,6.059281,3.165585,6.34319,8.616292,2.2943,35.77847647666931
1.439472,6.067173,3.117404,6.363882,8.651613,2.194862,35.83544087409973
1.419641,6.044743,3.122031,6.430963,8.653562,2.190681,35.890408515930176
1.419641,6.044743,3.122031,6.436244,8.662356,2.165925,35.94137930870056
1.439472,6.067173,3.117404,6.413845,8.661706,2.167318,35.99734687805176
1.403164,6.039959,3.147484,6.397241,8.551143,2.20859,36.056312799453735
1.384836,5.996173,3.155303,6.372146,8.525148,2.214092,36.11327838897705
1.405975,5.997064,3.15391,6.369194,8.47338,2.084601,36.17324423789978
1.396523,6.004669,3.105874,6.320932,8.40399,2.075431,36.23821020126343
1.386255,5.974776,3.158507,6.290848,8.369908,2.105305,36.29319500923157
1.361752,5.956233,3.139081,6.288118,8.344655,2.109425,36.3461480140686
1.343996,5.97299,3.161291,6.318172,8.378645,2.079571,36.400118589401245
1.343996,5.97299,3.161291,6.313237,8.370592,2.103923,36.456087827682495
1.285835,6.064888,3.103135,6.494135,8.664245,2.093313,36.50805854797363
1.291247,6.121764,3.141556,6.564581,8.691899,2.084951,36.56102442741394
1.317633,6.122278,3.379902,6.570963,8.70857,2.174017,36.61899137496948
1.341828,6.122084,3.500024,6.668705,8.703252,2.123125,36.67296004295349
1.294492,6.20486,3.490461,6.911114,8.64234,2.095767,36.723947525024414
1.317454,6.243569,3.507682,7.078519,8.486562,2.06489,36.77590298652649
1.333202,6.229748,3.582444,7.065709,8.469975,2.113854,36.83387303352356
1.213846,6.239333,3.514715,7.103524,8.182423,2.202327,36.89183807373047
1.20574,6.208184,3.568993,6.888804,8.324692,2.261485,36.94480776786804
1.183505,6.228449,3.56733,6.776031,8.470329,2.245397,37.001776456832886
1.189085,6.223844,3.59229,6.653306,8.326156,2.864783,37.054516553878784
1.18511,6.207338,3.5704,6.647,8.317152,2.890663,37.11048626899719
1.143836,6.205644,3.573214,6.609697,8.351444,2.984833,37.171451807022095
1.155181,6.196525,3.623152,6.462887,8.423454,3.032079,37.231415033340454
1.108305,6.199396,3.600979,6.333096,8.562835,3.019442,37.29238033294678
1.089381,6.177512,3.605436,6.099091,8.570237,3.057599,37.34135317802429
1.08358,6.182016,3.5805,6.070938,8.420824,3.032577,37.39333724975586
1.06634,6.139096,3.588013,5.977513,8.246101,3.015691,37.44729232788086
1.085264,6.160965,3.583556,5.932256,8.378269,2.425211,37.502259254455566
1.070484,6.155659,3.609888,5.929441,8.312183,2.412219,37.5522301197052
1.089381,6.177512,3.605436,6.075666,8.24279,2.414375,37.601202726364136
1.087699,6.19855,3.602387,6.136194,8.195642,2.418116,37.662169456481934
1.087699,6.19855,3.602387,6.18249,8.221591,2.411387,37.71114110946655
1.023383,6.158412,3.587777,6.179881,8.197017,2.415341,37.766409158706665
1.042296,6.180317,3.583315,6.310425,8.356823,2.359686,37.82549166679382
1.042296,6.180317,3.583315,6.305286,8.348456,2.384561,37.880462408065796
1.061236,6.202253,3.578847,6.341529,8.448736,2.227769,37.930431604385376
1.034686,6.205946,3.555349,6.42895,8.645254,2.077099,37.99142408370972
1.034686,6.205946,3.555349,6.508294,8.750337,2.056093,38.04839038848877
1.013974,6.205097,3.556758,6.518018,8.846018,1.926399,38.106356382369995
1.018168,6.221681,3.578602,6.479074,8.628015,1.917669,38.164326667785645
1.018168,6.221681,3.578602,6.509247,8.619421,1.872189,38.22228932380676
1.018168,6.221681,3.578602,6.572393,8.613109,1.892207,38.28025770187378
0.991495,6.22542,3.555094,6.610326,8.472504,2.093826,38.33083891868591
1.008049,6.20963,3.531891,6.60592,8.257574,2.242274,38.38781189918518
1.012228,6.226268,3.553683,6.508982,8.108656,2.340213,38.44377422332764
1.019909,6.200557,3.581665,6.511862,8.133135,2.336245,38.496745347976685
1.021648,6.179467,3.584724,6.51133,8.061648,2.416836,38.54871416091919
1.021648,6.179467,3.584724,6.589077,7.99185,2.423071,38.6026828289032
1.023383,6.158412,3.587777,6.65172,7.883589,2.482541,38.65665364265442
1.027587,6.174967,3.60966,6.773518,7.430878,2.591558,38.705623626708984
1.027587,6.174967,3.60966,6.773518,7.430878,2.591558,38.75959539413452
1.029318,6.153959,3.612703,6.722549,7.521,2.580708,38.81656050682068
1.023383,6.158412,3.587777,6.728547,7.527759,2.556092,38.87252879142761
1.07851,6.245375,3.571302,6.640649,7.664105,2.540276,38.92549753189087
1.061119,6.259268,3.496632,6.646472,7.671136,2.515629,38.97746992111206
1.076857,6.324209,3.485873,6.634017,7.74111,2.505567,39.03343749046326
1.280352,6.894471,3.240654,6.791862,7.656241,2.416975,39.08740520477295
1.399155,7.058088,3.208584,6.788804,7.632654,2.420811,39.144371032714844
1.434211,7.331168,2.591682,6.808984,7.679503,2.252216,39.20633578300476
1.544482,7.465149,2.44787,6.826622,7.699726,2.179989,39.266300201416016
1.599605,7.619467,2.235899,6.870074,7.701212,2.177281,39.32327699661255
1.713385,7.765165,2.069584,6.906524,7.69793,2.108051,39.376243352890015
1.732411,7.748422,1.868605,6.871441,7.685497,2.067069,39.428218126297
1.655599,7.72555,1.676765,6.879943,7.674369,2.023583,39.48118782043457
1.636138,7.590189,1.525108,6.887833,7.620904,1.964776,39.531160831451416
1.649465,7.561465,1.442658,6.862672,7.595907,1.970144,39.58313179016113
1.79668,7.592794,1.430022,6.831868,7.564692,1.99905,39.640103816986084
1.794445,7.64555,1.421403,6.823079,7.534362,2.026621,39.697073221206665
1.791258,7.651362,1.399068,6.811688,7.521893,2.073883,39.75104117393494
1.944858,7.818049,1.450082,6.795531,7.527366,2.051577,39.80700874328613
1.959765,7.787104,1.563181,6.7842,7.514877,2.09892,39.86297535896301
2.030613,7.868793,1.546115,6.781143,7.490984,2.102865,39.914944887161255
1.901886,7.970561,1.71228,6.77547,7.48477,2.126584,39.96891498565674
1.920133,8.130644,1.685275,6.797191,7.485537,2.125238,40.025911808013916
1.949877,8.112599,1.91045,6.797191,7.485537,2.125238,40.081881284713745
1.967707,8.127742,1.861986,6.81007,7.45632,2.151567,40.1378493309021
1.942458,8.15341,1.859206,6.77809,7.467132,2.106803,40.196812868118286
1.919238,8.12624,1.864836,6.772424,7.460962,2.130511,40.255778551101685
2.013287,8.208617,1.846494,6.766748,7.454783,2.154259,40.30575156211853
2.082518,8.317297,1.825247,6.761063,7.448593,2.178046,40.3597195148468
2.124632,8.360628,1.771041,6.785736,7.473075,2.172795,40.41169047355652
2.118068,8.402698,1.719773,6.785736,7.473075,2.172795,40.46365976333618
2.379922,8.561753,1.63541,6.766748,7.454783,2.154259,40.519628047943115
2.353488,8.541517,1.617823,6.764095,7.472309,2.174142,40.573596239089966
2.359442,8.603878,1.430441,6.755368,7.442392,2.201873,40.62956714630127
2.340598,8.588144,1.237739,6.78536,7.431831,2.156822,40.680537939071655
2.268554,8.342943,1.260379,6.770881,7.39594,2.208292,40.72951531410217
2.274714,8.021612,1.291813,6.795133,7.379228,2.187029,40.782482385635376
2.272337,8.028006,1.269405,6.783615,7.367086,2.234653,40.835453748703
2.326032,7.969157,1.297931,6.795133,7.379228,2.187029,40.8964159488678
2.327667,7.989789,1.315914,6.795133,7.379228,2.187029,40.95238375663757
2.284954,7.969076,1.386186,6.831336,7.415787,2.134314,41.04690456390381
2.309091,7.996723,1.380392,6.806613,7.391329,2.139566,41.09787678718567
2.333439,7.905451,1.611999,6.795133,7.379228,2.187029,41.15484428405762
1.781457,7.985307,2.076134,6.526121,7.505139,2.205037,41.2138090133667
1.522926,8.141704,2.577868,6.445496,7.483799,2.280945,41.274776458740234
1.525781,7.869045,4.251257,6.307439,7.441619,2.432525,41.33674335479736
1.300936,7.990092,4.383096,6.288698,7.464275,2.430092,41.38971161842346
1.142381,8.050966,4.331596,6.252171,7.403943,2.487601,41.44368267059326
1.066043,8.042605,4.177813,6.134117,7.452498,2.463913,41.49365282058716
1.025344,7.960162,4.165831,6.02955,7.472139,2.466952,41.544623613357544
1.043319,7.954623,4.059857,5.944144,7.509489,2.489216,41.597590923309326
1.025877,7.877848,3.967339,5.897285,7.541591,2.533296,41.65555739402771
0.981701,7.474509,3.873489,5.832986,7.466539,2.641784,41.7115273475647
1.1945,7.200144,3.721419,5.88179,7.259783,2.764281,41.76449799537659
1.153658,7.249721,3.540428,5.872972,7.247048,2.813785,41.816465854644775
1.178044,7.092438,3.314649,5.889705,7.155865,2.921172,41.873454093933105
1.194642,7.073125,3.390384,5.880659,7.143283,2.971113,41.924416303634644
1.194642,7.073125,3.390384,5.878413,7.121085,2.974614,41.977386236190796
1.200192,7.066666,3.415709,5.869414,7.070635,3.006597,42.0323543548584
1.228014,6.977565,3.427383,5.769531,7.088898,3.00994,42.09232044219971
1.234182,7.032073,3.468305,5.698133,7.120465,2.96192,42.15028667449951
1.177804,7.00095,3.501294,5.661143,7.132477,3.081723,42.211249351501465
1.172814,7.068089,3.491552,5.638708,7.147381,3.104866,42.27512884140015
1.145855,7.07385,3.467533,5.665279,7.176706,3.074802,42.32510042190552
1.138442,7.102937,3.438833,5.66735,7.161,3.053077,42.37906885147095
1.114766,7.063539,3.421465,5.695515,7.143191,3.126031,42.43254232406616
1.09513,7.040218,3.426186,5.712263,7.090516,3.253693,42.488510608673096
0.984659,7.081429,3.426827,5.743215,7.115801,3.320964,42.5414822101593
0.904128,6.949505,3.426927,5.798891,6.919205,3.371055,42.5924506187439
0.930487,6.947049,3.351795,5.848641,6.978414,3.213538,42.64642119407654
1.025776,6.90145,3.279431,5.846803,7.047828,3.011431,42.69938850402832
1.098287,6.90109,3.10534,5.808231,7.030352,2.992643,42.75336503982544
1.098287,6.90109,3.10534,5.80385,7.024285,3.01762,42.807328939437866
1.373493,6.769205,3.133126,5.609886,7.088986,2.995855,42.86334729194641
1.478135,6.756278,3.104792,5.438113,7.199878,2.96569,42.92031478881836
1.563189,6.782122,3.095747,5.417431,7.199119,2.967064,42.97428321838379
1.574616,6.816619,3.041837,5.40657,7.141702,3.02414,43.02925634384155
1.640955,6.796418,3.040989,5.404709,7.119475,3.027617,43.08522129058838
1.666872,6.791743,3.064097,5.353752,7.212814,2.992713,43.1381893157959
1.624881,6.76751,3.070318,5.246136,7.318183,2.911767,43.19715642929077
1.604543,6.744134,3.075115,5.264131,7.413504,2.801305,43.25848746299744
1.582941,6.743307,3.076531,5.308173,7.438042,2.794911,43.320454597473145
1.604543,6.744134,3.075115,5.362885,7.403765,2.844192,43.37242555618286
1.586814,6.675876,3.086638,5.384843,7.232941,2.916336,43.424391984939575
1.591233,6.670611,3.111143,5.400475,7.243269,2.961396,43.47436499595642
1.631733,6.717088,3.101604,5.398608,7.220796,2.96492,43.522846698760986
1.611468,6.693833,3.106377,5.393414,7.230224,3.011547,43.5748188495636
1.623385,6.700125,3.176841,5.388022,7.201358,3.040175,43.63078737258911
1.627795,6.694729,3.201528,5.401422,7.189097,3.089183,43.688756465911865
1.616636,6.660947,3.255723,5.418265,7.183325,3.113063,43.742722272872925
1.625589,6.650193,3.305352,5.421904,7.18985,3.087808,43.795695066452026
1.615518,6.677019,3.37505,5.5836,7.173693,3.080286,43.848663330078125
1.661652,6.755326,3.409395,5.646923,7.198123,3.072703,43.905630111694336
1.715195,6.934891,3.379059,5.675679,7.287917,3.057397,43.960598945617676
1.890678,6.967692,3.686158,5.671325,7.432039,3.156667,44.012566566467285
1.985849,7.22861,3.666693,5.715179,7.643338,3.098029,44.06804537773132
2.016621,7.311434,3.602144,5.799761,7.668957,3.088928,44.128400564193726
2.032691,7.341937,3.571493,5.779229,7.630285,3.071791,44.182368993759155
2.032691,7.341937,3.571493,5.785887,7.660684,3.04264,44.2443413734436
2.01957,7.326506,3.624881,6.097223,7.839381,2.972389,44.302308559417725
2.023411,7.237253,3.637836,6.259096,7.751706,2.832008,44.35327649116516
2.030743,7.30425,3.552146,6.483773,7.846224,2.131195,44.40624785423279
2.025946,7.334002,3.523008,6.479926,7.738121,2.103292,44.46122622489929
2.026901,7.311461,3.5263,6.503713,7.679282,2.066282,44.51718211174011
2.046965,7.334746,3.521571,6.541271,7.699657,1.993822,44.568382263183594
2.068899,7.312953,3.523429,6.533222,7.668787,2.021503,44.62290024757385
2.088003,7.27584,3.502786,6.519136,7.698902,1.995175,44.68186664581299
2.044089,7.236403,3.486512,6.462953,7.557889,1.998393,44.73283767700195
2.025916,7.168395,3.497795,6.471903,7.335877,1.96666,44.78580570220947
2.022113,7.175208,3.47216,6.486739,7.353119,1.896926,44.83877635002136
2.037507,7.227772,3.438524,6.518793,7.365363,1.849291,44.89474296569824
2.045023,7.213949,3.489802,6.518793,7.365363,1.849291,44.95270848274231
2.023063,7.235647,3.487945,6.552486,7.463123,1.831783,45.00667858123779
2.045053,7.296854,3.50236,6.570638,7.652755,1.822378,45.06464719772339
2.044115,7.319408,3.49906,6.651178,7.952509,1.769977,45.11361885070801
2.066999,7.27509,3.50422,6.74819,8.120228,1.693759,45.17158579826355
2.042214,7.281423,3.479916,6.747614,8.191901,1.616432,45.2335467338562
2.010683,7.279166,3.407723,6.760404,8.304564,1.488482,45.299508571624756
2.015445,7.249572,3.436643,6.76773,8.292824,1.446609,45.35148096084595
2.012607,7.233907,3.41438,6.805578,8.269514,1.362092,45.40544867515564
2.012607,7.233907,3.41438,6.841433,8.147389,1.358666,45.45841908454895
2.032814,7.257275,3.409621,6.948006,7.89417,1.394424,45.506391525268555
2.057683,7.251086,3.433778,7.03087,7.689125,1.444909,45.561360120773315
2.080649,7.29,3.451352,7.14156,7.53805,1.485081,45.61432886123657
2.117514,7.343935,3.416156,7.185377,7.389905,1.614001,45.664830684661865
2.113942,7.351092,3.390517,7.173504,7.378762,1.659527,45.72479701042175
2.134222,7.290689,3.373565,7.151493,7.295052,1.717442,45.775768518447876
2.095968,7.366851,3.095101,7.121643,7.267584,1.832135,45.83273410797119
2.077849,7.273308,3.110429,7.072147,7.385214,1.815971,45.88370370864868
2.046724,7.332818,2.886652,7.042445,7.356438,1.931918,45.935675621032715
2.074185,7.192929,2.906554,7.108053,7.358802,1.927923,45.990644693374634
2.096355,7.126303,2.726157,7.206592,7.25149,2.005745,46.04361176490784
2.806577,6.965742,2.709859,7.768914,6.389048,2.1115,46.098583698272705
2.93942,6.965037,2.725625,8.052606,6.356817,1.970584,46.15454888343811
2.971422,6.994726,2.883907,7.916063,6.162304,2.515475,46.21551322937012
3.034953,6.934429,2.865785,7.941091,6.069026,2.461431,46.28047513961792
3.076775,6.918908,2.842117,7.929555,5.994598,2.406992,46.332449436187744
3.122296,6.931985,2.884625,8.251996,6.000762,1.656155,46.38541555404663
3.143743,6.864777,2.893698,8.537,5.813996,0.904361,46.43838620185852
3.124747,6.852857,2.944,8.44656,5.562133,0.680882,46.49035573005676
3.019145,6.910859,2.965142,8.059284,5.029436,0.733178,46.546324014663696
2.996403,6.893128,2.945458,7.882366,5.193684,0.808386,46.59629464149475
2.993332,6.927134,2.893011,7.823219,5.51384,0.67946,46.64826512336731
3.013505,6.910851,2.870686,7.709821,5.797879,0.966113,46.704232931137085
2.971689,6.949087,2.890915,7.801024,5.983544,0.371414,46.75820183753967
2.968652,6.960521,2.84207,7.638379,5.909944,0.950526,46.810171127319336
2.969188,6.869321,2.85611,7.368375,5.826515,1.196758,46.866140365600586
2.947183,6.936853,2.846988,7.705794,6.215293,0.738379,46.925854206085205
2.968786,6.937664,2.845589,7.732528,6.240318,0.732856,46.97682785987854
2.928954,6.901977,2.900696,7.721009,6.234279,0.773534,47.032792806625366
2.882754,6.888803,2.858199,7.672406,6.230565,0.954055,47.08876180648804
2.908913,6.918215,2.923079,7.575896,6.244181,1.156945,47.139731645584106
2.954411,6.999154,2.955468,7.391043,6.252304,1.368815,47.201695919036865
2.94025,7.0818,3.063291,7.28148,6.349552,1.587056,47.26266098022461
2.920258,7.319614,3.076525,7.183485,6.450322,1.766285,47.32362651824951
2.81462,7.643216,3.106709,7.114347,6.676602,1.970788,47.37559700012207
1.355532,9.177765,1.299819,5.413593,8.83895,0.892548,49.34804821014404
1.381463,9.080064,1.117714,5.417757,8.895339,0.882939,49.403016567230225
