1.424189,8.635334,1.146313,5.325596,8.509576,0.847273,0.33641982078552246
0.417115,8.406406,3.490497,5.375415,7.821831,2.779671,0.7974069118499756
0.48655,8.316597,3.730605,5.361623,7.791149,2.880627,0.8489036560058594
-0.620419,8.027389,4.133422,5.315633,7.742961,2.890737,0.9742906093597412
-0.960756,7.801375,4.268425,5.317157,7.727174,2.869122,1.0267369747161865
-1.23927,7.555859,4.216035,5.328672,7.733659,2.772185,1.0818557739257812
-1.603209,7.566341,4.2386,5.310635,7.740362,2.748533,1.1373491287231445
-1.668247,7.279241,4.25795,5.292501,7.747051,2.724922,1.187687873840332
-1.914377,7.108425,4.246149,5.277446,7.761112,2.676432,1.2433135509490967
-1.359475,7.266705,2.905078,5.340287,7.756367,2.301523,1.74165940284729
-1.421173,7.30474,2.759257,5.340287,7.756367,2.301523,1.7921195030212402
-1.822045,8.076104,2.51818,5.345285,7.787675,2.273425,1.8462681770324707
-1.951629,8.16825,2.228429,5.345285,7.787675,2.273425,1.9019615650177002
-1.905042,8.162547,2.087713,5.318196,7.755624,2.302904,1.9960179328918457
-1.634803,7.9015,2.115186,5.320061,7.779945,2.298989,2.0467917919158936
-1.651568,7.842365,2.056879,5.340287,7.756367,2.301523,2.1001265048980713
-1.654135,7.749593,2.02641,5.340287,7.756367,2.301523,2.1558797359466553
-1.709863,7.727998,2.010129,5.340287,7.756367,2.301523,2.2098581790924072
-1.741713,7.660589,1.97739,5.338406,7.732091,2.305432,2.2622714042663574
-1.739167,7.747387,1.94051,5.322455,7.74512,2.258535,2.3205597400665283
-1.741713,7.660589,1.97739,5.327383,7.776413,2.230511,2.37837815284729
-1.745941,7.693474,2.040388,5.308883,7.824642,2.223982,2.4298343658447266
-1.775353,7.71907,2.037808,5.310748,7.849192,2.220018,2.483596086502075
-1.803547,7.791149,2.050443,5.310748,7.849192,2.220018,2.5396063327789307
-1.834888,7.730006,2.084847,5.270951,7.879408,2.194711,2.596715211868286
-1.824291,7.76383,2.05597,5.268008,7.872311,2.218813,2.6498074531555176
-1.775353,7.71907,2.037808,5.268008,7.872311,2.218813,2.702003002166748
-1.745941,7.693474,2.040388,5.276476,7.953593,2.182725,2.7539925575256348
-1.785373,7.719144,1.947541,5.276476,7.953593,2.182725,2.8072028160095215
-1.789724,7.745751,1.943441,5.234514,7.959363,2.161394,2.8616178035736084
-1.828181,7.825051,1.932567,5.191356,7.982772,2.160146,2.9157402515411377
-2.151738,7.540971,2.018496,5.168862,7.982044,2.161533,2.969818115234375
-2.37956,7.401534,2.053195,5.146363,7.981315,2.162919,3.026031970977783
-2.38564,7.381271,2.03415,5.129033,8.055475,2.152216,3.0818567276000977
-2.330558,7.442,1.998741,5.106465,8.054753,2.153606,3.134700059890747
-2.35579,7.441147,2.000207,5.103837,8.047332,2.177759,3.1872124671936035
-2.316056,7.44874,1.974294,5.105545,8.072334,2.173728,3.241568088531494
-2.350966,7.414943,2.004221,5.121967,8.015712,2.204573,3.2933082580566406
-2.387034,7.419923,1.982715,5.103837,8.047332,2.177759,3.3437676429748535
-2.356944,7.394574,1.98527,5.103837,8.047332,2.177759,3.3987324237823486
-2.366607,7.447032,1.977223,5.103837,8.047332,2.177759,3.453394889831543
-2.195129,7.393932,1.99945,5.082995,8.071615,2.175119,3.5074100494384766
-2.083174,7.476741,1.980076,5.101204,8.039899,2.201952,3.5660364627838135
-2.025908,7.545166,2.011165,5.102908,8.064852,2.197933,3.6194663047790527
-1.986658,7.678846,2.078386,5.101204,8.039899,2.201952,3.6713736057281494
-1.983512,7.730913,2.161464,5.095926,8.024996,2.250455,3.725459575653076
-1.888289,7.670882,2.374311,5.093281,8.017526,2.274766,3.7791476249694824
-1.49992,7.11836,3.105422,5.057843,7.979277,2.398311,3.8293612003326416
-1.386216,7.266612,3.075858,5.037329,8.003122,2.395789,3.882948398590088
-1.122581,7.376615,3.588426,5.034441,8.053803,2.457918,3.9347641468048096
0.767299,8.402215,3.443544,5.592069,7.796895,2.723012,6.334243059158325
0.764736,8.362843,3.424183,5.633396,7.893525,2.77697,6.387620687484741
0.783967,8.26007,3.387705,5.602536,7.932031,2.868552,6.442642688751221
0.8395,8.2563,3.334413,5.617727,7.940156,2.914436,6.496525049209595
0.852921,8.226375,3.287876,5.569791,7.984697,2.983073,6.552218198776245
0.901117,8.114436,3.276697,5.548891,8.022664,3.002887,6.6127612590789795
0.862794,8.189904,2.704319,5.517925,7.943342,3.040999,6.662875652313232
1.150224,7.668424,2.625803,5.513921,7.896727,3.048246,6.717031955718994
1.478904,7.55637,2.624333,5.504055,7.819081,3.084807,6.7813942432403564
1.478904,7.55637,2.624333,5.504055,7.819081,3.084807,6.832566261291504
1.817395,7.641439,2.591543,5.54822,7.614891,3.112675,6.88420295715332
1.84009,7.599598,2.738549,5.583754,7.682454,2.883605,6.936343431472778
1.874049,7.622097,2.662002,5.725911,7.535607,2.544275,6.994087219238281
1.866679,7.636025,2.613078,5.809047,7.474909,2.525605,7.049539566040039
1.936956,7.589441,2.616275,5.841169,7.439925,2.575523,7.102558374404907
1.984298,7.542276,2.620888,5.858206,7.434112,2.598666,7.157256126403809
2.079639,7.334645,2.624287,5.698731,7.544784,2.590992,7.2131757736206055
2.137231,7.310916,2.718639,5.702681,7.551585,2.566417,7.267235040664673
2.089358,7.315678,2.697126,5.733854,7.549059,2.495356,7.316983222961426
2.108517,7.322802,2.671386,5.739578,7.5388,2.450405,7.372513771057129
2.108517,7.322802,2.671386,5.71925,7.480265,2.414654,7.426209449768066
2.108517,7.322802,2.671386,5.70096,7.445084,2.37533,7.478480339050293
2.133228,7.341109,2.690625,5.695315,7.410733,2.244405,7.540637493133545
2.133228,7.341109,2.690625,5.712257,7.322609,2.234697,7.596341133117676
2.157242,7.294245,2.696515,5.68613,7.274526,2.243749,7.647064924240112
2.114923,7.310126,2.720061,5.67489,7.115779,2.246852,7.6988139152526855
2.155596,7.341898,2.689203,5.734529,6.989204,2.218549,7.751236200332642
2.158713,7.335504,2.713571,5.738253,6.994474,2.195112,7.802634954452515
2.158713,7.335504,2.713571,5.764772,6.852155,2.23852,7.854851961135864
2.164963,7.322687,2.762423,5.760991,6.847137,2.261927,7.909135818481445
2.168095,7.316262,2.786907,5.755041,6.819215,2.289107,7.995781660079956
2.058017,7.288671,2.797632,6.202181,6.433244,2.324768,8.04883885383606
1.9564,7.376928,2.885214,6.28599,6.396578,2.303542,8.103262186050415
1.901105,7.593836,2.999568,6.323856,6.432166,2.229168,8.157521963119507
1.770535,7.718481,3.183719,6.300625,6.487857,2.155315,8.211531400680542
1.648295,7.848506,3.270441,6.274231,6.521448,2.085418,8.2644784450531
1.538723,7.939419,3.539501,6.281696,6.650147,1.868211,8.32052755355835
1.446787,8.031184,3.531752,6.271973,6.723476,1.835272,8.376453161239624
1.350223,8.108993,3.50099,6.298389,6.728805,1.811396,8.428888082504272
1.337221,8.051505,3.535704,6.299175,6.77109,1.826127,8.482424259185791
1.337221,8.051505,3.535704,6.277168,6.770232,1.827446,8.540164709091187
1.261371,7.968711,3.578188,6.335458,6.828104,1.771789,8.597126483917236
1.278,8.040365,3.566532,6.364771,6.857207,1.743975,8.648594617843628
1.282054,8.054943,3.589581,6.379208,6.914042,1.691011,8.699991941452026
1.264596,8.068754,3.61417,6.406031,6.919613,1.667247,8.749163389205933
1.305176,8.003724,3.800912,6.378582,6.891182,1.802481,8.80060625076294
1.250299,8.029412,3.852532,6.296949,6.892997,1.893447,8.85987401008606
1.190374,7.980964,3.863505,6.295972,7.081235,1.863252,8.91075348854065
1.172749,7.93401,3.871495,6.220331,7.171208,1.962628,8.96216106414795
1.151685,7.933331,3.872971,5.906874,7.568806,1.916302,9.015259504318237
1.157665,7.872685,3.985502,5.833459,7.639337,1.998081,9.066343784332275
1.13858,7.849194,3.990163,5.893188,7.671172,2.056864,9.1207275390625
1.144972,7.839995,4.017209,5.933574,7.666165,2.077857,9.175598859786987
1.104891,7.866865,3.937675,5.977953,7.667682,2.075133,9.228394746780396
1.132199,7.858378,3.96316,5.998343,7.686245,2.093541,9.282498598098755
1.146724,7.81728,4.020376,6.000779,7.710629,2.08955,9.33446478843689
1.125963,7.816598,4.021849,6.066622,7.745188,1.968324,9.388306379318237
1.111699,7.806762,4.050396,6.184739,7.737422,1.918488,9.441208600997925
1.082621,7.837953,4.021629,6.361118,7.811907,1.830414,9.493139028549194
1.044715,7.791182,4.030899,6.56625,7.695476,1.749899,9.54985237121582
1.017255,7.799576,4.005355,6.578328,7.689347,1.684693,9.607029438018799
0.984862,7.79418,3.956114,6.566642,7.638297,1.606714,9.659710884094238
1.012437,7.785876,3.981559,6.594808,7.629828,1.456048,9.715007543563843
0.992467,7.81281,3.900932,6.623649,7.664862,1.321165,9.766265869140625
0.969552,7.835059,3.89919,6.59012,7.635351,1.243344,9.818923234939575
0.912295,7.764279,3.91324,6.471306,7.475289,1.192022,9.870373487472534
0.874648,7.744079,3.841016,6.416181,7.39768,1.207665,9.922484874725342
0.851532,7.76634,3.839261,6.418988,7.422959,1.203334,9.976515769958496
0.793707,7.83245,3.70474,6.395673,7.422133,1.204648,10.028511762619019
0.819187,7.786619,3.709855,6.416181,7.39768,1.207665,10.082086324691772
0.760477,7.825773,3.656727,6.418988,7.422959,1.203334,10.13276195526123
0.727771,7.880669,3.625195,6.449496,7.454412,1.175722,10.187322854995728
0.758393,7.849176,3.653403,6.461194,7.419338,1.222691,10.241097450256348
0.731538,7.807058,3.712468,6.488596,7.490701,1.230423,10.293769359588623
0.705152,7.791705,3.690833,6.508611,7.531261,1.264675,10.346948862075806
0.647882,7.807461,3.64111,6.611688,7.655936,1.259895,10.400467157363892
0.638532,7.839509,3.611494,6.781968,7.757861,1.255468,10.453239679336548
0.561784,7.893216,3.582968,7.034259,7.740924,1.245325,10.508062839508057
0.525726,7.883096,3.612206,7.023414,7.729133,1.29001,10.566259622573853
0.447827,7.87471,3.567519,7.010392,7.736721,1.352988,10.621745109558105
0.445993,7.809657,3.628149,6.962324,7.686782,1.448886,10.670658588409424
0.363512,7.910583,3.59296,6.972924,7.738714,1.525688,10.72467041015625
0.198351,8.09174,3.525608,7.009026,7.815625,1.597729,10.778650283813477
0.222789,8.06428,3.60462,6.940068,7.738513,1.876659,10.83069396018982
-0.698327,8.393737,3.511655,6.402854,8.039638,1.94759,10.920017957687378
-0.891804,8.422415,3.240492,6.183492,7.951474,2.154358,10.9704430103302
-0.857909,8.347221,3.249779,5.984096,7.944947,2.166712,11.022776126861572
-0.909286,8.174106,3.12942,5.836467,7.894427,2.251504,11.078669309616089
-0.953511,8.01488,3.032939,5.842879,7.766444,2.294053,11.133435487747192
-0.977426,7.879517,2.932898,5.848166,7.557596,2.303579,11.189377546310425
-1.046612,7.971727,2.561959,5.890922,7.489549,2.130668,11.245216608047485
-0.916863,7.965542,2.508193,5.825439,7.5291,2.15061,11.297037601470947
-0.83301,7.887474,2.445082,5.813053,7.468529,2.206011,11.3524169921875
-0.658531,7.863611,2.368842,5.785001,7.437652,2.235086,11.405384302139282
-0.002522,7.604486,2.280898,5.652152,7.450609,2.263262,11.457000255584717
0.052747,7.530715,2.197802,5.648495,7.444339,2.287179,11.510330438613892
0.087328,7.429766,2.120984,5.626654,7.443567,2.288544,11.570486783981323
0.07279,7.396712,2.05918,5.624556,7.419793,2.292395,11.628901481628418
0.012476,7.336003,2.004659,5.626654,7.443567,2.288544,11.681235074996948
-0.040083,7.314511,1.988491,5.626654,7.443567,2.288544,11.73317575454712
-0.040083,7.314511,1.988491,5.623031,7.437288,2.312501,11.785501956939697
-0.086887,7.126104,1.954495,5.644266,7.396834,2.294876,11.838795185089111
-0.132699,7.0991,1.961303,5.648495,7.444339,2.287179,11.889060497283936
-0.054303,7.114277,1.799637,5.655804,7.456868,2.239385,11.941291570663452
0.051666,7.041526,1.806076,5.657933,7.480773,2.235503,11.992697954177856
0.096843,7.04349,1.693916,5.64172,7.510289,2.209118,12.046722650527954
0.12146,7.044383,1.69251,5.639601,7.486296,2.213018,12.101186513900757
0.096843,7.04349,1.693916,5.635992,7.480001,2.236868,12.151808500289917
0.102962,7.038578,1.716238,5.627229,7.484864,2.304802,12.206773519515991
0.102962,7.038578,1.716238,5.625128,7.461056,2.308655,12.260100364685059
0.106521,7.059122,1.734538,5.623031,7.437288,2.312501,12.314970970153809
0.202759,7.251869,1.763769,5.587091,7.4897,2.283556,12.369572639465332
0.190025,7.357662,1.835515,5.581477,7.459517,2.311388,12.421194791793823
0.140117,7.520414,1.967993,5.583541,7.483329,2.307537,12.475300312042236
0.089144,7.590146,2.072378,5.581477,7.459517,2.311388,12.528648376464844
0.062101,7.614486,2.161007,5.585021,7.465842,2.287419,12.58958888053894
0.068851,7.608065,2.184535,5.587091,7.4897,2.283556,12.641417503356934
0.056768,7.665831,2.153065,5.565198,7.488932,2.284923,12.693228721618652
0.055526,7.737945,2.073124,5.5433,7.488163,2.286291,12.7466459274292
0.083032,7.948592,2.037749,5.500098,7.528019,2.305295,12.798598527908325
0.072306,8.054234,2.021333,5.480174,7.551198,2.302798,12.879325866699219
0.078991,8.04705,2.044958,5.480174,7.551198,2.302798,12.92911171913147
0.073612,8.100053,2.036732,5.458243,7.550436,2.30417,12.981729507446289
0.00677,8.093669,1.972949,5.461558,7.556943,2.280151,13.033850193023682
-0.012454,8.117636,1.811734,5.43958,7.55618,2.281522,13.088762998580933
-0.070337,8.076214,1.77661,5.420824,7.561912,2.258913,13.144456386566162
-0.128355,8.034524,1.741687,5.378664,7.584472,2.257763,13.195065259933472
-0.271761,7.568757,1.75854,5.382483,7.63277,2.249955,13.251147747039795
-0.273742,7.475488,1.729684,5.343238,7.662139,2.224801,13.30697751045227
-0.287457,7.48696,1.684416,5.338288,7.631255,2.252704,13.36156415939331
-0.283561,7.507492,1.70287,5.318041,7.654713,2.250168,13.4193274974823
-0.276691,7.501706,1.725534,5.318041,7.654713,2.250168,13.473457336425781
-0.308561,7.506647,1.704297,5.322939,7.685688,2.222246,13.529799938201904
-0.276691,7.501706,1.725534,5.299602,7.702518,2.243703,13.590119123458862
-0.204748,7.530493,1.717093,5.294756,7.67149,2.27167,13.644293546676636
-0.109613,7.633266,1.717417,5.267866,7.639832,2.301025,13.697268724441528
-0.18842,7.610371,1.70314,5.245809,7.639076,2.302402,13.747682809829712
-0.154672,7.580361,1.817196,5.245809,7.639076,2.302402,13.797843217849731
-0.170633,7.503616,2.009797,5.222645,7.655745,2.324013,13.853296518325806
0.073035,7.292641,2.817833,5.208156,7.62184,2.445232,13.906204462051392
0.207319,7.239477,3.277938,5.232933,7.629393,2.419527,13.995820999145508
-0.039848,7.852201,3.200004,5.22407,7.510139,2.438623,14.047723293304443
-0.021088,7.939105,3.360123,5.227606,7.557721,2.431004,14.106863737106323
0.051514,8.018012,3.469724,5.164952,7.562098,2.410893,14.159199714660645
0.115697,8.103949,3.554475,5.05457,7.57553,2.438231,14.213417291641235
0.234853,8.224096,3.605796,4.920727,7.622311,2.508206,14.265183210372925
0.322989,8.283739,3.694263,4.822966,7.625161,2.653689,14.319416284561157
0.578287,8.356898,3.310451,4.774767,8.0001,3.250545,14.94090223312378
0.712018,8.114755,3.338441,4.88663,7.796305,3.273796,14.992090463638306
0.769622,8.0859,3.289124,4.881104,7.742448,3.306827,15.047911167144775
0.744957,8.045263,3.2718,4.922297,7.743841,3.304016,15.105154275894165
0.711375,7.986708,3.307641,4.961953,7.72247,3.304682,15.158747673034668
0.695612,7.913614,3.319605,5.027662,7.680153,3.233028,15.214429140090942
0.655668,7.864133,3.329516,5.133261,7.577841,3.144032,15.269590854644775
0.642611,7.831195,3.360252,5.216603,7.412686,3.04278,15.321931838989258
0.624953,7.782772,3.368617,5.27993,7.447007,2.677552,15.37471866607666
0.570435,7.725007,3.405681,5.276781,7.440328,2.70222,15.425935745239258
0.501977,7.683469,3.391154,5.301694,7.487588,2.693476,15.480955123901367
0.397005,7.545904,3.468363,5.222901,7.538141,2.666905,15.536618947982788
0.403972,7.561974,3.415474,5.222901,7.538141,2.666905,15.593677759170532
0.452739,7.579227,3.434857,5.262156,7.492865,2.671547,15.650914192199707
0.49644,7.580705,3.431918,5.285331,7.516977,2.666464,15.705289125442505
0.474823,7.603815,3.35493,5.282169,7.510154,2.691168,15.755359411239624
0.543035,7.582459,3.353934,5.194206,7.540057,2.738888,15.805977821350098
0.543035,7.582459,3.353934,5.148467,7.434543,3.116082,15.858901023864746
0.573099,7.59919,3.299899,5.011711,7.655254,3.38569,15.912447452545166
0.551046,7.598446,3.301366,5.167561,8.116982,3.307474,15.96627402305603
0.583653,7.591387,3.250949,5.178194,8.09038,3.385493,16.021336793899536
0.607964,7.56843,3.252937,5.173064,8.021255,3.396003,16.07358717918396
0.667611,7.578155,3.223159,5.17641,8.030194,3.369519,16.128525495529175
0.702912,7.563934,3.272507,5.178037,8.016045,3.346596,16.179528951644897
0.751403,7.58151,3.291614,5.160741,8.024231,3.321626,16.232247352600098
0.828108,7.592101,3.334885,5.199677,8.092345,3.185369,16.287163734436035
0.934284,7.572073,3.405988,5.225269,8.048882,3.116574,16.340636491775513
0.962191,7.565123,3.430258,5.27714,8.037364,3.017493,16.39327335357666
0.981999,7.589186,3.42542,5.327567,8.001273,2.922982,16.44990849494934
1.100426,7.600579,3.466365,5.411905,7.669252,2.919999,16.505722999572754
1.071086,7.631016,3.438609,5.420958,7.70743,2.865822,16.561434030532837
1.079148,7.670956,3.382154,5.420958,7.70743,2.865822,16.617351055145264
1.110289,7.616947,3.413267,5.438457,7.700658,2.889683,16.66863775253296
1.115127,7.703891,3.350054,5.430991,7.646825,2.922233,16.720362424850464
1.133473,7.7519,3.341709,5.453915,7.670689,2.917219,16.774653673171997
1.12772,7.759947,3.315968,5.464874,7.693011,2.841499,16.8265278339386
1.236165,7.884238,3.21614,5.514577,7.709272,2.788454,16.88111424446106
1.278746,7.909738,3.209675,5.535783,7.709993,2.787066,16.936511039733887
1.328227,7.902877,3.232427,5.560787,7.718107,2.760608,16.988137006759644
1.350281,7.903589,3.230962,5.560787,7.718107,2.760608,17.042040824890137
1.353397,7.855615,3.238002,5.55875,7.694672,2.76431,17.095843076705933
1.326646,7.926929,3.228899,5.531756,7.663258,2.794437,17.152236461639404
1.341906,7.838504,3.290904,5.518477,7.618145,2.873468,17.207553148269653
1.356202,7.837511,3.364914,5.53368,7.588508,2.900907,17.257513284683228
1.392255,7.83682,3.437897,5.54691,7.574709,2.950029,17.306227922439575
1.51176,7.826983,3.608584,5.642911,7.525346,2.975587,17.36399269104004
1.466097,7.836545,3.712103,6.097782,7.236779,3.039111,17.418174028396606
1.435248,7.864008,3.890433,6.174178,7.195475,3.040633,17.470367908477783
1.425565,7.992922,4.081506,6.265402,7.111115,3.047731,17.52436089515686
1.377373,8.034075,4.264474,6.343953,7.054624,3.027567,17.58468794822693
1.282252,8.04623,4.403374,6.431066,6.986917,3.056251,17.640130043029785
0.307321,7.984328,4.670034,8.436716,7.905872,1.701771,19.92704725265503
0.257388,7.894196,4.686105,8.277578,7.999193,1.695554,19.98113179206848
0.160484,7.890227,4.638616,8.099745,8.000046,1.926004,20.03709316253662
0.145675,7.845511,4.645907,7.986334,7.97191,1.936817,20.08636474609375
0.060629,7.929251,4.530975,7.826913,7.901565,2.091333,20.1432204246521
0.024112,7.947427,4.422573,7.68471,7.845557,2.198665,20.19633674621582
-0.240862,7.939535,4.200485,7.528771,7.657913,2.535049,20.25061845779419
-0.44911,7.850738,4.200577,7.447487,7.618517,2.5924,20.302778482437134
-0.618704,7.708062,4.232413,7.318757,7.630245,2.621601,20.357305765151978
-0.843678,7.596388,4.236938,7.131533,7.584512,2.616468,20.414247751235962
-1.533594,7.186726,4.288873,6.248974,7.347405,2.705483,20.469081163406372
-1.543756,7.113859,4.24732,6.044576,7.385654,2.711816,20.522865295410156
-1.642175,7.111661,4.175293,5.911847,7.351678,2.748412,20.587388515472412
-1.699136,6.999095,4.117051,5.844774,7.381919,2.794882,20.641144037246704
-1.76066,6.848335,4.039358,5.75052,7.342843,2.85378,20.691174507141113
-1.931254,6.873582,3.58831,5.694032,7.331035,2.811714,20.745140552520752
-1.723362,6.64963,3.534519,5.65623,7.110392,2.824145,20.796703100204468
-1.577635,6.453143,3.555345,5.59844,6.930326,2.855146,20.877344846725464
-1.658351,6.488454,3.382342,5.617538,6.958714,2.7327,20.928495407104492
-1.536055,6.425539,3.384599,5.565818,6.845571,2.753176,20.981682538986206
-1.564798,6.449002,3.164108,5.572566,6.777877,2.670471,21.034377098083496
-1.581643,6.424957,2.953585,5.619416,6.728095,2.60635,21.08955717086792
-1.56799,6.365729,2.914702,5.57912,6.70919,2.588685,21.144973039627075
-1.657293,6.12669,2.863162,5.616658,6.626803,2.576425,21.200403213500977
-1.720291,6.076192,2.75798,5.64131,6.632445,2.551274,21.253323793411255
-1.75105,6.053062,2.624633,5.645009,6.637247,2.527507,21.302937984466553
-1.761262,6.053108,2.487855,5.688737,6.621418,2.504698,21.35858964920044
-1.765486,5.997851,2.406207,5.709773,6.622254,2.503358,21.412919998168945
-1.810611,5.960055,2.347069,5.72869,6.600838,2.505615,21.467233896255493
-1.798451,5.920653,2.307896,5.7497,6.601675,2.504275,21.52380871772766
-1.879101,5.857128,2.100227,5.747572,6.579461,2.507868,21.585607767105103
-1.828433,5.776959,2.022959,5.764644,6.575631,2.530222,21.64287543296814
-1.694403,5.59894,2.001822,5.777332,6.527649,2.559742,21.690860748291016
-1.68167,5.513467,1.950228,5.735921,6.565432,2.579066,21.748637437820435
-1.690646,5.515757,1.928691,5.735921,6.565432,2.579066,21.800711393356323
-1.767904,5.491417,1.915041,5.715047,6.564595,2.580405,21.856176614761353
-1.758826,5.489174,1.936537,5.711191,6.559904,2.604219,21.909373998641968
-1.738774,5.513647,1.93147,5.712954,6.542545,2.583958,21.995801210403442
-1.638086,5.636532,1.906025,5.694169,6.563759,2.581745,22.047901391983032
-1.733674,5.677127,1.925769,5.683271,6.63411,2.548589,22.09844160079956
-1.829336,5.717758,1.945587,5.649111,6.681859,2.52031,22.15049386024475
-1.838968,5.735083,1.98673,5.611032,6.724963,2.51578,22.20915722846985
-1.876628,5.774913,2.025767,5.593518,6.729102,2.493354,22.260881662368774
-1.890996,5.755111,2.161689,5.577917,6.755759,2.467328,22.315009593963623
-1.600223,5.641705,3.029922,5.572369,6.728274,2.4947,22.3693208694458
-1.589326,5.658068,3.216061,5.548139,6.762344,2.536418,22.421493530273438
-1.563597,5.609256,3.413985,5.535565,6.72481,2.611743,22.47383999824524
-1.476982,5.658696,3.5225,5.532021,6.719761,2.635729,22.527091026306152
-1.250068,5.891032,3.546695,5.290624,6.804454,2.613641,22.589308738708496
-1.122096,5.956468,3.553501,5.295468,6.832177,2.586044,22.64724087715149
-1.039431,6.050606,3.509666,5.298535,6.837421,2.562079,22.701650381088257
-1.036175,6.149872,3.543511,5.403978,6.801587,2.538636,22.756141662597656
-0.879703,6.083604,3.917468,5.397459,6.791278,2.586477,22.808253288269043
-0.855582,6.305998,4.035358,5.479723,6.702924,2.71063,22.860151767730713
-0.855582,6.305998,4.035358,5.479723,6.702924,2.71063,22.90790843963623
-0.500493,6.740002,3.897592,5.148343,6.676822,2.897414,22.961668014526367
-0.365713,6.832742,3.87529,5.049877,6.738518,2.893858,23.0110867023468
-0.261275,6.907643,3.755981,4.999075,6.699147,2.973587,23.062028884887695
-0.011921,7.021481,3.748619,5.015783,6.711103,3.01807,23.115466356277466
0.214058,7.157086,3.739535,5.007359,6.657161,3.074248,23.169344902038574
0.375567,7.170686,3.778053,5.021937,6.609689,3.104345,23.223241806030273
0.559775,7.222034,3.835188,4.951526,6.477105,3.344517,23.27803659439087
0.737289,7.257762,3.869695,4.864568,6.458625,3.425427,23.32867407798767
0.827836,7.276315,3.809968,4.821318,6.431197,3.456561,23.3851797580719
0.821021,7.283718,3.783806,4.813791,6.379892,3.513442,23.438596487045288
0.84397,7.262114,3.785516,4.757631,6.418659,3.511236,23.491498470306396
1.02335,7.380865,3.756519,4.75635,6.398057,3.514377,23.553303480148315
1.063571,7.404856,3.750405,4.757372,6.382467,3.492213,23.61113953590393
1.069812,7.397171,3.776634,4.758655,6.403082,3.489066,23.66046166419983
1.082326,7.381766,3.829216,4.75635,6.398057,3.514377,23.71052646636963
1.094879,7.366311,3.881966,4.75404,6.393023,3.539731,23.76644515991211
1.117385,7.344796,3.883651,4.733476,6.407693,3.56337,23.817124605178833
1.111159,7.352475,3.857267,4.742545,6.427993,3.461995,23.86745810508728
1.212403,7.332316,3.930736,4.774032,6.490821,3.353526,23.92324423789978
1.212403,7.332316,3.930736,4.793931,6.491624,3.352166,23.97850465774536
1.218456,7.324596,3.957249,4.843372,6.513639,3.249366,24.03330087661743
1.215142,7.368781,3.951031,4.824662,6.533996,3.247456,24.085625171661377
1.234107,7.391652,3.946461,4.882085,6.494127,3.249913,24.140989065170288
1.250102,7.446972,3.834429,4.919294,6.453601,3.253717,24.199244499206543
1.291169,7.46047,3.932709,5.026193,6.381029,3.330133,24.25154185295105
1.325136,7.492304,3.900052,5.065775,6.38265,3.327429,24.30547785758972
1.310246,7.483477,3.928111,5.064244,6.36188,3.330638,24.36078929901123
1.311005,7.471577,3.826882,5.108177,6.352274,3.28128,24.417912244796753
1.327721,7.457761,3.802215,5.115692,6.382662,3.228339,24.47125506401062
1.35576,7.428197,3.830336,5.095758,6.381845,3.22969,24.524771690368652
1.341408,7.488909,3.771197,5.077367,6.401981,3.227788,24.585487842559814
1.331842,7.472298,3.825427,5.05609,6.417288,3.250739,24.64302396774292
1.299538,7.487463,3.774108,5.021992,6.462606,3.222059,24.694422960281372
1.281809,7.441687,3.781974,4.950081,6.456205,3.347736,24.749184370040894
1.204111,7.430955,3.814133,4.78925,6.481371,3.402463,24.801963090896606
1.204111,7.430955,3.814133,4.676438,6.581386,3.394594,24.87639570236206
1.19218,7.446589,3.761497,4.67223,6.570642,3.445177,24.926867961883545
1.190497,7.469158,3.758286,4.673455,6.591613,3.441976,24.983697414398193
1.190497,7.469158,3.758286,4.693297,6.592403,3.44061,25.035979747772217
1.206754,7.467967,3.834162,4.708058,6.633933,3.531478,25.0898334980011
1.172118,7.505715,3.77964,4.71969,6.597099,3.610112,25.14621591567993
1.177212,7.438051,3.78925,4.453781,6.890406,3.708459,25.202108144760132
1.150218,7.445132,3.76441,4.451431,6.983513,3.820789,25.255181074142456
1.171201,7.44586,3.762953,4.449309,7.025797,3.890842,25.305635929107666
1.150218,7.445132,3.76441,4.503728,7.014027,3.93987,25.3650484085083
1.123128,7.452199,3.739612,4.541451,7.029273,3.960692,25.42113947868347
1.089811,7.467022,3.688686,4.520217,7.021488,3.988798,25.48572325706482
1.085461,7.452024,3.66581,4.499908,7.000022,3.993241,25.574156045913696
1.05389,7.314809,3.688115,4.50616,7.090414,3.954225,25.641392946243286
1.008333,7.215415,3.655187,4.525483,7.091134,3.952837,25.6934232711792
0.995887,7.229555,3.60352,4.523513,7.083916,3.979593,25.74501895904541
0.960225,7.077887,3.603239,4.580173,7.065232,3.978507,25.800748109817505
0.947719,7.091224,3.55199,4.586487,7.0867,3.898407,25.85222029685974
1.116574,6.97219,3.60914,4.608981,7.080613,3.84698,25.904288291931152
1.200548,6.975306,3.603391,4.668572,7.103848,3.839687,25.956726789474487
1.190806,6.965946,3.555473,4.697301,7.132945,3.732499,26.010972499847412
1.234532,6.945349,3.55581,4.699815,7.175575,3.726118,26.064443588256836
1.271115,6.953224,3.527461,4.686924,7.196309,3.648559,26.116891384124756
1.313255,6.954792,3.524594,4.671795,7.2459,3.617229,26.174691200256348
1.309424,6.938872,3.502385,4.676506,7.296554,3.584483,26.226744651794434
1.288326,6.938086,3.503818,4.677468,7.282075,3.561583,26.283042907714844
1.297153,6.97366,3.448397,4.718926,7.369817,3.323223,26.338204622268677
1.277514,6.950551,3.453085,4.721662,7.324261,3.256392,26.39109969139099
1.288024,6.963768,3.401081,4.769552,7.346704,3.176997,26.444194793701172
1.265155,6.9854,3.399237,4.834472,7.302174,3.107052,26.49225616455078
1.348839,7.011009,3.390216,5.087677,6.959199,3.047373,26.5473370552063
1.386343,7.018886,3.3621,5.140567,6.984426,2.94522,26.606635332107544
1.445407,7.027545,3.332593,5.21014,6.982097,2.870513,26.658892393112183
1.501224,7.165946,3.308274,5.413891,6.906702,2.846332,26.712355375289917
1.577067,7.193758,3.373281,5.663764,6.821997,2.774279,26.7658052444458
1.668084,7.063809,3.863475,5.702486,6.875463,2.532751,26.81823754310608
1.687194,6.951632,4.503409,6.018178,6.807955,2.479355,26.87072467803955
1.470468,7.577289,4.429826,6.51681,6.782703,2.454543,26.921905994415283
1.450747,7.614631,4.916165,6.712994,6.698024,2.36617,26.98325490951538
1.379564,7.802252,4.895479,7.052543,6.600927,2.362005,27.035812616348267
1.158297,7.790294,5.193391,8.163272,5.485044,1.912597,27.501813888549805
1.091087,7.77679,5.228478,8.173903,5.4284,1.858066,27.601449966430664
0.991041,7.763876,5.2092,8.309649,5.348869,1.350662,27.760733127593994
0.982833,7.774793,5.180017,8.316674,5.350725,1.329917,27.81926155090332
0.848277,7.718722,5.169165,8.376701,5.282552,1.119726,27.869643211364746
0.814119,7.761356,5.053279,8.335324,5.272368,1.242199,27.921802282333374
0.771456,7.728523,5.032823,8.388993,5.243424,1.06682,27.996283054351807
0.584315,7.680047,5.052924,8.471555,5.22553,1.06589,28.049765586853027
0.488957,7.698116,5.001363,8.478477,5.227117,1.04573,28.100475788116455
0.440938,7.70712,4.975659,8.509827,5.209229,1.008251,28.15365171432495
0.404652,7.684647,4.981341,8.610406,5.188589,0.699629,28.211800575256348
0.346632,7.682696,4.985757,8.52013,5.137507,1.137258,28.264130115509033
0.300604,7.6704,4.962865,8.51199,5.142745,1.038904,28.317034482955933
0.208743,7.624807,4.975691,8.437586,5.109751,1.185301,28.369641065597534
0.147966,7.643986,4.977387,8.492325,5.246372,0.752152,28.420225381851196
0.089728,7.642019,4.981812,8.284371,5.22673,1.252348,28.473968267440796
0.066605,7.662704,5.036488,8.345554,5.195237,1.116288,28.526199102401733
-0.01524,7.777563,4.942751,7.6748,5.743196,1.459198,28.59197473526001
-0.034835,7.776915,4.944235,7.411729,5.958306,1.581727,28.648704290390015
-0.126347,7.806187,4.863257,7.33465,6.125341,1.620966,28.698660612106323
-0.195863,7.81412,4.78404,7.129402,6.222739,1.806026,28.74937629699707
-0.347212,7.956323,4.392642,7.023835,6.158157,2.211522,28.804599046707153
-0.35317,8.106028,4.104346,6.734082,6.464707,2.356736,28.8597731590271
-0.304302,7.898035,4.13113,6.313546,6.602229,2.359016,28.911089420318604
-0.438009,7.815766,3.78621,6.17111,6.60089,2.457513,28.965473651885986
-0.431471,7.605541,3.816753,6.047774,6.618099,2.461898,29.017609357833862
-0.450416,7.493124,3.604835,5.892479,6.602814,2.518609,29.070553302764893
-0.434722,7.43112,3.437075,5.823735,6.612965,2.566579,29.125134706497192
-0.356832,7.313437,3.30104,5.709415,6.577204,2.624536,29.178773164749146
-0.299206,7.256358,3.183368,5.601938,6.607486,2.67206,29.232452869415283
-0.320157,7.241396,2.896462,5.501276,6.618548,2.815199,29.282627820968628
-0.25712,7.179493,2.783237,5.456312,6.573331,2.824819,29.335885047912598
-0.215336,7.096922,2.746383,5.401288,6.580618,2.780471,29.39013361930847
-0.109563,6.980767,2.75848,5.423487,6.564436,2.758472,29.44807457923889
-0.04501,6.899323,2.720472,5.428379,6.55213,2.713847,29.501760721206665
-0.003078,6.589529,2.790084,5.503013,6.390183,2.688526,29.558430194854736
-0.00042,6.487053,2.852932,5.549529,6.37889,2.641747,29.617382764816284
-0.027034,6.403734,2.820549,5.551119,6.361449,2.621522,29.669687032699585
-0.023858,6.316892,2.810579,5.616661,6.32897,2.577239,29.71972918510437
-0.038449,6.325394,2.763418,5.616661,6.32897,2.577239,29.77235507965088
-0.165862,5.999602,2.568529,5.613026,6.32477,2.600853,29.828422784805298
-0.180377,5.930655,2.58031,5.552698,6.34395,2.601352,29.878031730651855
-0.178358,5.876757,2.497913,5.512503,6.300256,2.724873,29.92961025238037
-0.10752,5.857003,2.497196,5.467599,6.255566,2.734422,29.98448920249939
-0.02279,5.831992,2.383984,5.419796,6.24555,2.78481,30.038926362991333
0.096335,5.791453,2.384067,5.442121,6.267795,2.78006,30.089067697525024
0.13484,5.688869,2.33154,5.47666,6.324366,2.70027,30.14635396003723
0.111473,5.58045,2.305884,5.514565,6.346474,2.580395,30.203683614730835
0.111699,5.501748,2.033704,5.532163,6.40739,2.479158,30.255703687667847
0.112066,5.445405,1.935036,5.549715,6.403955,2.501312,30.310397148132324
0.05766,5.411154,1.81515,5.521862,6.39449,2.549745,30.364548921585083
-0.07999,5.159951,1.779039,5.588111,6.401366,2.522171,30.418112754821777
-0.089601,5.140374,1.740625,5.588111,6.401366,2.522171,30.471604824066162
-0.066022,5.141462,1.739278,5.588111,6.401366,2.522171,30.52423906326294
-0.074615,5.16596,1.714581,5.565629,6.418144,2.543533,30.581740140914917
-0.048445,5.144154,1.716937,5.569152,6.422496,2.519954,30.645596981048584
-0.027359,5.168134,1.711886,5.553639,6.448051,2.494182,30.696308851242065
0.004679,5.144725,1.735237,5.567506,6.465522,2.400377,30.752760410308838
0.115193,5.218797,1.717396,5.544371,6.442426,2.405322,30.805245637893677
0.063105,5.262591,1.712654,5.503978,6.462947,2.404382,30.876411199569702
0.068943,5.260792,1.733727,5.510642,6.471632,2.357713,30.926613807678223
0.042869,5.282715,1.73136,5.53386,6.494852,2.352742,30.97858500480652
0.033095,5.366059,1.802614,5.572946,6.492185,2.373396,31.033759117126465
0.189014,5.411198,2.462565,5.58015,6.475426,2.465751,31.08621335029602
0.210361,5.48948,2.719934,5.554085,6.487817,2.510602,31.141324281692505
0.224154,5.54737,2.940271,5.524218,6.455994,2.562751,31.19206190109253
0.082273,6.06156,3.032269,5.460412,6.510439,2.603589,31.248168468475342
0.144831,6.259271,3.140608,5.413467,6.482204,2.633591,31.297085523605347
0.161987,6.413509,3.236004,5.397695,6.507912,2.607617,31.3526611328125
0.175829,6.532801,3.387081,5.374518,6.445604,2.595811,31.407458305358887
0.14571,6.608663,3.525055,5.377703,6.450046,2.572127,31.462908267974854
0.193948,6.691241,3.633937,5.361704,6.475697,2.546272,31.51859426498413
0.289726,6.786425,3.688839,5.340694,6.474848,2.547614,31.579389572143555
0.402139,6.789584,3.858025,5.310469,6.46055,2.620043,31.635528326034546
0.611056,6.914791,3.877079,5.142503,6.510602,2.667888,31.686416387557983
0.699171,7.012633,3.831548,5.123214,6.531773,2.665724,31.74178695678711
0.713365,6.999111,3.883614,5.117724,6.52241,2.713571,31.79415726661682
0.792139,7.045881,3.871667,5.034807,6.558252,2.735987,31.852805137634277
0.806004,7.032095,3.923951,5.005958,6.505164,3.002759,31.907768964767456
0.826747,7.054279,3.842694,4.974262,6.538774,3.141816,31.99573254585266
0.890913,7.034643,3.841456,4.974748,6.839866,3.09622,32.048810720443726
0.903135,7.064194,3.81087,4.996695,6.86248,3.091455,32.10009288787842
0.908941,7.100778,3.754326,5.03944,6.923833,3.103482,32.152546644210815
0.980747,7.133351,3.795706,5.121451,6.964797,3.116229,32.215102672576904
1.026913,7.149882,3.815762,5.139064,6.997232,3.158313,32.270262002944946
1.036935,7.142643,3.765329,5.188055,6.974942,3.425917,32.323790073394775
1.06224,7.158478,3.786778,5.257033,7.031009,3.536462,32.385040521621704
1.028878,7.171871,3.736169,5.390004,7.208027,3.651302,32.443135499954224
1.010734,7.067206,3.727484,5.745716,7.782265,3.619817,32.49420189857483
1.062933,7.060876,3.674646,5.739799,7.844389,3.687146,32.54589653015137
1.077847,7.068354,3.647435,5.774308,7.836777,3.71138,32.60591793060303
1.054301,7.029827,3.629538,5.786788,7.806502,3.740378,32.669776916503906
1.051779,6.992001,3.610267,5.804865,7.750165,3.721879,32.71996831893921
1.043254,6.960465,3.565533,5.785877,7.714356,3.702931,32.774805784225464
1.013284,6.992103,3.438485,5.840022,7.808077,3.409467,32.82823348045349
1.448312,6.791373,3.417138,5.755253,7.234106,3.425233,32.878562927246094
1.48914,6.815088,3.411048,5.753125,7.212471,3.428564,32.928449392318726
1.52965,6.792356,3.510597,5.724538,7.161716,3.462532,32.97981858253479
1.609469,6.861464,3.495274,5.685026,7.160252,3.465276,33.03765845298767
1.67898,6.895617,3.535401,5.639092,7.130483,3.497303,33.089629888534546
1.754933,6.879379,3.607715,5.639714,7.058313,3.458573,33.14617323875427
1.733013,6.900456,3.605963,5.655192,7.026468,3.339802,33.20150136947632
1.72256,6.865373,3.66183,5.655395,6.989796,3.320884,33.25472545623779
1.782188,6.911257,3.651245,5.677743,6.938494,3.278556,33.30659866333008
1.839894,6.919919,3.621292,5.706471,6.9144,3.207863,33.36233997344971
1.815993,6.903576,3.600264,5.72247,6.835024,3.194709,33.414113998413086
1.823513,6.91281,3.648396,5.749058,6.825844,3.146457,33.47198534011841
1.849541,6.885506,3.675842,5.751271,6.810023,3.124779,33.522791624069214
1.844169,6.913585,3.646971,5.733334,6.79335,3.104516,33.58787941932678
1.869054,6.908016,3.671268,5.773682,6.757425,3.083634,33.648634910583496
1.909208,6.931331,3.665264,5.771624,6.698397,3.06891,33.69759225845337
1.87115,6.945133,3.690738,5.803291,6.614422,3.079682,33.74871349334717
1.866903,6.951591,3.664951,5.921341,6.597924,3.074962,33.82121658325195
1.87115,6.945133,3.690738,5.930548,6.608214,3.025505,33.87268328666687
1.770471,6.89779,3.704153,6.074722,6.465981,3.038315,33.926313161849976
1.757743,6.86732,3.988577,6.152258,6.428633,2.921988,33.98046636581421
1.855174,6.955559,4.571294,6.141096,6.454789,2.779239,34.03267002105713
1.801548,7.134886,4.630308,6.16866,6.404693,2.716188,34.08507490158081
1.668273,7.278612,4.673495,6.178177,6.374799,2.651499,34.137816190719604
1.525341,7.398917,4.666684,6.199297,6.335408,2.520008,34.19352912902832
1.284847,7.600488,4.601025,6.028298,6.014209,2.53495,34.251980781555176
1.286475,7.579088,4.603908,6.029771,5.918043,2.482666,34.302897930145264
1.27166,7.619258,4.545183,6.111509,5.843173,2.445192,34.35624074935913
1.256913,7.630708,4.57164,6.170202,5.817953,2.335086,34.410797357559204
1.22883,7.661072,4.542273,6.220257,5.786087,2.271375,34.46235489845276
1.22883,7.661072,4.542273,6.251946,5.702697,2.282881,34.51335883140564
1.227148,7.682705,4.53935,6.270186,5.682401,2.285097,34.57152223587036
1.194378,7.671817,4.570211,6.274751,5.685167,2.262517,34.63428735733032
1.225463,7.704375,4.536423,6.290884,5.683329,2.283802,34.686179876327515
1.150537,7.743394,4.482102,6.380552,5.671324,2.237038,34.73889446258545
1.143682,7.753022,4.454277,6.45482,5.532141,2.211645,34.79342722892761
1.143682,7.753022,4.454277,6.474033,5.541943,2.122499,34.84800720214844
1.167158,7.709943,4.458744,6.458322,5.415161,2.143703,34.899657249450684
1.173946,7.700434,4.486544,6.533373,5.450198,1.794059,34.95172190666199
1.146195,7.701714,4.542281,6.510814,5.437196,1.692975,35.00445580482483
1.134123,7.699098,4.489475,6.489113,5.403871,1.575461,35.061206102371216
1.159148,7.711978,4.512915,6.474334,5.435988,1.447971,35.113500356674194
1.115985,7.676668,4.493885,6.473654,5.445041,1.34497,35.16479730606079
0.870842,7.516502,4.533339,6.56531,5.345242,1.276632,35.21843242645264
0.841347,7.546423,4.504209,6.569922,5.283698,1.226736,35.27109670639038
0.831164,7.515135,4.536264,6.582677,5.288831,1.165541,35.322426319122314
0.787393,7.495006,4.596148,6.6021,5.267509,1.168211,35.37724161148071
0.739889,7.502685,4.571306,6.606365,5.269183,1.14789,35.435725688934326
0.71049,7.470892,4.604857,6.619969,5.266877,1.187323,35.48943591117859
0.724288,7.459157,4.578507,6.640841,5.224982,1.173535,35.54400944709778
0.718069,7.508115,4.49118,6.610111,5.220709,1.21548,35.605459690093994
0.813314,7.632453,4.493993,6.427137,5.139316,1.338022,35.66220188140869
0.813314,7.632453,4.493993,6.39828,5.128628,1.482588,35.71000671386719
0.858126,7.660472,4.595124,6.331926,5.097327,1.593094,35.765387535095215
0.850381,7.670015,4.567204,6.319565,5.09278,1.65607,35.81670117378235
0.836289,7.681446,4.593697,6.192873,5.16927,1.691175,35.87431192398071
0.85194,7.662196,4.649697,6.168988,5.159297,1.818758,35.92500424385071
0.830184,7.68309,4.648291,6.072305,5.25099,1.934905,35.99563479423523
0.786548,7.724999,4.645472,5.874417,5.584405,1.891092,36.04967212677002
0.760476,7.789477,4.638273,5.940919,5.60912,1.883566,36.10143852233887
0.693423,7.810194,4.694752,5.954819,5.605143,1.925969,36.1537070274353
0.634054,7.808237,4.699182,5.970809,5.622833,1.964883,36.20757985115051
0.541867,7.773792,4.792924,5.914716,5.591752,2.037128,36.267401456832886
0.34555,7.691219,4.790659,5.77165,5.58688,2.416049,36.31874132156372
0.134549,7.584858,4.737869,5.615667,5.629703,2.529163,36.37612700462341
-0.056614,7.552358,4.646493,5.481197,5.633849,2.625826,36.42711138725281
-0.236769,7.487681,4.586577,5.437527,5.667859,2.668104,36.48253321647644
-0.31063,7.456542,4.4881,5.430644,5.623539,2.698026,36.537677526474
-0.120909,6.979568,4.436291,5.531574,5.40365,2.726513,36.59749794006348
-0.027927,6.886102,4.258879,5.525984,5.342853,2.736321,36.66806483268738
-0.11972,6.861905,3.779119,5.457049,5.30266,2.928277,36.743011713027954
0.088158,6.344957,3.767268,5.505258,5.186727,2.943352,36.807453870773315
0.225735,6.055299,3.801746,5.580004,5.15113,2.944455,36.87737989425659
0.108653,6.119628,3.429495,5.576368,5.149148,2.96782,36.941484689712524
0.144618,5.992411,3.446641,5.608019,5.147026,3.012079,37.00097584724426
0.093789,5.883949,3.466205,5.639281,5.071095,3.021913,37.06621289253235
0.071809,5.305723,3.531223,5.784294,4.945209,3.009842,37.12704133987427
0.104103,5.148262,3.529133,5.790353,4.892117,2.949374,37.190221071243286
0.123851,5.033647,3.497398,5.841268,4.861159,2.860724,37.25693917274475
0.143636,4.919169,3.465909,5.860749,4.862117,2.859444,37.31536293029785
0.144222,4.847124,3.381894,5.871947,4.823177,2.887389,37.37952637672424
0.118489,4.769718,3.348096,5.866831,4.845501,2.816695,37.4404661655426
0.326748,4.333925,3.309533,5.890552,4.885253,2.809129,37.502055644989014
0.406539,4.244447,3.202893,5.890552,4.885253,2.809129,37.554869174957275
0.426034,4.171366,3.029997,5.896661,4.868602,2.766547,37.612934827804565
0.441112,4.076097,2.908528,5.918399,4.889048,2.762102,37.66590142250061
0.457556,3.920598,2.776014,5.942196,4.891426,2.73801,37.71502161026001
0.434181,3.919053,2.68906,5.946357,4.892839,2.715237,37.76753544807434
0.60456,3.522421,2.248323,5.958797,4.897065,2.647155,37.8222382068634
0.590525,3.442328,2.262242,5.956641,4.8774,2.650368,37.87521147727966
0.55564,3.373688,2.107627,5.947172,4.898896,2.603242,37.927818775177
0.519826,3.292175,2.12297,5.929424,4.917691,2.601285,37.980470180511475
0.476515,3.244582,2.029407,5.905273,4.877206,2.609028,38.033180952072144
0.46057,3.184054,2.040309,5.887498,4.895973,2.607076,38.084744453430176
0.427375,3.138787,1.98777,5.847694,4.894023,2.609634,38.14021897315979
0.448163,3.098979,1.972917,5.863654,4.893605,2.630932,38.19635272026062
0.376914,3.020218,1.766301,5.873368,4.87796,2.566566,38.25590181350708
0.324433,2.994326,1.733008,5.863262,4.899565,2.519715,38.30982542037964
0.291165,2.947864,1.682461,5.874867,4.903696,2.452684,38.364596366882324
0.382026,2.78795,1.645844,5.550654,4.593381,2.476384,38.4175066947937
0.401503,2.767425,1.628645,5.512749,4.514965,2.42586,38.47031831741333
0.381196,2.746268,1.633209,5.488543,4.436126,2.418168,38.5243706703186
0.386032,2.748281,1.652441,5.450315,4.357195,2.368282,38.582669496536255
0.381196,2.746268,1.633209,5.366852,4.256036,2.34618,38.63931965827942
0.398696,2.74557,1.612748,5.309527,4.194871,2.295088,38.69482779502869
0.406309,2.769408,1.647884,5.351829,4.137621,2.091098,38.746331453323364
0.507257,2.833667,1.612397,5.307448,4.096046,2.100206,38.79851460456848
0.48492,2.832363,1.613657,5.285299,4.075298,2.104751,38.877211570739746
0.48492,2.832363,1.613657,5.282723,4.075398,2.125806,38.928548097610474
0.458677,2.871013,1.608261,5.282723,4.075398,2.125806,38.98449158668518
0.515675,2.954477,2.11719,5.244339,4.075028,2.275449,39.038766622543335
0.532485,2.9935,2.360244,5.235,4.056065,2.342786,39.1006920337677
0.494361,3.024351,2.5483,5.22462,4.056613,2.42879,39.1591739654541
0.402863,3.391019,2.688092,5.105849,4.127024,2.466984,39.22018384933472
0.418091,3.420505,2.902455,5.101549,4.165293,2.52595,39.27432942390442
0.44601,3.502425,3.021676,5.06041,4.239439,2.58163,39.32637882232666
0.411455,3.558238,3.059705,4.991175,4.292227,2.70869,39.3789119720459
0.466515,3.65743,3.131329,4.956746,4.30802,2.863458,39.43307113647461
0.600728,3.767852,3.638431,4.943206,4.340746,3.198443,39.48670291900635
0.604402,3.932357,3.899625,4.95231,4.340096,3.289988,39.5409631729126
0.513318,4.138885,4.16753,4.95851,4.339006,3.405667,39.59835195541382
0.495822,4.379619,4.357645,5.006478,4.375973,3.490581,39.65298295021057
0.199345,5.089489,4.503157,4.873847,4.491627,3.599178,39.70286798477173
0.393609,5.379727,4.577984,4.94367,4.616235,3.695207,39.75491166114807
0.41871,5.370339,4.655959,4.933037,4.612069,3.792518,39.80711078643799
0.706449,5.547025,4.6375,4.94959,4.732554,3.870398,39.861512660980225
0.745047,5.528946,4.769094,4.919035,4.71775,4.144356,39.91653037071228
0.930952,5.588572,4.774377,4.875126,4.777909,4.26303,39.99563241004944
1.524967,5.763218,4.708913,4.7913,4.825413,4.261755,40.048755168914795
1.574509,5.769866,4.678181,4.808647,4.859215,4.280798,40.10057210922241
1.66534,5.792526,4.668751,4.82083,4.85659,4.330632,40.15510940551758
1.691415,5.751834,4.699083,4.834051,4.871109,4.378117,40.20760226249695
1.707402,5.789814,4.692624,4.848632,4.870159,4.402566,40.26592707633972
1.719078,5.762666,4.748531,4.866427,4.8983,4.246255,40.32011127471924
1.775563,5.816211,4.763611,4.886779,4.900979,4.219496,40.37572193145752
1.780702,5.811768,4.790441,4.927708,4.906338,4.166116,40.428648948669434
1.775563,5.816211,4.763611,4.93319,4.94336,4.135508,40.4820613861084
1.772681,5.783553,4.741891,4.985078,4.928331,4.134271,40.53672909736633
1.839667,5.80964,4.707143,5.062244,4.93551,4.078556,40.59959936141968
1.85902,5.791857,4.708316,5.078923,4.885198,4.060062,40.653775453567505
1.878339,5.774106,4.709487,5.119201,4.906369,4.029676,40.71301746368408
1.889782,5.816403,4.676341,5.173076,4.875327,4.006079,40.76352500915527
1.894552,5.81202,4.703028,5.189714,4.883783,3.881374,40.8186149597168
1.882124,5.788312,4.733666,5.400386,4.80168,3.615013,40.87150573730469
1.863892,5.787519,4.735037,5.682556,4.707799,3.611359,40.92126798629761
1.834751,5.814018,4.680458,5.794794,4.686997,3.371893,40.97678828239441
1.816401,5.813223,4.681831,5.778179,4.704388,3.370277,41.033602237701416
1.799755,5.863968,4.702236,5.797091,4.727559,3.272523,41.09298777580261
1.75215,5.819856,4.738201,5.735989,4.782108,3.221583,41.14301156997681
1.729804,5.804876,4.715381,5.599589,4.851669,3.523783,41.19610953330994
1.730961,5.786292,4.71792,5.499542,4.924502,3.734363,41.248748540878296
1.716746,5.799708,4.74348,5.372509,4.996491,3.901857,41.30109000205994
1.687852,5.807653,4.69145,5.347251,5.110786,4.009668,41.35459041595459
1.513532,5.7717,4.655749,5.829308,5.57856,3.984402,41.40808987617493
1.509158,5.757196,4.6318,5.939617,5.658823,4.090346,41.46919655799866
1.473492,5.736877,4.637114,6.013159,5.702893,4.17979,41.52324867248535
1.473492,5.736877,4.637114,5.999264,5.760204,4.274007,41.58171582221985
1.456359,5.717391,4.641046,5.967572,5.815602,4.370577,41.63641095161438
1.399986,5.675558,4.546099,5.943627,5.892453,4.438633,41.68910789489746
1.389524,5.623675,4.398603,5.945283,6.027919,4.575481,41.74326729774475
1.526517,5.482325,4.384101,5.894986,5.980452,4.638007,41.821271657943726
1.505081,5.495489,4.281199,5.894986,5.980452,4.638007,41.874804973602295
1.605966,5.405513,4.287601,5.8627,5.996941,4.637987,41.9317147731781
1.661535,5.360728,4.063126,5.877711,5.993638,4.558862,41.98153877258301
1.734166,5.335888,4.137404,5.861851,6.024997,4.477471,42.03586196899414
1.810258,5.339366,4.131956,5.851953,6.047483,4.449052,42.085331439971924
1.90005,5.365474,4.097179,5.848715,6.042995,4.372341,42.13984727859497
1.957204,5.36808,4.093096,5.88189,6.007249,4.272402,42.19316601753235
2.036007,5.314861,4.095787,5.960868,5.751562,4.201649,42.24666786193848
2.073119,5.335468,4.090365,5.949782,5.721884,4.156081,42.303791999816895
2.084665,5.327053,4.166265,5.915123,5.771543,4.176562,42.35637974739075
2.072265,5.354363,4.087653,5.835528,5.778719,4.231598,42.41152739524841
2.073119,5.335468,4.090365,5.768134,5.731774,4.293746,42.462632179260254
2.103612,5.3428,4.037265,5.736767,5.766676,4.290912,42.513070821762085
2.129273,5.356968,4.08358,5.770114,5.749997,4.29102,42.57119369506836
2.141755,5.344545,4.03455,5.778635,5.710439,4.321578,42.63169741630554
2.144609,5.360682,4.056997,5.761059,5.709653,4.322886,42.68340826034546
2.168039,5.339814,4.083581,5.769536,5.670383,4.353436,42.73932766914368
2.13089,5.319214,4.089004,5.753204,5.637336,4.33369,42.792091846466064
2.13089,5.319214,4.089004,5.75828,5.641081,4.307313,42.846235275268555
2.149855,5.320085,4.087648,5.691807,5.674112,4.307129,42.89635372161865
2.153516,5.317322,4.112896,5.725952,5.700725,4.123701,42.947484493255615
2.149062,5.338945,4.084937,5.719585,5.726014,4.070229,43.00378727912903
2.163645,5.361552,4.055639,5.695696,5.7171,3.998043,43.05730223655701
2.146201,5.322843,4.062443,5.688751,5.742531,3.944993,43.11595702171326
2.117362,5.384543,4.005283,5.546431,5.773695,3.949817,43.16541528701782
2.172777,5.351878,3.981618,5.536626,5.780559,3.899755,43.21730875968933
2.182677,5.362421,4.054282,5.55132,5.74353,3.904186,43.269779205322266
2.189644,5.410034,3.971971,5.553742,5.728348,3.881465,43.321903467178345
2.208833,5.410906,3.970612,5.517525,5.692545,3.86432,43.37738871574402
2.164138,5.395783,3.926008,5.521153,5.730395,3.858557,43.43242168426514
2.164138,5.395783,3.926008,5.503235,5.695311,3.84016,43.4847469329834
2.270189,5.357707,4.276182,5.581179,5.635822,3.893168,43.53972673416138
2.369439,5.392086,4.469368,5.671373,5.587156,3.8697,43.597891092300415
2.59638,5.372704,4.690412,5.68904,5.501035,3.831938,43.657320976257324
2.534208,5.596396,4.954501,5.97864,5.408873,3.777794,43.7076632976532
2.321932,5.840555,5.124775,6.108863,5.311914,3.710761,43.761311054229736
2.325874,5.835746,5.152377,6.130097,5.322359,3.611299,43.814125299453735
2.148829,5.878846,5.268766,6.192313,5.110227,3.567003,43.868499517440796
2.144296,5.883878,5.240938,6.271482,5.141401,3.204064,43.9235999584198
2.123228,5.870338,5.216886,6.26105,5.009529,2.926281,43.99569010734558
1.973251,6.06191,5.201564,6.210381,4.443979,3.016627,44.0481595993042
1.855545,6.136127,5.255034,6.229667,4.336841,2.786085,44.098960876464844
1.744029,6.203977,5.337038,6.161763,4.22197,2.697751,44.15192103385925
1.675971,6.24792,5.447744,6.110054,4.12568,2.628398,44.205130100250244
1.63268,6.28704,5.501868,6.109175,4.030188,2.492081,44.260355949401855
1.618758,6.330896,5.6101,6.127711,3.928543,2.147135,44.31719899177551
1.600298,6.348137,5.609186,6.083176,3.888011,2.156076,44.36942911148071
1.593741,6.354984,5.580405,6.03702,3.805121,2.047374,44.4204306602478
1.601607,6.330196,5.611475,5.977336,3.742964,2.019393,44.474719762802124
1.614853,6.301781,5.585922,5.939795,3.700976,1.987107,44.52893781661987
1.647929,6.321124,5.580878,5.818795,3.635103,1.963171,44.584131956100464
1.663855,6.33979,5.577203,5.818095,3.595906,1.94923,44.64120888710022
1.663855,6.33979,5.577203,5.818095,3.595906,1.94923,44.697046756744385
1.665111,6.321826,5.579504,5.837075,3.617049,1.965212,44.75019884109497
1.671443,6.315086,5.608267,5.840426,3.616228,1.944738,44.80545949935913
1.693625,6.326884,5.633429,5.843772,3.615408,1.9243,44.85972595214844
1.69239,6.344763,5.631147,5.866166,3.635788,1.919795,44.90838170051575
1.6987,6.337886,5.660033,5.868216,3.655061,1.916507,44.96331548690796
1.682899,6.319367,5.663675,5.886525,3.636923,1.918572,45.01632261276245
1.689269,6.312536,5.692597,5.88175,3.657706,1.956226,45.07224464416504
1.673539,6.294101,5.696221,5.922356,3.659964,1.953778,45.12906861305237
1.690505,6.294797,5.694852,6.025956,3.684835,1.944382,45.181814670562744
1.678723,6.304999,5.722938,6.171259,3.618769,1.988734,45.236348390579224
1.696881,6.288011,5.723813,6.151738,3.656589,2.004022,45.286752462387085
1.674787,6.27639,5.69847,6.185204,3.635473,1.923981,45.3408088684082
1.668374,6.283107,5.669572,6.19859,3.579194,1.932585,45.39444160461426
1.690505,6.294797,5.694852,6.243891,3.52143,1.878903,45.448474407196045
1.66807,6.216169,5.735476,6.238745,3.314188,1.913468,45.506739377975464
1.643419,6.239655,5.705692,6.228016,3.290335,1.857472,45.56129741668701
1.619919,6.245555,5.678188,6.247462,3.25249,1.842693,45.62381720542908
1.625199,6.256613,5.704819,6.251338,3.251136,1.822671,45.67751336097717
1.618628,6.263269,5.675936,6.308153,3.287368,1.753844,45.727176904678345
1.625199,6.256613,5.704819,6.33156,3.279696,1.634951,45.78038215637207
1.528112,6.24863,5.656218,6.32813,3.544086,1.144048,45.83383631706238
1.511052,6.247927,5.657589,6.282905,3.52143,1.150018,45.885624170303345
1.504187,6.254494,5.628825,6.337793,3.562769,1.102326,45.942779779434204
1.487071,6.253789,5.630198,6.361731,3.584331,1.09752,45.99313831329346
1.464973,6.29142,5.541904,6.375864,3.587058,1.134472,46.04850912094116
1.397249,6.270581,5.549716,6.399777,3.608585,1.129675,46.1007239818573
1.359893,6.255398,5.61111,6.311588,3.645892,1.165541,46.15379738807678
1.268126,6.322193,5.467815,6.093838,3.732258,1.590407,46.20776057243347
1.184978,6.348443,5.498574,5.860709,3.905248,1.834761,46.262258529663086
1.047413,6.423576,5.470452,5.718525,4.038941,2.025617,46.31593132019043
0.08615,6.553321,5.523848,5.682815,4.351721,2.143848,46.372026205062866
-0.1642,6.566806,5.455482,5.666882,4.388889,2.265891,46.42620325088501
-0.376201,6.520024,5.336585,5.568434,4.401661,2.397745,46.47962212562561
-0.65354,6.436829,5.20067,5.492915,4.434513,2.526635,46.53434705734253
-0.942463,6.388867,5.062208,5.366137,4.446113,2.597388,46.59298658370972
-1.168413,6.281396,4.929116,5.27981,4.459618,2.666019,46.6446897983551
-1.527531,6.267633,4.421343,5.188262,4.434136,2.763688,46.701640367507935
-1.611364,6.158746,4.260134,5.169758,4.414572,2.745634,46.75440216064453
-1.457762,5.844414,4.14197,5.150092,4.413562,2.746908,46.80494523048401
-1.451795,5.702106,4.162546,5.131933,4.43166,2.745089,46.87724494934082
-1.512363,5.72045,4.036681,5.134534,4.432204,2.722707,46.930216550827026
-1.506321,5.578052,4.057417,5.152726,4.414072,2.724535,46.981348276138306
-1.628576,5.501066,3.727173,5.167084,4.414059,2.768046,47.03720188140869
-1.613453,5.411581,3.641596,5.167084,4.414059,2.768046,47.09068012237549
-1.532913,5.37694,3.617553,5.164405,4.413545,2.790497,47.14474439620972
-1.465944,5.300394,3.600793,5.167084,4.414059,2.768046,47.1957950592041
-1.439005,4.978331,3.623986,5.245565,4.418089,2.762954,47.24751257896423
-1.469577,4.85866,3.619903,5.265176,4.419096,2.761681,47.296985387802124
-1.45502,4.779623,3.631099,5.286046,4.401557,2.741092,47.34813475608826
-1.444163,4.720672,3.639449,5.325288,4.403576,2.73855,47.40238308906555
-1.444161,4.663102,3.624147,5.325288,4.403576,2.73855,47.454153537750244
-1.412801,4.605583,3.631063,5.344903,4.404585,2.737279,47.50478792190552
-1.488955,4.565498,3.593723,5.344903,4.404585,2.737279,47.56453275680542
-1.623318,4.492972,3.375116,5.370556,4.406583,2.691325,47.61993169784546
-1.498195,4.166931,3.324819,5.378276,4.426774,2.643665,47.67188096046448
-1.460357,3.975864,3.213457,5.379976,4.446008,2.640529,47.74022078514099
-1.509836,3.974333,3.101737,5.382986,4.446569,2.618304,47.790085315704346
-1.462942,3.800263,3.013025,5.360193,4.444994,2.641799,47.84050536155701
-1.51066,3.797169,2.903492,5.363168,4.445554,2.619574,47.894559144973755
-1.450295,3.701896,2.915428,5.364859,4.464853,2.616425,47.9485547542572
-1.570551,3.648904,2.467896,5.361881,4.464258,2.638659,48.00125551223755
-1.569574,3.566161,2.395167,5.361881,4.464258,2.638659,48.052390575408936
-1.378523,2.996263,2.100256,5.175518,4.453395,2.717051,48.780770778656006
-1.378523,2.996263,2.100256,5.175518,4.453395,2.717051,48.83250164985657
-1.191206,3.137223,2.596666,5.15732,4.471586,2.715214,48.88360238075256
-1.308493,3.18883,2.594377,5.177066,4.472594,2.713939,48.93860840797424
-1.271954,3.272538,3.063886,5.152029,4.470352,2.760054,48.992010831832886
-1.173265,3.429287,3.033472,5.171703,4.471357,2.758779,49.04364323616028
-1.141367,3.607857,3.207384,5.169014,4.470737,2.781257,49.098910093307495
-1.159816,3.780969,3.458666,5.167476,4.451644,2.784342,49.155344009399414
-0.809553,4.015288,4.470402,5.118079,4.484577,2.89375,49.20656394958496
-0.85457,4.235046,4.644975,5.073964,4.481279,2.941795,49.25991940498352
-0.895518,4.45075,4.823682,4.990358,4.494165,3.012449,49.309380292892456
-0.932043,4.667913,4.926393,4.978343,4.52725,3.144762,49.36380219459534
-0.882397,5.419285,4.896154,4.835978,4.589847,3.281935,49.41875219345093
-0.700216,5.475057,4.929218,4.780662,4.616133,3.491668,49.47207164764404
-0.614303,5.474806,4.950115,4.610961,4.615508,3.764227,49.53037619590759
-0.518074,5.491282,4.861003,4.461053,4.629127,4.113035,49.588404178619385
-0.433503,5.540586,4.795054,4.408496,4.696938,4.431664,49.646742820739746
-0.282315,5.665344,4.504009,4.384589,4.708809,4.816481,49.69715666770935
0.426383,5.816942,4.409003,4.427058,4.812715,4.747024,49.74954414367676
0.781428,5.802118,4.335872,4.415612,4.880476,4.712385,49.822526693344116
0.76706,5.810267,4.284158,4.419201,4.884309,4.659883,49.87391996383667
0.902555,5.816102,4.27439,4.386906,4.916395,4.657586,49.930514097213745
0.922856,5.810349,4.197079,4.379023,4.942621,4.525878,49.983943700790405
0.999887,5.807146,4.346467,4.389795,4.972083,4.368213,50.0402672290802
1.002355,5.855148,4.287849,4.355536,4.987827,4.368256,50.088401317596436
1.054665,5.83493,4.416424,4.339038,5.037254,4.387644,50.14199781417847
1.059741,5.777247,4.424375,4.337515,5.035042,4.413473,50.19687843322754
1.042424,5.757255,4.428405,4.354176,5.018449,4.414721,50.251184701919556
1.086993,5.754867,4.45171,4.339038,5.037254,4.387644,50.306100368499756
1.097769,5.778894,4.421598,4.339038,5.037254,4.387644,50.363417863845825
1.131367,5.752465,4.475062,4.355246,5.068522,4.432956,50.4150493144989
1.129736,5.771531,4.47244,4.372932,5.101922,4.452507,50.465834856033325
1.113605,5.745408,4.399468,4.409775,5.138563,4.444792,50.516560316085815
1.120057,5.741422,4.425495,4.451287,5.198126,4.382503,50.57355976104736
1.132995,5.733429,4.477681,4.469176,5.296837,4.44381,50.636685371398926
1.120057,5.741422,4.425495,4.48592,5.409348,4.529568,50.689289569854736
1.114113,5.732607,4.479066,4.510438,5.59914,4.552866,50.748055934906006
1.107591,5.736605,4.452952,4.600103,5.70297,4.584073,50.79872488975525
1.120646,5.728602,4.505224,4.597814,5.698901,4.610882,50.850791931152344
1.13948,5.729423,4.503839,4.637208,5.772435,4.597835,50.90012288093567
1.120057,5.741422,4.425495,4.651499,5.797892,4.437443,50.95313763618469
1.128151,5.718375,4.454191,4.660791,5.880259,4.373551,51.00641179084778
1.10273,5.721493,4.429517,4.682315,5.904037,4.34298,51.061543703079224
1.115246,5.726257,4.402115,4.719508,5.924233,4.337583,51.1138277053833
1.131405,5.680358,4.459429,4.74007,5.929497,4.30976,51.17111396789551
1.148676,5.700178,4.455429,4.72572,5.951941,4.281897,51.22559666633606
1.181732,5.686693,4.429241,4.728223,5.956453,4.255492,51.29737854003906
1.231993,5.68063,4.478603,4.728223,5.956453,4.255492,51.35011839866638
1.230448,5.69957,4.475993,4.767229,5.929272,4.205725,51.407891035079956
1.285425,5.721008,4.469231,4.752836,5.918336,4.157424,51.46135187149048
1.346049,5.770436,4.40623,4.772442,5.90452,4.132758,51.5132040977478
1.341625,5.755324,4.382846,4.792094,5.890638,4.108157,51.57741928100586
1.357849,5.762309,4.458453,4.848527,5.878293,4.080952,51.63540506362915
1.340457,5.742467,4.462463,4.865574,5.860151,4.082441,51.68600058555603
1.346415,5.738443,4.488629,4.865574,5.860151,4.082441,51.740962266922
1.343498,5.776422,4.483391,4.917886,5.824766,4.084079,51.79539155960083
1.343498,5.776422,4.483391,4.932207,5.84493,3.95484,51.84614014625549
1.318659,5.779724,4.458587,4.943627,5.826333,3.832572,51.90033149719238
1.354948,5.800443,4.453183,4.98839,5.675694,3.851735,51.95829963684082
1.367962,5.805425,4.425643,5.012963,5.648872,3.780214,52.01350736618042
1.386887,5.806244,4.424259,5.064571,5.594255,3.784928,52.067869901657104
1.423327,5.827036,4.418835,5.139042,5.597616,3.779645,52.1215980052948
1.480101,5.829485,4.414683,5.338822,5.515417,3.754435,52.17618274688721
1.440331,5.742536,4.481726,5.41884,5.506069,3.701931,52.231359243392944
1.380353,5.591642,4.611633,5.40163,5.573994,3.595958,52.2838077545166
1.612632,5.313051,6.116376,5.454321,5.588315,3.494168,52.33586120605469
1.534024,5.229663,6.365804,5.54392,5.58479,3.39349,52.39284944534302
1.479992,5.310782,6.418413,5.65371,5.581798,3.292278,52.443711042404175
1.507472,5.508745,6.509373,5.897901,5.564897,3.1858,52.49269390106201
1.543992,5.695753,6.572306,6.637012,5.287674,3.206175,52.545151472091675
1.604892,5.698439,6.567092,6.820443,5.216708,3.252344,52.602829694747925
1.613784,5.677325,6.598974,7.070084,5.153697,3.246568,52.65703248977661
1.613784,5.677325,6.598974,7.329759,5.054841,3.245594,52.709004163742065
1.62904,5.666155,6.65919,7.579813,4.99754,3.169555,52.76495599746704
1.659714,5.643695,6.780267,7.579813,4.99754,3.169555,52.815497636795044
1.667417,5.638056,6.810671,7.719167,4.868308,3.342805,52.867056131362915
1.668655,5.622991,6.812436,7.925679,4.735835,3.349942,52.91617822647095
1.668655,5.622991,6.812436,7.935347,4.64614,3.432692,52.97138833999634
1.668655,5.622991,6.812436,7.931858,4.628488,3.435553,53.025314807891846
1.640408,5.606635,6.816765,7.89952,4.558916,3.354965,53.08099341392517
1.633867,5.59708,6.788155,7.859858,4.48619,3.438039,53.13484978675842
1.59639,5.60121,6.760416,7.890711,4.384855,3.312476,53.19379281997681
1.568,5.584772,6.764764,7.875359,4.349392,3.34181,53.24472379684448
1.589492,5.595099,6.792011,7.970636,4.3191,3.11221,53.29465174674988
1.584018,5.573983,6.825407,8.052901,4.269201,2.912999,53.34847116470337
1.569287,5.573324,6.82669,8.051659,4.213585,2.74491,53.4019501209259
1.532974,5.562364,6.800671,8.082129,4.157555,2.534497,53.452409744262695
1.489992,5.545364,6.806278,8.129729,3.98333,2.689134,53.50436615943909
1.491361,5.530373,6.808027,8.197954,3.925827,2.478941,53.563406467437744
1.456186,5.504222,6.783857,8.224818,3.876907,2.127653,53.62041997909546
1.456186,5.504222,6.783857,8.089218,3.793711,2.106944,53.67298603057861
1.441383,5.503555,6.785141,8.120056,3.708989,1.873752,53.72506594657898
1.441383,5.503555,6.785141,8.092287,3.711684,1.955979,53.77623701095581
1.396085,5.497267,6.729206,8.169716,3.388953,1.314034,53.83023929595947
1.410992,5.497939,6.727917,8.08439,3.364854,1.322172,53.8814172744751
1.424481,5.513703,6.724859,7.966632,3.258243,1.519762,53.936121702194214
1.439396,5.514375,6.72357,7.926451,3.255895,1.522108,53.99456238746643
1.437688,5.525167,6.662205,8.161947,3.19729,0.896155,54.046940088272095
1.439092,5.509963,6.663998,8.175502,3.158971,0.902211,54.098491191864014
1.4294,5.530214,6.632247,8.064201,3.189033,1.314733,54.15173864364624
1.421126,5.535252,6.602341,8.129629,3.13426,1.094213,54.204489946365356
1.412868,5.540281,6.572489,8.1283,3.094043,1.082503,54.257893562316895
1.411691,5.550997,6.51164,8.156561,3.046568,0.977924,54.31454086303711
1.441836,5.557036,6.568062,8.162623,2.970036,0.990914,54.372533321380615
1.433696,5.562116,6.538248,8.151433,2.98667,0.970067,54.43046474456787
1.441836,5.557036,6.568062,8.214823,3.018085,0.851614,54.48426389694214
1.441836,5.557036,6.568062,8.295984,2.983601,0.654935,54.537911891937256
1.418445,5.561434,6.53955,8.237991,2.978321,0.640404,54.594780683517456
1.403192,5.560751,6.540852,8.213137,2.964335,0.51914,54.64946389198303
1.428041,5.624149,6.530861,8.150463,3.123559,0.964856,54.71182441711426
1.464548,5.64711,6.49527,8.332935,3.31431,0.979288,54.78117918968201
1.464548,5.64711,6.49527,8.430683,3.2969,0.684242,54.83073878288269
1.491148,5.695478,6.487033,8.611989,3.468036,0.646379,54.882330894470215
1.475393,5.706507,6.427476,8.346168,3.504331,1.421067,54.93694233894348
1.475479,5.729829,6.306349,8.246373,3.719543,1.565878,54.99152135848999
1.486245,5.806939,6.236863,7.73808,3.967727,2.327622,55.04204797744751
1.508902,5.858899,6.140663,7.459266,4.216491,2.603513,55.10267686843872
1.520428,5.935595,5.926949,7.26179,4.556108,2.781156,55.16026043891907
1.858229,6.607716,5.640821,6.565107,5.990028,2.825647,55.21416640281677
1.961786,7.064539,5.316908,6.277596,6.345278,2.950523,55.266316652297974
2.035167,7.604082,4.958847,6.171062,6.75117,2.965582,55.31794190406799
1.047015,9.015966,1.587263,5.870832,8.998634,1.055079,57.373313903808594
1.036578,8.98483,1.52563,5.868356,8.970649,1.059823,57.42723894119263
1.080363,8.974638,1.480373,5.844846,8.949972,1.043093,57.48173904418945
1.132489,8.89896,1.467801,5.820262,8.949304,1.044453,57.53633213043213
1.189826,8.863727,1.49282,5.79567,8.948637,1.045815,57.59328818321228
1.184489,8.823465,1.455282,5.793262,8.920694,1.050553,57.648638010025024
1.179588,8.879296,1.139513,5.744103,8.919352,1.053275,57.698803424835205
1.406622,8.542243,1.184257,5.745068,8.89927,1.035233,57.749640703201294
1.402818,8.549493,1.161677,5.747434,8.927218,1.030492,57.8212947845459
1.399019,8.556732,1.13913,5.747434,8.927218,1.030492,57.871917963027954
1.399019,8.556732,1.13913,5.695846,8.897921,1.037953,57.925419092178345
1.402818,8.549493,1.161677,5.673526,8.925203,1.034575,57.97840428352356
1.402818,8.549493,1.161677,5.711122,8.957217,0.942429,58.03614139556885
