1.568521,8.329339,1.190092,5.496747,8.597635,0.907678,0.38008737564086914
1.568521,8.329339,1.190092,5.300539,8.61968,0.913725,0.6919286251068115
1.493092,8.299195,1.198872,5.300539,8.61968,0.913725,0.7545771598815918
1.493092,8.299195,1.198872,5.300539,8.61968,0.913725,0.814333438873291
1.491679,8.327051,1.194302,5.30109,8.598993,0.896184,0.8673298358917236
1.488845,8.382913,1.185138,5.323369,8.592616,0.917111,0.9196248054504395
1.523679,8.265383,1.224479,5.298574,8.591898,0.91846,0.9699077606201172
1.571207,8.273695,1.199227,5.296613,8.564164,0.923186,1.0218987464904785
1.550563,8.238448,1.227618,5.298574,8.591898,0.91846,1.0728588104248047
1.568521,8.329339,1.190092,5.298574,8.591898,0.91846,1.131011962890625
1.490263,8.354957,1.189724,5.298574,8.591898,0.91846,1.1815881729125977
1.545112,8.34956,1.209401,5.300539,8.61968,0.913725,1.2359676361083984
1.516731,8.404662,1.20165,5.300539,8.61968,0.913725,1.288818597793579
1.490263,8.354957,1.189724,5.300539,8.61968,0.913725,1.3500046730041504
1.488845,8.382913,1.185138,5.300539,8.61968,0.913725,1.402618169784546
1.515907,8.355717,1.18832,5.300539,8.61968,0.913725,1.4538168907165527
1.461727,8.410166,1.18195,5.300539,8.61968,0.913725,1.5114390850067139
1.491083,8.403909,1.203056,5.300539,8.61968,0.913725,1.5589487552642822
1.513115,8.411673,1.179138,5.302507,8.647511,0.908982,1.6395366191864014
1.43308,8.465588,1.174145,5.300539,8.61968,0.913725,1.6922461986541748
1.46028,8.438225,1.177348,5.300539,8.61968,0.913725,1.7544820308685303
1.461727,8.410166,1.18195,5.30503,8.654698,0.886681,1.8309378623962402
1.461727,8.410166,1.18195,5.302507,8.647511,0.908982,1.888653039932251
1.46028,8.438225,1.177348,5.300539,8.61968,0.913725,1.9374430179595947
1.487424,8.410919,1.180544,5.304479,8.675392,0.90423,1.988698959350586
1.464612,8.354197,1.191129,5.302507,8.647511,0.908982,2.04128360748291
1.484575,8.467083,1.171331,5.303058,8.626821,0.891437,2.0961990356445312
1.436022,8.409412,1.183356,5.325355,8.620395,0.912375,2.150796890258789
1.43081,8.444522,1.156261,5.375572,8.601147,0.892141,2.2045934200286865
1.43749,8.381399,1.187949,5.346152,8.565606,0.92049,2.258105993270874
1.46028,8.438225,1.177348,5.325355,8.620395,0.912375,2.313364028930664
1.490263,8.354957,1.189724,5.346152,8.565606,0.92049,2.3688507080078125
1.411802,8.380642,1.189355,5.348743,8.572656,0.898228,2.425495147705078
1.436022,8.409412,1.183356,5.348157,8.593333,0.915762,2.477184534072876
1.45803,8.417166,1.15947,5.350751,8.600429,0.893488,2.531998872756958
1.45803,8.417166,1.15947,5.346738,8.544932,0.90296,2.5823636054992676
1.436022,8.409412,1.183356,5.370912,8.566327,0.919142,2.6374800205230713
1.464612,8.354197,1.191129,5.344152,8.537928,0.925209,2.6913092136383057
1.467487,8.298429,1.200275,5.373542,8.573377,0.896882,2.7489967346191406
1.46028,8.438225,1.177348,5.371516,8.545656,0.901614,2.8026740550994873
1.45658,8.445273,1.154855,5.371516,8.545656,0.901614,2.8549017906188965
1.436022,8.409412,1.183356,5.371516,8.545656,0.901614,2.9079606533050537
1.436022,8.409412,1.183356,5.371516,8.545656,0.901614,2.9623141288757324
1.43081,8.444522,1.156261,5.373542,8.573377,0.896882,3.0150954723358154
1.462364,8.333146,1.173264,5.398947,8.553373,0.878056,3.066287040710449
1.436687,8.332383,1.174668,5.396287,8.546379,0.900268,3.1221344470977783
1.43749,8.381399,1.187949,5.372111,8.524932,0.884137,3.173959493637085
2.093997,7.804025,1.230102,5.45274,8.610383,0.865867,3.2268552780151367
2.041155,7.883287,1.219511,5.440782,8.665937,0.773801,3.27947735786438
1.964735,7.907928,1.219201,5.415759,8.665222,0.775142,3.3334062099456787
1.432283,8.416412,1.160875,5.417837,8.693315,0.770322,3.3865926265716553
1.45803,8.417166,1.15947,5.474788,8.604015,0.886756,3.44105863571167
1.461727,8.410166,1.18195,5.495304,8.549271,0.894889,3.496743679046631
1.380035,8.492262,1.172345,5.445808,8.547826,0.897578,3.55153751373291
1.422532,8.436353,1.265919,5.418985,8.519436,0.903648,3.6009459495544434
1.416576,8.548555,1.247607,5.398334,8.574097,0.895536,3.6536107063293457
2.092541,7.923213,1.446884,5.397713,8.594768,0.913066,3.70767879486084
1.948821,7.785352,1.476954,5.422482,8.595485,0.911719,3.7622575759887695
2.018402,7.641884,2.004966,5.411594,8.566991,1.001148,3.815378189086914
1.686254,8.339037,1.979163,5.506327,8.58302,1.035994,3.8663957118988037
1.701289,8.307946,2.074799,5.494689,8.55407,1.126297,3.9226136207580566
1.716416,8.276665,2.17102,5.549913,8.637647,1.109683,3.9727671146392822
1.665737,8.209217,2.300488,5.678714,8.557757,1.201713,4.023879051208496
1.648431,8.195621,2.491192,5.819329,8.43801,1.343086,4.075883626937866
1.62899,8.255686,2.673227,5.871219,8.357973,1.440027,4.129962682723999
-2.663141,8.099828,4.151387,4.767882,8.764723,2.648426,6.262781858444214
-0.239691,8.288246,3.549577,4.323044,7.810317,4.36042,9.059902667999268
-0.059702,8.273995,3.463858,4.404066,7.853944,4.295465,9.112502574920654
-0.026214,8.112859,3.460429,4.578864,7.80279,4.211221,9.164374113082886
0.085267,8.055442,3.361156,4.74071,7.768701,4.073823,9.214581489562988
0.080686,8.04217,3.263288,4.919968,7.737071,3.988176,9.268357992172241
0.142113,8.054765,3.158197,5.057581,7.7983,3.611971,9.320212125778198
0.169926,8.071571,3.178742,5.117804,7.764279,3.587782,9.37080430984497
0.199791,8.15591,3.13934,5.17969,7.788642,3.580197,9.423884391784668
0.237727,8.166064,3.110739,5.127821,7.739253,3.666568,9.47754955291748
0.278243,8.217329,3.100491,5.097684,7.783258,3.789435,9.53072714805603
0.280775,8.192375,3.104128,5.056579,7.759913,3.795532,9.585028171539307
0.331251,8.209854,3.123157,4.979051,7.779257,3.797881,9.633630990982056
0.34609,8.061149,3.144818,4.940956,7.799981,3.797416,9.684401512145996
0.338759,8.069681,3.11925,4.940956,7.799981,3.797416,9.738977193832397
0.314173,8.186333,3.053658,4.826188,7.862415,3.796014,9.793174743652344
0.314173,8.186333,3.053658,4.826188,7.862415,3.796014,9.84473466873169
0.540395,8.152083,3.020635,4.731966,7.948243,3.789874,9.898561716079712
0.540395,8.152083,3.020635,4.727004,7.929574,3.844317,9.950875520706177
0.556666,8.028711,2.965081,4.670965,7.959279,3.818027,10.001669645309448
0.633977,7.93189,2.975282,4.635765,8.012242,3.787015,10.053353786468506
0.665484,7.637643,2.94572,4.632212,8.222449,3.679896,10.108293294906616
0.717006,7.631855,2.967743,4.621748,8.284465,3.569503,10.16472601890564
0.709159,7.527503,3.008445,4.652712,8.385078,3.476676,10.217569351196289
0.699443,7.512495,3.059881,4.661882,8.462499,3.388974,10.269315958023071
0.863634,7.624822,3.302952,4.974182,8.712675,2.788579,10.694306135177612
0.925645,7.674354,3.291667,5.03333,8.614796,2.799804,10.74696159362793
1.117542,7.68875,3.252934,4.935011,8.439263,2.8324,10.796053647994995
1.029572,7.685815,3.258781,4.968962,8.293983,2.852344,10.88831090927124
1.029572,7.685815,3.258781,4.982208,8.338033,2.724629,10.959131479263306
1.043912,7.718143,3.228302,5.005105,8.322868,2.701649,11.010403871536255
1.069565,7.671293,3.233811,5.024228,8.218045,2.668852,11.063781261444092
1.095557,7.688017,3.254395,5.047158,8.202638,2.64608,11.116101264953613
1.047948,7.734111,3.250362,5.024719,8.161319,2.630041,11.165469646453857
1.097776,7.727669,3.27303,5.09983,7.953582,2.633839,11.219794750213623
1.068184,7.758681,3.245411,5.103756,7.944887,2.587829,11.274183988571167
1.066384,7.782563,3.241917,5.126117,7.888314,2.548304,11.327609300613403
1.088451,7.783289,3.240451,5.12494,7.806646,2.514262,11.381825923919678
1.103025,7.815984,3.209892,5.160247,7.802236,2.373698,11.435902833938599
1.088451,7.783289,3.240451,5.157853,7.73651,2.361046,11.491129636764526
1.108748,7.807933,3.235485,5.203699,7.762231,2.354391,11.542246103286743
1.154854,7.743067,3.441679,5.294256,7.7306,2.308193,11.596623659133911
1.199898,7.721024,3.442149,5.360474,7.732836,2.304053,11.650190591812134
1.054267,7.649326,3.66403,5.713152,7.886998,2.191213,11.705418825149536
1.08449,7.535361,3.678933,6.023502,7.897237,2.171971,11.758641958236694
1.08449,7.535361,3.678933,6.032212,7.911451,2.123844,11.80919861793518
1.178256,7.335171,4.061963,6.494078,7.974799,2.246962,11.863182067871094
1.190798,7.319378,4.115506,6.478029,7.952603,2.320168,11.919942855834961
1.237608,7.312899,4.139441,6.801349,7.934207,2.396407,11.972519159317017
1.251731,7.321537,4.111154,7.116799,7.977747,2.417427,12.024017333984375
1.276855,7.257034,4.118799,7.400818,8.052399,2.482013,12.074389457702637
1.22231,7.247111,4.149941,7.66429,8.069414,2.510335,12.128072023391724
1.138455,7.20864,4.134963,8.707557,8.372707,2.448144,12.179373502731323
1.145305,7.122434,4.146953,8.853439,8.433585,2.406795,12.234982967376709
1.103205,7.142464,4.146854,8.885831,8.369966,2.461188,12.290465831756592
1.079992,7.10611,4.127604,9.034251,8.327511,2.319648,12.344176054000854
0.982385,7.184068,3.993147,9.432659,8.629243,1.487955,12.396387100219727
0.965584,7.139694,4.000708,9.325994,8.463827,1.985122,12.446476697921753
0.961861,7.183328,3.994597,9.76542,8.669301,1.37682,12.501908302307129
0.905342,7.218579,3.94159,9.747176,8.41658,1.856494,12.552500486373901
0.867921,7.173158,3.950658,9.788522,8.221709,1.884814,12.6054208278656
0.844317,7.13581,3.931941,10.020178,8.159148,1.148493,12.66070008277893
0.784371,7.111663,3.939364,9.440827,7.542308,1.279552,12.716396808624268
0.791406,7.104529,3.96566,9.570487,7.619488,0.970764,12.768530130386353
0.914724,7.086792,4.037562,9.146192,7.489562,1.472208,12.82180142402649
0.901102,7.101127,3.984756,9.325984,7.600646,1.027163,12.87221097946167
0.854205,7.165104,3.978485,8.973403,7.67581,1.366331,12.926623344421387
0.861129,7.157782,4.004903,8.813371,7.568011,1.778714,12.976287126541138
0.882507,7.078629,3.98925,8.815819,7.681523,1.695184,13.028437376022339
0.926486,7.116441,4.00665,8.771846,7.775749,1.857505,13.079664707183838
0.870833,7.049112,4.020093,9.027698,8.15587,1.760901,13.131055355072021
0.916621,7.065152,4.040584,9.286273,8.384334,1.255729,13.184857368469238
0.825998,7.090975,4.016929,9.062909,8.318871,1.843766,13.235334396362305
0.831905,7.025983,4.026006,9.139319,8.425691,1.733915,13.28649353981018
0.813449,7.003637,4.030467,9.026868,8.453404,1.936365,13.33982253074646
0.811469,7.02523,4.027452,8.913312,8.508753,1.979193,13.394251108169556
0.802109,6.974425,4.061282,8.655138,8.551461,2.192335,13.444280624389648
0.774614,6.901859,4.09949,8.480128,8.626981,2.306385,13.496357917785645
0.768586,6.966007,4.090572,8.575111,8.679146,2.29273,13.551069498062134
0.773789,6.980489,4.114046,8.643106,8.668136,2.453691,13.605039119720459
0.73526,6.957581,4.119904,8.77961,8.721059,2.437394,13.65650200843811
0.489358,6.83389,4.102214,8.452173,8.783696,2.637067,14.342726945877075
0.481503,6.840452,4.075933,8.490287,8.700471,2.552295,14.395432710647583
0.48599,6.797822,4.081848,8.497067,8.606139,2.495447,14.449172496795654
0.489358,6.83389,4.102214,8.528511,8.472967,2.350406,14.499678134918213
0.473661,6.847003,4.049695,8.549661,8.424321,2.081199,14.551274299621582
0.473661,6.847003,4.049695,8.524284,8.227745,1.888457,14.601852178573608
0.478162,6.804267,4.055634,8.439992,8.004376,1.928472,14.653111219406128
0.409057,6.865047,3.974123,8.416659,7.873123,1.817729,14.70373272895813
0.427342,6.887402,3.969665,8.398963,7.775565,1.834225,14.76100206375122
0.404429,6.90825,3.968096,8.35408,7.647713,1.791261,14.814314365386963
0.414879,6.937341,3.937519,8.371953,7.666397,1.809188,14.887272834777832
0.391365,6.957277,3.859447,8.494945,7.759705,1.462993,14.937866449356079
0.407557,7.001887,3.851838,8.784059,7.989441,1.073039,14.991325616836548
0.415346,6.995145,3.877845,8.858334,8.006864,1.191791,15.043070316314697
0.413029,7.017067,3.87477,9.121228,8.199256,0.692796,15.097177267074585
0.420837,7.010261,3.900831,8.969134,8.112369,1.168757,15.15109920501709
0.441614,7.011026,3.899379,8.969134,8.112369,1.168757,15.201246976852417
0.433855,7.017833,3.873318,8.972761,8.093144,1.150731,15.254662275314331
0.321684,6.962718,3.914205,9.002797,8.055276,1.113542,15.30587124824524
0.202004,6.91451,3.928999,9.212546,8.125686,0.599908,15.36086893081665
0.069132,6.893004,3.838628,9.034831,7.952501,1.045597,15.414590835571289
-0.107467,6.893165,3.824442,9.155676,8.016678,0.721743,15.4686119556427
-0.361203,6.977229,3.475998,9.072123,7.957044,0.939737,15.520410060882568
-0.394179,7.0418,3.393905,9.060278,7.970769,0.979244,15.57253360748291
-0.268463,7.092522,3.378543,9.037269,7.970011,0.980531,15.626743078231812
0.303239,7.424682,3.342818,9.016238,7.986668,0.917071,15.676932096481323
0.465104,7.571817,3.310666,9.087821,8.118336,0.891599,15.750781536102295
0.479433,7.556685,3.36174,9.002797,8.055276,1.113542,15.802659511566162
0.551046,7.598446,3.301366,8.967348,8.099995,1.297562,15.857671022415161
0.558015,7.59083,3.326897,8.905541,8.053319,1.457824,15.910245418548584
0.590986,7.71086,3.306773,8.778726,8.166615,1.554291,15.964801788330078
0.60647,7.783208,3.294914,8.692228,8.297849,1.668903,16.018612146377563
0.68406,7.842208,3.256402,8.649091,8.385548,1.76759,16.068499088287354
0.682142,7.915877,3.171096,8.574702,8.505244,1.908994,16.120447635650635
1.008904,8.253794,3.783672,6.878649,7.817622,2.090771,20.0548734664917
0.892829,8.28434,3.760825,6.800291,7.660027,1.985683,20.102953910827637
0.842823,8.293048,3.736896,6.763296,7.628876,1.837678,20.15540075302124
0.821226,8.292393,3.73839,6.712975,7.540397,1.723231,20.205778121948242
0.785104,8.281067,3.768297,6.645512,7.542074,1.6181,20.261870622634888
0.7809,8.328915,3.761572,6.64261,7.595301,1.310479,20.315058946609497
0.783004,8.30497,3.764937,6.644856,7.602815,1.183027,20.36756181716919
0.713165,8.289116,3.745869,6.637101,7.598552,1.100747,20.420501708984375
0.684249,8.298459,3.720492,6.729615,7.555988,1.082449,20.472409963607788
0.655233,8.307786,3.695158,6.767475,7.41508,1.062687,20.52580237388611
0.669704,8.31841,3.66687,6.756777,7.293408,1.062918,20.574753284454346
0.632825,8.244887,3.680054,6.753697,7.268173,1.067283,20.62638235092163
0.650133,8.293643,3.671771,6.741136,7.23326,1.114928,20.676743030548096
0.669171,8.225956,3.732099,6.751721,7.354167,1.114928,20.730676889419556
0.683827,8.206301,3.785806,6.74693,7.349084,1.136715,20.78494882583618
0.679295,8.162295,3.844476,6.818455,7.331442,1.115376,20.837806463241577
0.679295,8.162295,3.844476,6.818455,7.331442,1.115376,20.88774275779724
0.66229,8.114494,3.852556,6.876361,7.343894,1.172564,20.938684225082397
0.66229,8.114494,3.852556,6.86124,7.328534,1.238332,20.991631984710693
0.729399,8.153799,3.868477,6.839006,7.327581,1.344419,21.043945789337158
0.553091,8.134713,3.85673,7.013285,7.5198,1.452117,21.097792863845825
0.399097,8.031473,3.829857,6.908089,7.587279,1.553705,21.15451955795288
0.159767,7.971797,3.67351,6.693899,7.823698,1.722377,21.204686641693115
0.027394,7.908795,3.589042,6.493362,7.938823,1.891602,21.25906491279602
-0.064847,7.806443,3.483349,6.393055,8.014552,2.10985,21.31129002571106
-0.180545,7.834634,2.72437,6.205527,7.942965,2.640309,21.36696171760559
-0.178718,7.541784,2.580219,6.129148,7.94117,2.716052,21.420113563537598
-0.223645,7.399963,2.395001,6.095522,7.901128,2.771653,21.47091317176819
-0.187401,7.094172,2.280824,6.043503,7.884027,2.825047,21.523217916488647
-0.112191,6.850679,2.315712,6.041058,7.860573,2.828755,21.576549530029297
0.006709,6.386063,2.203485,6.016739,7.744258,2.91959,21.63003182411194
0.056136,6.364149,2.204381,5.99829,7.766698,2.917329,21.681668758392334
0.075772,6.352204,2.272483,5.99345,7.75899,2.942784,21.735705852508545
-0.012546,6.19137,2.258331,5.930976,7.756875,2.946941,21.790071487426758
-0.019209,6.19504,2.235742,5.92626,7.749156,2.972439,21.8408260345459
-0.033497,6.057272,2.236478,5.886974,7.770841,2.97159,21.890695571899414
-0.040146,6.060676,2.214025,5.886974,7.770841,2.97159,21.94807457923889
-0.106854,5.958409,2.123458,5.847605,7.792571,2.970739,21.99988842010498
-0.100445,5.834508,2.033654,5.840811,7.723276,2.981603,22.053539991378784
0.030954,5.436893,1.983646,5.849878,7.815747,2.967105,22.103861808776855
0.161054,5.434188,1.848744,5.847605,7.792571,2.970739,22.157169103622437
0.18819,5.345484,1.840769,5.866158,7.770138,2.972978,22.20906925201416
0.202527,5.327535,1.800532,5.88238,7.724691,2.978829,22.26183247566223
0.16759,5.294673,1.660122,5.886974,7.770841,2.97159,22.312090635299683
0.245598,5.228737,1.667325,5.886974,7.770841,2.97159,22.363038539886475
0.228908,5.158824,1.679851,5.889304,7.755464,2.949714,22.41395616531372
0.257052,5.114214,1.685937,5.907824,7.733065,2.951957,22.463512420654297
0.257052,5.114214,1.685937,5.907824,7.733065,2.951957,22.51409077644348
0.288279,5.091,1.709222,5.912464,7.779313,2.944692,22.56703472137451
0.326316,5.184408,1.691723,5.910142,7.75617,2.948328,22.61951231956482
0.349848,5.185491,1.690381,5.90551,7.71,2.955581,22.66966938972473
0.135465,5.198651,1.698752,5.928641,7.733773,2.950572,22.72410750389099
0.221882,5.173027,2.017306,5.928641,7.733773,2.950572,22.77560830116272
0.186564,5.232678,2.073997,5.97026,7.735187,2.947801,22.830118894577026
0.204455,5.227124,2.139001,5.97026,7.735187,2.947801,22.880516052246094
0.249749,5.17837,2.209916,5.97026,7.735187,2.947801,22.933194398880005
0.267658,5.17299,2.275469,5.960656,7.719835,2.998816,22.984627723693848
0.429677,5.191926,2.37383,5.912062,7.72592,3.049194,23.036049842834473
0.478816,5.205219,2.47996,5.856737,7.701163,3.129115,23.089675426483154
0.296075,5.767218,2.602719,5.533651,7.834116,3.178302,23.14212918281555
0.397105,6.026046,2.785717,5.482552,7.793498,3.236621,23.196000576019287
0.353788,6.282149,2.935031,5.441467,7.829583,3.258453,23.249650478363037
0.287473,6.47847,3.146336,5.379865,7.864932,3.281765,23.30050015449524
0.448131,6.55783,3.96552,5.314907,7.826999,3.465429,23.352586269378662
0.33405,6.877863,4.080127,5.226891,7.80717,3.524127,23.404630184173584
0.225207,7.133727,4.127953,5.152812,7.770734,3.635043,23.457948684692383
0.208149,7.30655,4.182528,5.021777,7.789464,3.76801,23.510936975479126
0.205932,7.506059,4.153875,4.924074,7.80824,3.77176,23.563501119613647
0.234585,7.600888,4.059602,4.822528,7.768069,4.016283,23.61465311050415
0.216234,7.57766,4.064178,4.764086,7.766093,4.020515,23.666929721832275
0.322324,7.621539,3.99863,4.796024,7.828996,4.140013,23.71878433227539
0.553102,7.625355,4.061216,4.932156,7.922307,4.170078,23.770493030548096
0.545259,7.634,4.034343,4.932156,7.922307,4.170078,23.82507348060608
0.72254,7.667222,4.070136,5.038642,7.954989,4.079374,23.878533363342285
0.752455,7.631964,4.178342,5.045411,7.97457,4.023854,23.931259155273438
0.828498,7.701693,4.163241,5.073344,8.016805,3.963849,23.983386993408203
0.915897,7.717743,4.181481,5.137614,8.016096,3.907717,24.03252649307251
0.96012,7.754659,4.199656,5.180604,8.027079,3.877384,24.08209991455078
1.028453,7.747462,4.22257,5.261511,8.017073,3.84758,24.131842374801636
1.11994,7.776079,4.265387,5.450965,7.934914,3.846686,24.184614419937134
1.207753,7.769367,4.287,5.471063,7.900781,3.824536,24.24423837661743
1.231114,7.804943,4.306993,5.52156,7.907642,3.743368,24.297029495239258
1.322994,7.810578,4.353357,5.521993,7.872417,3.722922,24.35161805152893
1.338494,7.798724,4.327259,5.537045,7.921824,3.638527,24.40128445625305
1.408554,7.877679,4.284599,5.521412,7.93021,3.613005,24.451775312423706
1.421339,7.910443,4.252436,5.519764,7.871995,3.596305,24.504514932632446
1.430326,7.856062,4.286195,5.530554,7.875999,3.519471,24.559698343276978
1.469313,7.879664,4.280191,5.526585,7.831107,3.526294,24.61318588256836
1.475035,7.944665,4.217339,5.523383,7.828219,3.401962,24.665626764297485
1.598634,7.926156,4.211625,5.624246,7.608255,3.427888,24.71906614303589
1.598634,7.926156,4.211625,5.632953,7.62412,3.375438,24.768264532089233
1.633956,8.017533,4.196203,5.713591,7.626908,3.369878,24.819594144821167
1.639335,8.007518,4.223841,5.718114,7.634822,3.343721,24.870429277420044
1.781683,8.012078,4.213548,5.92319,7.553423,3.269005,24.920188426971436
1.781683,8.012078,4.213548,5.937894,7.576215,3.191383,24.971871614456177
1.680923,7.888937,4.317827,6.162056,7.509245,3.138736,25.02559471130371
1.618396,7.838264,4.517456,6.338747,7.514481,3.054471,25.07851219177246
1.416863,7.640071,4.667816,7.047158,7.479537,2.991825,25.131248474121094
1.389056,7.536303,4.793543,7.288657,7.486339,2.904367,25.1831955909729
1.384091,7.52477,4.768087,7.508797,7.43402,2.875037,25.236693382263184
1.372666,7.522488,4.714552,7.732169,7.439482,2.789757,25.28907322883606
1.393562,7.502074,4.715926,7.896049,7.369057,2.743579,25.339675664901733
1.383773,7.45017,4.751122,8.046341,7.197756,2.760539,25.39689326286316
1.403222,7.422564,4.835723,8.164693,7.104318,2.721042,25.448509454727173
1.369674,7.359103,4.846874,8.260317,6.977577,2.734611,25.499939918518066
1.368125,7.379775,4.844125,8.271367,6.82756,2.756827,25.554107904434204
1.279826,7.374453,4.79629,8.436322,6.685006,2.562266,25.607082843780518
1.299003,7.37513,4.794844,8.402756,6.513283,2.590739,25.657450675964355
1.225886,7.404923,4.823269,8.194787,6.0429,2.56276,25.70690894126892
1.206715,7.404249,4.824718,8.092415,5.915277,2.588535,25.761573553085327
1.22079,7.385938,4.881211,8.109049,5.922043,2.541686,25.813039541244507
1.158105,7.372359,4.860027,8.20819,5.80593,2.201438,25.868079662322998
1.150917,7.381445,4.831819,8.411676,5.881611,1.625556,25.922014713287354
1.143739,7.390516,4.803657,8.503848,5.779383,1.616708,25.973095417022705
1.131747,7.380769,4.833267,8.770018,5.753998,1.140147,26.026150226593018
1.111856,7.387008,4.751708,8.703358,5.670181,1.297646,26.080408096313477
1.06125,7.375988,4.784115,8.820706,5.615627,1.00279,26.12996768951416
1.067719,7.373658,4.729393,8.617208,5.303158,1.282933,26.1825110912323
1.060438,7.38255,4.701441,8.591125,5.242693,1.214787,26.236754894256592
1.01237,7.411133,4.673622,8.544128,5.218888,1.221081,26.292498111724854
1.01237,7.411133,4.673622,8.553912,5.207681,1.064962,26.34079337120056
0.99474,7.389373,4.677893,8.336962,5.21024,1.212839,26.39369297027588
0.963306,7.37913,4.708703,8.372797,5.334398,0.685333,26.44781470298767
0.98274,7.379814,4.70725,8.421623,5.368908,0.544789,26.499006509780884
0.992923,7.335039,4.658494,8.400338,5.385165,0.618403,26.55132269859314
0.967783,7.397547,4.651488,8.396158,5.362233,0.622554,26.60243034362793
0.963306,7.37913,4.708703,8.187528,5.291236,1.186698,26.655803203582764
0.943868,7.378446,4.710156,8.187528,5.291236,1.186698,26.71033787727356
0.887788,7.340251,4.637982,8.245986,5.33711,0.882499,26.762829780578613
0.938189,7.366272,4.685064,8.366945,5.349798,0.778426,26.818894386291504
0.953373,7.348632,4.740887,8.241428,5.317027,1.159942,26.87177848815918
0.936275,7.387318,4.682254,8.508118,5.417976,0.837126,26.923272132873535
0.95909,7.360659,4.766095,8.460383,5.4052,0.977355,26.973140716552734
0.928241,7.410841,4.733976,8.541516,5.455024,0.94555,27.028244733810425
0.935908,7.341453,4.825116,8.44617,5.47133,1.485374,27.077359914779663
0.909321,7.363574,4.878865,8.464921,5.901414,1.47487,27.14397144317627
0.89158,7.402569,4.819763,8.377252,6.170744,1.069544,27.19659948348999
0.859089,7.487214,4.865327,8.008003,6.321379,1.491342,27.25036859512329
0.705404,7.71454,4.789613,7.939445,6.483902,1.572757,27.302338123321533
-1.388849,8.008697,4.294034,5.381585,7.17172,3.23797,27.63820505142212
-1.50428,7.935276,4.312298,5.200935,7.186984,3.246974,27.692448377609253
-1.60186,7.912797,4.188424,5.091903,7.185067,3.327265,27.745372772216797
-1.655498,7.95087,4.080365,5.088857,7.178305,3.352947,27.79863739013672
-1.562432,7.168757,3.979486,5.026827,7.15424,3.360439,27.848424911499023
-1.502752,6.944339,3.854557,5.006672,7.153496,3.361821,27.89811420440674
-1.450657,6.835921,3.689834,5.008196,7.175337,3.358476,27.95206570625305
-1.395282,6.736211,3.476561,5.008196,7.175337,3.358476,28.005865335464478
-1.367701,6.5506,3.330926,5.009724,7.197214,3.355127,28.058565616607666
-1.593938,6.506252,2.776364,5.017,7.232832,3.300404,28.110992193222046
-1.649512,6.367885,2.77788,5.015462,7.210819,3.303783,28.162337064743042
-1.735979,6.275607,2.773932,5.017,7.232832,3.300404,28.21325659751892
-1.835158,6.219434,2.69525,5.014129,7.225985,3.326066,28.264533519744873
-1.742718,6.115036,2.660402,5.014129,7.225985,3.326066,28.31714630126953
-1.793333,6.028084,2.630947,4.993876,7.225245,3.32745,28.366823434829712
-1.789229,6.005052,2.634392,4.954842,7.245769,3.32685,28.4211483001709
-1.691869,5.740549,2.625388,4.947092,7.332364,3.241095,28.474842309951782
-1.757717,5.738359,2.470211,4.997892,7.377279,3.158243,28.526381969451904
-1.79683,5.720196,2.430117,4.962365,7.427949,3.128589,28.600374221801758
-1.710794,5.631747,2.439779,4.983061,7.428683,3.127198,28.6512188911438
-1.762604,5.558472,2.297862,5.040677,7.401234,3.151993,28.699720859527588
-1.750569,5.489877,2.308388,5.10089,7.380957,3.151302,28.754159688949585
-1.584708,5.294413,2.309305,5.039105,7.378751,3.155466,28.802637577056885
-1.610003,5.234655,2.232204,5.036239,7.371713,3.180971,28.88686752319336
-1.664741,5.245939,2.102002,5.033368,7.364664,3.206519,28.94016742706299
-1.655296,5.227909,2.061049,5.0523,7.343053,3.208575,28.992676973342896
-1.659586,5.190414,1.981034,5.066863,7.329752,3.25839,29.04275679588318
-1.601271,5.113025,1.862471,5.085845,7.345639,3.279259,29.09640073776245
-1.607856,5.002844,1.817476,5.060733,7.278441,3.290857,29.151524782180786
-1.644165,4.932105,1.831099,5.084058,7.286115,3.263829,29.20105266571045
-1.533631,4.84578,1.840087,5.090057,7.299954,3.212675,29.253737926483154
-1.518701,4.755569,1.85444,5.132588,7.323695,3.206469,29.30631732940674
-1.518701,4.755569,1.85444,5.111915,7.285317,3.189219,29.35905361175537
-1.494998,4.756702,1.853082,5.152851,7.2868,3.186451,29.411256313323975
-1.573658,4.798342,1.849996,5.173312,7.287541,3.185068,29.465019464492798
-1.663498,4.846635,2.059689,5.176471,7.294385,3.159611,29.518579483032227
-1.650635,4.875467,2.271186,5.170147,7.280686,3.210568,29.569637298583984
-1.604421,4.877646,2.26843,5.151385,7.30217,3.208521,29.62185502052307
-1.463872,4.960262,2.40154,5.184127,7.267678,3.260315,29.671555519104004
-1.56645,5.15544,2.375242,5.18245,7.245593,3.263718,29.750715017318726
-1.529276,5.14827,2.463389,5.18245,7.245593,3.263718,29.802321672439575
-1.495401,5.455976,3.170768,5.121675,7.280651,3.286701,29.853418111801147
-1.369149,5.424019,3.454952,5.118573,7.2737,3.312387,29.90212893486023
-1.214125,5.731655,3.642309,5.120198,7.295764,3.308999,29.957261085510254
-1.160916,6.01857,3.89448,5.138834,7.274436,3.311002,30.01004433631897
-1.189631,6.313755,4.055644,5.140475,7.296497,3.307614,30.060240268707275
-1.240603,6.575846,4.253115,5.138834,7.274436,3.311002,30.114078283309937
-1.321898,6.823411,4.32739,5.137196,7.25241,3.314386,30.165034770965576
-1.026052,7.356988,4.310087,5.034559,7.263797,3.343658,30.216546773910522
-0.818438,7.364224,4.295212,4.968231,7.247642,3.399407,30.26954221725464
-0.659244,7.414207,4.277409,4.902577,7.268025,3.474661,30.323806762695312
-0.424205,7.453327,4.229674,4.813353,7.222033,3.561676,30.37359380722046
-0.227563,7.45138,4.243294,4.761284,7.184916,3.69559,30.426077127456665
-0.014383,7.472191,4.252524,4.770978,7.156889,3.799922,30.47785472869873
0.059762,7.482228,4.088318,4.763396,7.064201,4.069086,30.529752492904663
0.252193,7.444054,4.081181,4.762107,7.043586,4.072122,30.58406162261963
0.305907,7.375393,3.957696,4.755576,7.042285,4.150209,30.634994506835938
0.526159,7.271492,3.958537,4.735416,7.021116,4.15459,30.688633680343628
0.847229,7.033612,3.921059,4.752888,7.068412,4.19856,30.74009871482849
1.034317,7.018678,3.91113,4.752888,7.068412,4.19856,30.792912006378174
1.021558,7.032379,3.858863,4.752888,7.068412,4.19856,30.844667196273804
1.17036,7.052637,3.871798,4.810688,7.090974,4.191422,30.893351078033447
1.188518,7.031856,3.950432,4.835481,7.158059,3.948134,30.947980165481567
1.206233,6.996217,3.928861,4.896115,7.167586,3.917178,31.001102447509766
1.24021,6.961791,3.982956,4.918321,7.175679,3.889038,31.05381751060486
1.254629,6.969341,3.955259,4.943513,7.226006,3.854646,31.10472822189331
1.341805,6.965575,3.975777,4.907546,7.232043,3.830735,31.159666776657104
1.408281,6.961032,3.997779,4.992963,7.271104,3.768754,31.21099019050598
1.385052,7.003192,3.993159,5.047677,7.309785,3.633625,31.261914491653442
1.406809,6.98247,3.994754,5.098404,7.355196,3.548677,31.316126346588135
1.356051,7.052525,3.962168,5.143155,7.349602,3.496844,31.366075038909912
1.42269,7.047748,3.98421,5.168089,7.34308,3.446624,31.418672800064087
1.44155,7.070075,3.979725,5.206515,7.322626,3.447192,31.469800233840942
1.456426,7.077902,3.95192,5.255226,7.323716,3.369933,31.524423837661743
1.456426,7.077902,3.95192,5.285819,7.345838,3.291119,31.57606315612793
1.456426,7.077902,3.95192,5.328165,7.369451,3.284938,31.626710891723633
1.513349,7.145238,3.938388,5.392679,7.341477,3.236233,31.678091526031494
1.614026,7.170708,3.928107,5.589703,7.282416,3.232713,31.75076723098755
1.60897,7.177998,3.901729,5.589703,7.282416,3.232713,31.800408124923706
1.64133,7.238176,4.201733,5.907491,7.201331,3.080152,31.85437273979187
1.667596,7.198954,4.337094,5.91683,7.214409,3.029689,31.905037879943848
1.7123,7.181013,4.469264,6.023856,7.186668,2.979595,31.959538459777832
1.660887,7.22544,4.519943,6.200295,7.18957,2.8972,32.010870933532715
1.569135,7.13855,4.538507,6.352213,7.146672,2.823793,32.06143760681152
1.451124,7.079882,4.528157,6.490759,7.068987,2.803844,32.11508846282959
1.401845,6.95391,4.549323,6.561002,7.060949,2.754096,32.164740562438965
1.260011,6.956267,4.532036,6.563497,6.639173,2.748952,32.21700882911682
1.208083,6.969617,4.480435,6.569477,6.528456,2.673499,32.26855659484863
1.113923,6.924603,4.493242,6.550548,6.467391,2.54712,32.322532176971436
1.021783,6.859118,4.508813,6.514364,6.352418,2.476678,32.374563217163086
0.979372,6.823577,4.490177,6.397353,6.254768,2.408861,32.426138162612915
0.968884,6.795376,4.52146,6.339351,6.176722,2.357493,32.47556138038635
0.874089,6.827666,4.390902,6.357837,6.21821,1.955333,32.525314807891846
0.812996,6.846182,4.392376,6.307145,6.149262,1.969171,32.57914352416992
0.781521,6.761853,4.406546,6.330527,6.105863,1.824783,32.632408618927
0.738113,6.801704,4.403779,6.358151,5.973419,1.844819,32.68178176879883
0.620368,6.721178,4.39686,6.446768,5.753047,1.728079,32.73480987548828
0.561185,6.718905,4.401167,6.476526,5.644711,1.744252,32.79102802276611
0.553153,6.725475,4.374441,6.490076,5.652123,1.679581,32.843913316726685
0.541449,6.718147,4.402603,6.493841,5.438306,1.672892,32.89540433883667
0.525296,6.731274,4.349196,6.560111,5.469401,1.356864,32.947500228881836
0.487844,6.709016,4.354898,6.57631,5.43467,1.261075,32.99650287628174
0.441197,6.658958,4.391486,6.58093,5.373111,1.21114,33.04901576042175
0.432893,6.66535,4.364843,6.588201,5.333669,1.1577,33.09974384307861
0.419148,6.678814,4.390121,6.547908,5.333359,1.139836,33.155699253082275
0.381902,6.656664,4.395794,6.478374,5.307754,1.147499,33.20681071281433
0.272848,6.569886,4.415547,6.532831,5.242038,1.175843,33.25929117202759
0.281595,6.563708,4.44218,6.635258,5.180504,1.181319,33.31294536590576
0.301509,6.531019,4.49831,6.744405,5.142923,1.16263,33.36297917366028
0.269132,6.501807,4.451875,6.795664,5.099004,1.207196,33.415292263031006
0.258338,6.495006,4.479945,6.827389,5.07632,1.249204,33.46726059913635
0.280839,6.442653,4.538765,6.793016,5.075592,1.593857,33.52153420448303
0.316725,6.538896,4.549142,6.761781,5.095352,1.923883,33.57317495346069
0.316725,6.538896,4.549142,6.811961,5.160158,1.910695,33.62700009346008
-0.161925,6.565921,4.392627,5.937714,5.850018,2.015727,33.6806800365448
-0.801645,6.293877,4.474454,5.844447,6.200072,1.9643,33.750407218933105
-0.892398,6.337198,4.264996,5.818552,6.174931,2.121964,33.80043935775757
-1.426016,6.220025,3.982524,5.466347,6.31153,2.77188,33.855571269989014
-1.461801,6.234519,3.906537,5.445561,6.285658,2.916203,33.90924143791199
-1.714235,6.154236,3.858626,5.314502,6.343173,3.032396,33.96136951446533
-1.985279,6.026989,3.719251,5.288017,6.370776,3.100626,34.015864610672
-2.159065,5.775004,3.570362,5.314613,6.316612,3.178393,34.066993951797485
-2.196751,5.549367,3.388369,5.360322,6.263865,3.255054,34.11968398094177
-1.744317,4.793563,3.288288,5.36447,5.931358,3.352589,34.17302441596985
-1.764258,4.679611,3.166646,5.450625,5.8158,3.364594,34.22717046737671
-1.664955,4.503209,3.142204,5.618563,5.72793,3.343559,34.278103828430176
-1.513667,4.329865,3.13775,5.693699,5.675531,3.323041,34.332130670547485
-1.387564,4.139998,3.023021,5.768732,5.623189,3.302605,34.38552141189575
-1.458434,4.003543,2.447454,5.828852,5.672006,3.080254,34.43868088722229
-1.39807,3.862338,2.445665,5.806481,5.719967,3.004556,34.488269567489624
-1.379258,3.781129,2.414687,5.874209,5.728967,2.952859,34.53828406333923
-1.251606,3.685924,2.423685,5.915925,5.751046,2.946986,34.587714195251465
-1.258605,3.579165,2.206601,5.964388,5.759239,2.89675,34.63667631149292
-1.267536,3.496843,2.220706,6.019422,5.721133,2.899355,34.68924403190613
-1.271126,3.333585,2.226861,6.101016,5.707442,2.873672,34.74010705947876
-1.324278,3.250122,2.243389,6.1383,5.688887,2.874328,34.7925820350647
-1.356728,3.244421,2.161901,6.1383,5.688887,2.874328,34.84571838378906
-1.309249,3.082821,2.123902,6.116182,5.667701,2.878899,34.89822578430176
-1.040332,2.877836,2.631113,5.649317,5.369442,3.683151,35.85058522224426
-0.991777,2.890674,2.756364,5.627804,5.3557,3.808217,35.89938020706177
-0.938562,2.9742,3.070615,5.741231,5.266894,3.838377,35.95355820655823
-0.879612,3.154397,3.516441,5.862784,5.183981,3.818291,36.00870943069458
-0.584324,3.335354,3.894581,6.045422,5.100533,3.843122,36.060640811920166
-0.407023,3.462659,4.178683,6.269512,5.034572,3.911475,36.11484169960022
-0.687351,4.287171,4.372196,6.24282,4.957946,3.99792,36.167151927948
-0.715387,4.575902,4.612177,6.184422,4.953479,4.027,36.22178077697754
-0.741949,4.822811,4.838778,6.069279,4.966956,4.007984,36.27259016036987
-0.792416,5.06389,5.046993,5.875532,5.041654,4.059203,36.32760000228882
-0.785296,5.212027,5.269108,5.617409,5.13304,4.087769,36.38083481788635
-0.723373,5.307697,5.471388,5.280947,5.201272,4.150006,36.42920923233032
-0.546474,5.347536,5.592223,4.974429,5.316519,4.279623,36.48115515708923
-0.5015,5.404306,5.331904,4.761468,5.377441,4.880629,36.534430503845215
-0.376845,5.409907,5.322241,4.667115,5.475582,4.873743,36.58543395996094
-0.258832,5.411084,5.341121,4.535628,5.498772,5.283085,36.635032415390015
-0.195961,5.46704,5.328938,4.493444,5.613573,5.270695,36.68909931182861
0.177257,5.608414,5.282832,4.202488,5.791091,5.712992,36.742952823638916
0.266144,5.61233,5.275938,4.003717,5.997627,5.701032,36.794541120529175
0.25636,5.616514,5.248643,3.995524,5.944126,5.965632,36.843584060668945
0.220712,5.614944,5.251402,3.950732,6.089442,6.095276,36.89277648925781
0.230599,5.610764,5.278695,3.956235,6.135749,5.886369,36.94446039199829
0.311374,5.609702,5.300526,3.961342,6.23987,5.786444,36.995867013931274
0.376287,5.590158,5.32605,3.900326,6.319282,5.723643,37.046130895614624
0.490273,5.599039,5.399393,3.902525,6.367911,5.660168,37.0980122089386
0.56114,5.59285,5.450508,3.888796,6.423548,5.568849,37.15205788612366
0.559054,5.610291,5.448291,3.926109,6.496338,5.415678,37.20597863197327
0.634535,5.645448,5.355014,4.382266,6.453416,5.276016,37.260446548461914
0.678386,5.652116,5.323377,4.545313,6.446315,5.099713,37.313328981399536
0.705446,5.714697,5.36807,4.776264,6.39698,4.953546,37.36558556556702
0.738405,5.723891,5.41983,4.974836,6.325916,4.814446,37.41481399536133
0.745181,5.736815,5.445361,5.273509,6.214768,4.702058,37.467047691345215
0.778038,5.755928,5.440377,5.610821,6.124,4.480995,37.523810625076294
0.734492,5.759167,5.415324,5.829767,6.074296,4.395043,37.57440114021301
0.750003,5.777604,5.411693,5.893975,6.021992,4.397992,37.625800371170044
0.827822,5.814406,5.318006,5.782608,5.98066,4.515182,37.680402517318726
0.89461,5.853241,5.307886,5.461931,6.076037,4.524118,37.75110411643982
0.886472,5.858189,5.280224,5.439061,6.050588,4.660332,37.80342102050781
0.883719,5.866119,5.142225,5.261899,6.025462,5.05014,37.85674810409546
0.859917,5.880644,5.06024,5.244232,6.003833,5.162983,37.91039514541626
0.865499,5.825688,5.067457,5.21891,5.992247,5.221026,37.963051557540894
0.866014,5.854193,5.009288,5.151874,6.018348,5.249864,38.01503896713257
0.870491,5.845892,4.956147,5.141097,6.040473,5.220277,38.06437706947327
0.899309,5.852105,4.926352,5.110729,6.027297,5.196923,38.11615824699402
0.969091,5.845149,4.976295,5.035015,6.110734,5.191254,38.16872453689575
0.987251,5.84593,4.974912,5.036419,6.128215,5.188797,38.21756911277771
1.012816,5.842041,5.00065,5.052685,6.082234,5.166459,38.267493724823
1.087281,5.848531,5.07575,5.056566,6.087895,5.138127,38.320791482925415
1.128704,5.81693,5.158839,5.045124,6.110412,5.108683,38.3704297542572
1.114945,5.847498,5.182943,5.05134,6.104096,5.054764,38.425020933151245
1.140029,5.843419,5.209084,5.010956,6.148766,4.997483,38.4756133556366
1.17231,5.834466,5.262886,5.038593,6.17581,4.777205,38.525261878967285
1.189918,5.835226,5.261515,5.03574,6.139446,4.782428,38.5805139541626
1.17231,5.834466,5.262886,5.026885,6.0873,4.684224,38.629772901535034
1.173922,5.816576,5.265216,5.003848,6.013814,4.696054,38.68064999580383
1.194755,5.827716,5.207316,5.073869,5.823458,4.586469,38.734795331954956
1.177062,5.826952,5.208688,5.023516,5.625223,4.617731,38.791118144989014
1.162657,5.836535,5.153719,5.026917,5.629104,4.59091,38.84405994415283
1.162657,5.836535,5.153719,4.934527,5.473139,4.567293,38.8962721824646
1.155472,5.841314,5.126305,4.965526,5.507226,4.30367,38.953206300735474
1.164275,5.818467,5.15609,4.954107,5.480127,4.232228,39.00652551651001
1.164275,5.818467,5.15609,4.879998,5.440569,4.242867,39.05928134918213
1.14993,5.827915,5.101329,4.829104,5.441272,4.220893,39.1109619140625
1.15524,5.819861,5.047788,4.813975,5.410308,4.175939,39.16268563270569
1.203329,5.873714,4.955883,4.895539,5.441136,4.090812,39.216490268707275
1.232839,5.880004,4.926023,4.901111,5.447314,4.039602,39.27067303657532
1.239588,5.87527,4.953121,4.887075,5.434117,3.992673,39.31962966918945
1.246348,5.870527,4.980265,4.975395,5.435272,4.011578,39.3716721534729
1.17703,5.852393,5.068859,5.148166,5.33349,4.015055,39.42184519767761
1.108504,5.760017,5.277658,5.412232,5.273293,4.006501,39.47221350669861
1.196979,5.598492,6.024557,5.702678,5.256059,3.744993,39.52547574043274
1.186495,5.462286,6.363272,6.102421,5.22693,3.436253,39.57523202896118
1.12748,5.428189,6.372266,6.533648,5.135787,3.423105,39.62798476219177
1.131172,5.357902,6.528675,7.186954,4.907824,3.48727,39.683817863464355
1.031168,5.292079,6.544956,7.548799,4.836496,3.475259,39.750725746154785
1.040642,5.288004,6.574434,7.55692,4.837981,3.451021,39.8060097694397
0.998664,5.284216,6.489268,7.844152,4.763728,3.444178,39.8549280166626
0.998664,5.284216,6.489268,7.826722,4.761077,3.492608,39.90505266189575
0.976419,5.300876,6.371033,7.816654,4.706432,3.548482,39.95867991447449
0.897717,5.341959,6.284044,7.788861,4.652898,3.558197,40.00892734527588
0.798005,5.33931,6.175686,7.752226,4.599679,3.544867,40.059422731399536
0.65631,5.293476,6.134637,7.732499,4.548182,3.483384,40.11487150192261
0.469367,5.212986,6.101742,7.594198,4.300179,3.389616,40.16666889190674
0.489069,5.233936,6.068717,7.587308,4.230492,3.331389,40.21717882156372
0.482483,5.257842,6.008675,7.677053,4.216756,3.213609,40.26953339576721
0.45549,5.313758,5.946135,7.759393,4.202619,3.120068,40.32435464859009
0.412272,5.345087,5.831401,8.016639,4.156325,2.66842,40.375643491744995
0.398453,5.357046,5.746002,8.016137,4.085864,2.744999,40.42716407775879
0.392936,5.38205,5.686762,8.133525,3.976469,2.474477,40.47954201698303
0.335751,5.396284,5.577048,8.220311,3.95085,2.115917,40.53298258781433
0.303766,5.377728,5.581896,8.205472,3.875841,2.128856,40.5865261554718
0.281258,5.40219,5.52452,8.319507,3.794198,1.829276,40.63902139663696
0.283544,5.38508,5.526673,8.273412,3.660477,1.853656,40.690988063812256
0.291369,5.398466,5.552118,7.929431,3.420491,1.930997,40.7445342540741
0.274185,5.39769,5.553478,7.755833,3.210444,1.974465,40.796952962875366
0.264022,5.401412,5.525881,7.958894,3.163883,1.323979,40.85205841064453
0.256999,5.396914,5.554838,7.989353,2.934676,0.949468,40.903064012527466
0.26723,5.393187,5.582481,8.045119,2.918987,0.767211,40.95536518096924
0.229543,5.399856,5.528603,8.061907,2.765471,0.454937,41.009512186050415
0.212299,5.399077,5.529965,7.887048,2.735121,0.8063,41.05820178985596
0.214639,5.381964,5.532114,7.954872,2.703804,0.505497,41.1085844039917
0.167398,5.401226,5.505144,7.888961,2.705349,0.721337,41.16052460670471
0.189354,5.423732,5.472743,7.866057,2.733834,0.807435,41.21155619621277
0.243749,5.408837,5.470826,7.827325,2.759117,0.877334,41.26114082336426
0.256471,5.444123,5.465104,7.961098,2.718677,0.626541,41.314664363861084
0.278926,5.466834,5.432695,8.135176,2.73251,0.475358,41.368550062179565
0.306945,5.520576,5.423345,8.169708,2.835304,0.473208,41.4195830821991
0.29477,5.542087,5.393641,8.114291,2.955769,0.885198,41.468201637268066
0.278255,5.590405,5.305546,8.176367,3.021209,0.907731,41.52164077758789
0.219745,5.615137,5.142253,8.152463,3.166721,1.219341,41.57482933998108
0.248759,5.670923,5.132476,8.273426,3.269417,1.19615,41.6278715133667
0.274085,5.764548,5.00924,7.574408,4.033218,0.665771,41.68201470375061
0.616776,5.984574,4.95458,7.38457,4.96418,0.511406,41.75063920021057
0.599898,5.994632,4.900426,7.225363,4.92822,1.136597,41.805828332901
0.596176,6.347353,4.295259,6.454825,5.488247,3.024317,41.856382608413696
0.534775,6.390834,4.086585,6.416181,5.469152,3.192143,41.90790557861328
0.314861,6.385101,3.897954,6.093469,5.794903,3.256723,41.96144461631775
0.118678,6.426764,3.678187,5.695108,6.000689,3.226507,42.011661767959595
-0.031007,6.519242,3.426232,5.393868,6.170925,3.100913,42.06051850318909
-0.117518,6.56552,3.302271,5.23471,6.332114,2.85181,42.11426901817322
-0.321551,6.773517,3.137151,5.190663,6.464424,2.580669,42.16498303413391
-0.299356,6.774355,3.135705,6.167435,6.498222,2.316479,42.217679500579834
-0.121704,6.717797,3.109755,6.238881,6.350636,2.313447,42.26621460914612
-0.008411,6.699181,3.105908,6.202994,6.217964,2.336417,42.31911849975586
-0.080822,6.622361,3.146089,6.174682,6.080783,2.538653,42.370786905288696
-0.098553,6.348688,3.309929,6.145511,5.870821,2.708809,42.4244122505188
-0.198693,6.080855,3.478444,6.177894,5.716454,2.982877,42.47726488113403
-0.102687,5.789193,3.762545,6.136746,5.501366,3.656793,42.52888321876526
-0.132388,5.542588,3.801321,6.178184,5.391481,3.670377,42.581188440322876
0.100245,5.415244,3.781231,6.154533,5.414087,3.620237,42.630574464797974
0.059257,5.253979,3.807958,6.103701,5.449119,3.618278,42.68305277824402
0.38891,5.311561,3.754276,5.973618,5.477904,3.646455,42.73441290855408
0.581765,5.400005,3.729035,6.012761,5.498465,3.640921,42.790799617767334
0.595542,5.394454,3.778131,6.02291,5.504491,3.591081,42.84398674964905
0.690724,5.515246,3.778745,6.304347,5.5013,3.549672,42.89392709732056
0.630698,5.542585,3.558133,6.360354,5.530869,3.303664,42.947561740875244
0.672631,5.64374,3.419318,6.480355,5.503103,3.253371,42.998175382614136
0.73296,5.667166,3.412105,6.579465,5.483322,3.297295,43.04810094833374
0.832041,5.765895,3.31902,6.562865,5.416923,3.569843,43.10034656524658
0.971514,5.856342,3.296825,6.515479,5.371147,3.821855,43.15129327774048
1.031013,5.901286,3.286385,6.457565,5.192877,4.197807,43.20216655731201
0.928209,5.935464,3.31132,5.634543,5.380529,4.403744,43.255736112594604
0.830254,5.960709,3.265361,5.703779,5.383745,4.398565,43.307563066482544
0.707321,5.912756,3.280057,5.89406,5.368804,4.286117,43.35859489440918
0.614855,5.808498,3.39771,5.979524,5.272617,4.243616,43.412665605545044
0.493621,5.761241,3.412231,5.988496,5.203103,4.252958,43.46365213394165
0.502143,5.644267,3.795967,5.893385,5.172668,4.543376,43.51760411262512
0.475347,5.59727,3.978986,5.885469,5.160008,4.494438,43.56619119644165
0.402455,5.534544,3.992905,5.987235,5.164859,4.486761,43.6189820766449
0.421278,5.479559,3.974818,6.226551,5.179635,4.240303,43.671717166900635
0.53601,5.524203,3.960916,6.396813,5.170418,4.230168,43.750712633132935
0.514259,5.533689,3.886108,6.409774,5.175423,4.178496,43.8028929233551
0.466114,5.478565,3.847715,6.528716,5.152664,4.099084,43.854851484298706
0.473402,5.475557,3.872496,6.542017,5.157476,4.047924,43.904752016067505
0.435598,5.453996,3.878086,6.537881,5.17271,4.070768,43.958240032196045
0.412792,5.426624,3.933309,6.585284,5.128505,3.999873,44.01195764541626
0.357602,5.384718,3.943022,6.682629,5.141112,3.893465,44.06091904640198
0.271748,5.308309,3.910094,6.807206,5.122995,3.742185,44.11391496658325
0.181009,5.270702,3.871863,6.895712,5.136565,3.614246,44.16634750366211
0.224163,5.07732,3.898038,6.588353,5.525181,3.432572,44.21938157081604
0.343392,4.952318,3.860049,6.559088,5.553776,3.335175,44.268168210983276
0.394945,4.784534,3.857471,6.565091,5.556772,3.310719,44.32032537460327
0.461964,4.631724,3.634113,6.565091,5.556772,3.310719,44.37366223335266
0.666345,4.475768,3.526242,6.510328,5.510585,3.36836,44.42323422431946
0.562278,4.308583,3.253271,6.48311,5.487651,3.397207,44.47607922554016
0.436507,4.241293,2.527094,6.444264,5.459128,3.475303,44.52734065055847
0.410018,4.077684,2.554952,6.446775,5.478128,3.472312,44.58109378814697
0.419381,3.957626,2.228574,6.446775,5.478128,3.472312,44.632185220718384
0.366145,3.832267,2.251928,6.446775,5.478128,3.472312,44.68400716781616
0.38856,3.460676,1.997648,6.409548,5.476413,3.474905,44.73686242103577
0.494482,3.285488,2.021684,6.409548,5.476413,3.474905,44.79185748100281
0.459339,3.276216,1.881233,6.409548,5.476413,3.474905,44.844162464141846
0.424204,3.147535,1.80301,6.436512,5.499233,3.445956,44.89313864707947
0.379845,3.134223,1.626566,6.459795,5.51091,3.34777,44.94803547859192
0.37699,3.112421,1.610493,6.438451,5.490808,3.352112,44.999595165252686
0.409566,3.012497,1.626042,6.432888,5.550734,3.319807,45.05083775520325
0.431183,2.971825,1.612116,6.430994,5.558792,3.247998,45.09925055503845
0.453618,2.973118,1.61085,6.436643,5.561755,3.223716,45.152753829956055
0.47882,2.996216,1.62559,6.442282,5.564712,3.199476,45.20465803146362
0.620041,3.12503,1.577128,6.409027,5.630127,3.121462,45.256826639175415
0.599391,3.10343,1.581783,6.431294,5.614251,3.099229,45.30952429771423
0.517879,3.059312,1.612989,6.469867,5.615999,3.096627,45.359352827072144
0.430021,3.033964,1.62142,6.45608,5.59027,3.147989,45.414223194122314
0.437656,3.057337,1.656923,6.43989,5.481987,3.259044,45.46400785446167
0.456282,3.048913,1.818154,6.453744,5.507039,3.207504,45.51560878753662
0.524446,3.07757,2.179208,6.467762,5.559672,3.082087,45.566072940826416
0.465768,3.015923,2.192391,6.475468,5.619012,3.072582,45.619789361953735
0.492679,2.920163,2.437714,6.346221,5.59652,3.224003,45.67089128494263
0.740903,2.97231,2.416335,6.233885,5.610921,3.228711,45.75071406364441
0.736001,2.970394,2.395773,6.223402,5.604775,3.277381,45.800880670547485
0.806786,2.92916,2.762663,6.151737,5.640472,3.276413,45.85303020477295
0.837282,2.941801,2.889856,6.14151,5.634149,3.325297,45.90419840812683
0.77625,3.0195,2.990938,6.117389,5.630121,3.351112,45.959014654159546
0.775976,3.04431,3.075851,6.102947,5.668294,3.346277,46.01123905181885
0.816363,3.181861,3.186332,6.065351,5.63071,3.330527,46.06080222129822
0.818989,3.242921,3.289804,6.014829,5.686866,3.325211,46.114495038986206
0.858532,3.349637,3.546786,5.95017,5.697286,3.375197,46.16625905036926
0.537314,4.000722,3.749293,5.615127,5.727899,3.487276,46.21957087516785
0.559513,4.180757,3.937766,5.498282,5.722122,3.640609,46.27167630195618
0.663173,4.32459,4.130505,5.409615,5.723756,3.743695,46.32430815696716
0.719712,4.3582,4.271071,5.338794,5.706848,3.849148,46.37660574913025
0.772498,4.341495,4.320169,5.312915,5.69878,3.901485,46.42654275894165
0.775576,4.36102,4.267056,5.285543,5.671899,3.956843,46.47796106338501
0.783134,4.385439,4.089174,5.219526,5.692285,4.058109,46.52852821350098
0.836366,4.424246,4.080044,5.095149,5.723987,4.061756,46.58045840263367
0.836047,4.43004,3.931937,5.053726,5.733437,4.113424,46.62985348701477
0.911083,4.452138,3.923944,4.982431,5.748892,4.115935,46.679879665374756
0.960581,4.495677,3.817051,5.009715,5.705569,4.170845,46.733701944351196
1.073609,4.538465,3.803624,5.077584,5.653287,4.173825,46.79081177711487
1.073609,4.538465,3.803624,5.074288,5.649607,4.19986,46.84311890602112
1.130202,4.55989,3.796901,5.125204,5.615264,4.20138,46.89310908317566
1.107897,4.563541,3.701161,5.14562,5.636733,4.045987,46.948946952819824
1.159604,4.586124,3.670546,5.216797,5.621401,4.043508,46.998971462249756
1.202659,4.605852,3.688959,5.265992,5.6018,4.068116,47.05026578903198
1.247062,4.606778,3.710165,5.277139,5.562248,4.098149,47.101799726486206
1.309347,4.627346,3.727338,5.24699,5.499767,4.159393,47.156638383865356
1.638771,4.662324,3.701779,5.183092,5.454492,4.220576,47.208614349365234
1.938464,4.729013,3.745619,5.179533,5.451288,4.246547,47.26129150390625
2.145681,4.714732,3.831838,5.158251,5.447264,4.273873,47.31444191932678
2.28589,4.790963,3.884805,5.119366,5.442424,4.302555,47.36690807342529
2.31745,4.786046,3.981642,5.103143,5.459593,4.301196,47.419063329696655
2.286347,4.781288,4.033645,5.135037,5.457955,4.324699,47.47262454032898
2.301199,4.801918,4.004968,5.166804,5.471787,4.219185,47.52431654930115
2.286347,4.781288,4.033645,5.234772,5.487185,4.111795,47.57653188705444
2.268307,4.762192,4.037616,5.249582,5.451464,4.115969,47.62994599342346
2.247165,4.771219,4.161729,5.418642,5.350807,4.119287,47.68396711349487
2.284858,4.755048,4.161656,5.555794,5.303388,4.117037,47.75030732154846
2.288185,4.753612,4.186594,5.555794,5.303388,4.117037,47.80452585220337
2.247865,4.753242,4.164317,5.810648,5.242682,3.935531,47.857500314712524
2.254699,4.750375,4.214233,5.815467,5.245231,3.910257,47.90923190116882
2.254004,4.768268,4.211665,5.863309,5.193407,3.914712,47.96315121650696
2.308617,4.788881,4.205101,5.898001,5.143294,3.895263,48.015607833862305
2.313869,4.733808,4.237826,5.943432,5.07393,3.902458,48.06678867340088
2.327046,4.789778,4.20377,5.964313,5.058973,3.878851,48.11933088302612
2.397065,4.812881,4.170858,5.757644,4.716657,3.893703,48.173823833465576
2.401895,4.757566,4.203604,5.686216,4.597205,3.746981,48.22488045692444
2.416107,4.795797,4.17212,5.68806,4.54884,3.611021,48.27858281135559
2.358803,4.75866,4.156339,5.6583,4.516116,3.452848,48.3303644657135
2.393278,4.743926,4.131384,5.616847,4.49829,3.364742,48.38349485397339
2.391513,4.79796,4.123574,5.609798,4.499553,3.295396,48.43577742576599
2.33331,4.77869,4.105309,5.591132,4.4986,3.296669,48.48762917518616
2.353744,4.725512,4.111802,5.540566,4.514757,3.274136,48.54177165031433
2.389043,4.781406,4.101318,5.561095,4.534025,3.26996,48.591891288757324
2.43543,4.806778,4.020345,5.560618,4.573269,3.171868,48.645766735076904
2.417292,4.787665,4.024325,5.600291,4.593727,3.166364,48.695939779281616
2.470006,4.810121,3.99298,5.670189,4.578132,3.187542,48.74767708778381
2.600669,4.834754,3.981,5.848508,4.49563,3.189508,48.79782843589783
2.603198,4.833173,4.005715,5.848508,4.49563,3.189508,48.85032844543457
2.595276,4.807871,4.108955,6.055638,4.397127,3.215108,48.901090145111084
2.666893,4.765048,4.797373,6.055638,4.397127,3.215108,48.95344352722168
2.562255,4.701131,4.944543,6.12517,4.400442,3.233369,49.005645513534546
2.348155,4.573396,5.003666,6.192552,4.350143,3.237,49.05497741699219
2.12245,4.503561,4.871719,6.221381,4.316219,3.171848,49.1051983833313
1.936624,4.4854,4.705373,6.237664,4.299144,3.173494,49.15980505943298
1.477267,4.520612,4.577089,6.324966,3.965891,3.128798,49.21202516555786
1.396794,4.484385,4.536572,6.324849,3.87387,3.008398,49.26242423057556
1.349278,4.484266,4.488819,6.321778,3.726388,2.876404,49.31600332260132
1.313036,4.482454,4.491479,6.305732,3.629353,2.739415,49.3682496547699
1.300769,4.480712,4.51799,6.240093,3.56249,2.580945,49.42099976539612
1.248232,4.463999,4.447667,6.214655,3.532966,2.416677,49.4717321395874
1.213285,4.444806,4.452751,6.221323,3.474879,2.071321,49.524163484573364
1.202619,4.425854,4.481561,6.290513,3.410794,1.894857,49.57439923286438
1.167828,4.406752,4.486623,6.283525,3.354135,1.90459,49.624847173690796
1.07231,4.385525,4.470629,6.17427,3.146503,1.76408,49.6787269115448
0.984624,4.34641,4.482075,6.219088,3.018877,1.783189,49.75066542625427
0.984624,4.34641,4.482075,6.241578,3.008827,1.665147,49.80499267578125
0.941623,4.345069,4.459763,6.245053,2.746051,1.004224,49.854127407073975
0.934997,4.345567,4.434833,6.245053,2.746051,1.004224,49.90453767776489
0.906865,4.325954,4.464822,6.175454,2.662369,1.003402,49.95678377151489
0.906865,4.325954,4.464822,6.148441,2.581501,1.000259,50.0112042427063
0.908567,4.308711,4.467214,6.153862,2.598859,0.978582,50.06034994125366
0.935127,4.292046,4.493216,6.153862,2.598859,0.978582,50.11447525024414
0.890358,4.307786,4.468544,6.148441,2.581501,1.000259,50.16628122329712
0.873873,4.289642,4.472262,6.181898,2.658503,0.966933,50.21755790710449
0.890358,4.307786,4.468544,6.171507,2.69248,0.924693,50.267571210861206
0.908567,4.308711,4.467214,6.133228,2.729128,0.919944,50.317866563797
0.943301,4.327801,4.46216,6.113153,2.76898,0.932225,50.37283968925476
0.95985,4.345991,4.458432,6.151882,2.794786,0.962874,50.42662286758423
0.941623,4.345069,4.459763,6.171345,2.838876,0.991301,50.4804949760437
0.946697,4.346991,4.408613,6.2536,2.908021,1.031315,50.533711194992065
0.965008,4.347918,4.40728,6.334175,3.050212,1.003022,50.58684849739075
0.955156,4.383276,4.377569,6.38884,3.099359,1.066778,50.640610694885254
0.953483,4.400744,4.375131,6.48145,3.163927,1.051435,50.68883728981018
1.071209,4.460525,4.333574,6.508221,3.531009,1.081043,50.74061584472656
1.158896,4.518033,4.31947,6.712923,4.287365,0.941389,50.79450464248657
1.1409,4.520717,4.245036,6.696342,4.286528,1.018727,50.84728789329529
1.206554,4.56104,4.209901,6.888379,5.137642,0.999566,50.900107860565186
1.189179,4.563979,4.135909,6.5247,5.022738,2.595252,50.9537878036499
1.201112,4.606155,4.029946,6.586159,5.39701,2.824597,51.00480556488037
1.193218,4.666615,3.923149,6.590658,5.762872,3.04371,51.053927421569824
1.245044,4.786005,3.828752,6.680624,6.168406,3.235359,51.10555577278137
1.3988,4.948983,3.746069,6.723593,6.539506,3.368973,51.15989446640015
1.990806,7.011237,3.523435,7.264802,8.244161,3.30329,51.21111845970154
1.307371,9.083756,1.766128,5.660377,9.074873,1.422287,52.34209990501404
1.403434,8.897054,1.70033,5.638141,8.904265,1.319821,52.394959688186646
1.510151,8.791105,1.55476,5.623032,8.794278,1.187156,52.44947838783264
1.552517,8.684673,1.481088,5.635262,8.757514,1.064244,52.500364542007446
1.470838,8.672688,1.116226,5.627809,8.753627,0.91715,52.552268981933594
