1.424346,7.614182,4.973616,7.665499,6.838258,6.291624,0.341538667678833
2.100786,7.075417,5.165142,7.753246,7.261373,4.620732,1.440244436264038
2.07208,7.111733,5.106627,7.763559,7.144972,4.449937,1.4963674545288086
1.926055,7.016519,5.1024,7.484142,6.4504,4.356974,1.5557775497436523
1.880014,7.012149,5.050937,7.462512,6.282757,4.202066,1.6101996898651123
1.89172,6.975978,5.110408,7.488856,6.11172,3.946883,1.6649389266967773
1.833813,6.942997,5.091378,7.530236,5.977558,3.765284,1.7167658805847168
1.833813,6.942997,5.091378,7.787726,6.101952,3.0126,1.773123025894165
1.770246,6.784796,5.117556,7.63429,5.685546,3.038674,1.8275020122528076
1.790741,6.746952,5.121242,7.636347,5.662782,2.903854,1.8819975852966309
1.789575,6.766207,5.118698,7.661555,5.573142,2.847599,1.9341471195220947
1.820392,6.775203,5.087622,7.725464,5.458625,2.6584,1.9902431964874268
1.818104,6.813917,5.082494,7.809105,5.33215,2.58413,2.050647020339966
1.80949,6.790359,5.031229,8.133523,5.282442,1.86293,2.1206576824188232
1.826649,6.810515,5.027235,8.22836,5.063368,1.851783,2.1809442043304443
1.824371,6.849519,5.022049,8.245678,4.942215,1.870581,2.228778600692749
1.829757,6.905024,4.959105,8.305728,4.85956,2.006056,2.2819931507110596
1.847103,6.925449,4.955057,8.449267,4.398127,2.072946,2.340402364730835
1.828618,6.924752,4.956472,8.34359,4.354501,2.190461,2.3952488899230957
1.866691,6.906422,4.956278,8.151692,4.345139,2.565846,2.4474291801452637
1.764545,6.898734,4.909863,8.322131,4.314338,1.968701,2.508664608001709
1.753614,6.914187,4.85394,8.433863,4.337842,1.492988,2.5623562335968018
1.725158,6.908875,4.802317,8.337606,4.372915,1.611897,2.615873098373413
1.741511,6.949628,4.795504,8.259866,4.38875,1.613197,2.669142246246338
1.922947,7.077531,4.764971,8.248,4.288328,1.550335,2.7232327461242676
1.764872,7.027155,4.728881,8.209962,4.346573,1.743942,2.7857253551483154
1.759544,7.035039,4.701124,8.328415,4.352122,1.396779,2.8442583084106445
1.460964,6.942635,4.734879,8.318432,4.371807,1.374248,2.896104097366333
1.467111,6.934995,4.762574,8.311595,4.371457,1.394363,2.955300807952881
1.316747,6.836242,4.759805,8.287125,4.35007,1.458507,3.0118422508239746
1.133727,6.75095,4.703582,8.308653,4.391531,1.410901,3.0727739334106445
1.386386,6.869149,4.642622,8.277538,4.311774,1.930204,3.133645534515381
1.516027,6.935148,4.62438,8.2869,4.330957,1.74257,3.1911957263946533
1.551595,6.977371,4.615987,8.290757,4.35082,1.739102,3.244896173477173
1.613427,6.992301,4.636458,8.307547,4.351262,1.516941,3.302642345428467
1.582262,6.962878,4.669641,8.304746,4.371106,1.414513,3.3595874309539795
1.577518,6.90657,4.731773,8.149883,4.343294,1.686771,3.4129998683929443
1.581533,6.846313,4.739904,8.246101,4.429225,1.309125,3.4651548862457275
1.604368,6.787076,4.746579,8.155288,4.442995,1.649814,3.521219491958618
1.67456,6.735241,4.802921,8.08717,4.439332,1.674097,3.5773680210113525
1.869661,6.676404,4.824452,8.264654,4.127207,1.378642,3.6368045806884766
1.85623,6.668705,4.853552,8.29487,4.108082,1.341252,3.6905391216278076
1.861369,6.661717,4.881292,8.288168,4.108123,1.361122,3.7540881633758545
1.921724,6.656876,4.90487,8.32605,3.952767,1.424565,3.808446168899536
1.906771,6.677851,4.821641,8.531243,3.944599,0.824111,3.8628931045532227
1.939085,6.677034,4.900852,8.442827,3.716682,1.28389,3.9166181087493896
1.950549,6.723894,4.866378,8.405595,3.596645,1.286778,3.972511053085327
1.958511,6.658314,4.902065,8.550523,3.68339,0.905675,4.0307533740997314
1.97493,6.798825,4.800038,8.525413,3.661919,0.91052,4.089542388916016
1.979387,6.821418,4.715591,8.412794,3.632661,1.222805,4.168870687484741
1.960605,6.8207,4.717003,8.429481,3.614071,1.225181,4.228545188903809
1.987829,6.826693,4.768211,8.419415,3.631951,1.203502,4.283806324005127
1.988826,6.806845,4.770903,8.460667,3.634283,1.201164,4.335194110870361
2.001845,6.834757,4.739108,8.525413,3.661919,0.91052,4.390094041824341
2.00652,6.827407,4.7668,8.352131,3.669433,1.238566,4.444755792617798
1.991569,6.839157,4.793264,8.312037,3.707392,1.253208,4.500016689300537
1.997307,6.811959,4.823733,8.28476,3.669779,1.318663,4.556591987609863
1.960121,6.810534,4.826553,8.253707,3.613091,1.387784,4.6065990924835205
1.944626,6.750697,4.835946,8.450504,3.5733,0.854942,4.655783414840698
1.989328,6.776839,4.883493,8.286229,3.572824,1.335008,4.7115983963012695
2.028201,6.73911,4.885956,8.275887,3.554125,1.357971,4.785444021224976
2.028201,6.73911,4.885956,8.436323,3.533634,0.880976,4.8408362865448
2.025301,6.797885,4.878035,8.393876,3.607614,1.151703,4.8964924812316895
2.020594,6.805284,4.850156,8.328123,3.615048,1.345163,4.954758405685425
2.048445,6.791182,4.904554,8.609735,3.594608,1.04936,5.011012315750122
2.03947,6.775614,4.961953,8.615586,3.571046,1.300336,5.0687549114227295
2.123923,6.845294,4.919007,8.786994,3.467002,1.32899,5.126939296722412
2.124813,6.825693,4.921646,8.802502,3.504797,1.302654,5.187645196914673
2.124813,6.825693,4.921646,8.786358,3.523052,1.300329,5.24114203453064
2.156361,6.8543,4.888178,8.839908,3.527405,1.316234,5.2961156368255615
2.138785,6.83394,4.892237,8.758837,3.51022,1.419502,5.35567831993103
2.143203,6.826397,4.92024,8.81855,3.447152,1.027568,5.406766653060913
2.105515,6.844592,4.920414,8.745294,3.420692,0.998101,5.455939531326294
2.16073,6.8467,4.916194,8.659681,3.436651,1.017938,5.508889198303223
2.137028,6.873286,4.88693,8.620212,3.511645,0.98813,5.562381982803345
2.119451,6.852893,4.890993,8.530412,3.544831,0.967815,5.618939399719238
2.137028,6.873286,4.88693,8.549864,3.54244,0.911464,5.674344539642334
2.128203,6.888559,4.831018,8.424975,3.557788,1.273258,5.731256008148193
2.173112,6.89441,4.881452,8.54585,3.52234,0.915121,5.786717176437378
2.164488,6.9098,4.825512,8.55875,3.520699,0.877727,5.8371148109436035
2.155497,6.873988,4.885522,8.504947,3.421067,0.934482,5.8908915519714355
2.159869,6.866331,4.91355,8.51773,3.419157,0.897163,5.948143243789673
2.097385,6.840057,4.867097,8.451544,3.498315,0.94213,6.007672071456909
2.144076,6.806828,4.922875,8.533407,3.53686,0.839074,6.067205905914307
2.123923,6.845294,4.919007,8.533897,3.630136,0.694209,6.125966548919678
2.102805,6.812902,4.897696,8.518059,3.572739,0.778242,6.192301511764526
2.078884,6.839351,4.868506,8.514675,3.607689,0.680712,6.24811577796936
2.097385,6.840057,4.867097,8.514675,3.607689,0.680712,6.30070686340332
2.10642,6.824988,4.923052,8.526097,3.613533,0.770784,6.356386661529541
2.091688,6.83628,4.94988,8.512848,3.653244,0.764457,6.410077810287476
2.110047,6.836982,4.948474,8.464098,3.623731,1.01344,6.463938236236572
2.123032,6.864929,4.916365,8.757672,3.54736,0.790426,6.514169454574585
2.133775,6.81057,4.977791,8.700248,3.533553,0.943404,6.5752949714660645
2.151192,6.83076,4.973772,8.726297,3.602584,0.72716,6.623004674911499
2.115486,6.809868,4.979195,8.698522,3.602073,0.746796,6.680053472518921
2.142767,6.795397,5.034126,8.545896,3.618443,1.18079,6.731685638427734
2.1565,6.80369,5.004532,8.630525,3.595789,1.0482,6.7847740650177
2.160947,6.796096,5.032724,8.630525,3.595789,1.0482,6.839412450790405
2.12003,6.802289,5.007338,8.65562,3.247744,1.33408,6.894166707992554
2.102699,6.782185,5.011337,8.48169,3.141773,1.341214,6.946431398391724
2.079825,6.789003,4.984611,8.482068,3.049948,0.797858,7.006612300872803
2.079825,6.789003,4.984611,8.307521,3.027245,0.882525,7.061971187591553
2.079825,6.789003,4.984611,8.296396,3.044178,0.861757,7.127600908279419
2.075187,6.796511,4.95653,8.20814,3.045076,1.124683,7.188327789306641
2.075187,6.796511,4.95653,8.331439,3.021465,0.809428,7.243410348892212
2.074257,6.816028,4.95391,8.360071,3.062161,0.801064,7.29994535446167
2.084372,6.812195,4.899102,8.256447,3.077991,1.229671,7.357236862182617
2.101898,6.832529,4.895051,8.219417,3.094708,1.228537,7.410708904266357
2.077957,6.859068,4.865845,8.487755,3.087067,0.556983,7.460110664367676
2.092605,6.816732,4.952505,8.247054,3.131495,1.3924,7.514679908752441
2.071489,6.784464,4.931123,8.419168,3.087676,1.22044,7.567633867263794
2.075187,6.796511,4.95653,8.41348,3.111487,1.464759,7.619300842285156
2.107324,6.805417,4.925685,8.568973,3.028668,1.110973,7.676919937133789
2.070557,6.804006,4.928496,8.352909,3.119217,1.58272,7.745683431625366
2.070557,6.804006,4.928496,8.473522,3.09275,1.235934,7.797258377075195
2.088023,6.824284,4.924458,8.300744,2.998366,1.355067,7.847777843475342
2.078884,6.839351,4.868506,8.242172,3.01291,1.5283,7.901319742202759
2.088942,6.804712,4.92709,8.150084,3.017552,1.629213,7.953654766082764
2.089124,6.77395,5.040916,8.357209,2.985536,1.016472,8.015451669692993
2.080751,6.769574,4.987214,8.455416,3.099713,1.122672,8.074654579162598
2.104512,6.743473,5.016517,8.559038,3.045164,1.089928,8.13557767868042
2.084471,6.781483,5.01274,8.657278,3.032064,1.087694,8.195470571517944
2.130029,6.767804,5.066339,8.499356,3.005278,1.810537,8.297019720077515
2.103606,6.762813,5.013929,8.452558,3.021994,1.989748,8.349777698516846
2.160947,6.796096,5.032724,8.652941,2.938825,1.774352,8.63187313079834
2.1565,6.80369,5.004532,8.732147,3.038442,1.101816,8.686063051223755
2.139146,6.783589,5.008533,8.457969,3.084865,1.544472,8.738313913345337
2.139146,6.783589,5.008533,8.495624,3.232849,1.060517,8.788348197937012
2.192956,6.805091,5.001727,8.420292,3.366676,1.325093,8.881723880767822
2.188621,6.812675,4.97358,8.564589,3.34306,0.908248,8.935731887817383
2.155635,6.823122,5.001929,8.467442,3.329488,1.06389,8.995096683502197
2.159869,6.866331,4.91355,8.571208,3.353346,0.777456,9.049993991851807
2.164248,6.858662,4.941625,8.576959,3.414687,0.784813,9.10934591293335
2.182609,6.859362,4.940219,8.572467,3.431801,0.745433,9.169250249862671
2.182609,6.859362,4.940219,8.58055,3.472329,0.738003,9.224396705627441
2.178282,6.867033,4.912143,8.63525,3.510972,0.655988,9.281087160110474
2.177434,6.886695,4.909493,8.459864,3.464348,1.022301,9.339079141616821
2.178282,6.867033,4.912143,8.386808,3.398654,1.263847,9.39808440208435
2.171353,6.842883,4.861467,8.379034,3.495876,1.266795,9.4488365650177
2.198278,6.898999,4.79749,8.540826,3.436393,0.837752,9.504677534103394
2.195859,6.887395,4.908085,8.598194,3.390691,0.715019,9.558942317962646
2.177434,6.886695,4.909493,8.555733,3.388231,0.717302,9.615561246871948
2.177434,6.886695,4.909493,8.555246,3.362827,0.649184,9.670559167861938
2.177434,6.886695,4.909493,8.530493,3.366785,0.722155,9.721535682678223
2.197522,6.848105,4.913382,8.548742,3.426606,0.692696,9.780543327331543
2.201794,6.840489,4.941447,8.561155,3.424783,0.656165,9.828676462173462
2.200966,6.860062,4.938813,8.503408,3.380233,0.923067,9.885869026184082
2.205248,6.852377,4.966937,8.458488,3.387329,1.054353,9.94142198562622
2.182609,6.859362,4.940219,8.413235,3.430499,1.143174,9.99716305732727
2.196691,6.867734,4.910736,8.497024,3.381241,0.941727,10.065679550170898
2.164248,6.858662,4.941625,8.362549,3.378058,1.268496,10.126389980316162
2.206073,6.83286,4.969559,8.47219,3.360159,0.946493,10.189881563186646
2.206073,6.83286,4.969559,8.491548,3.320631,0.933919,10.248152494430542
2.206073,6.83286,4.969559,8.482486,3.37902,0.924218,10.29957389831543
2.196467,6.816867,5.027329,8.455535,3.342449,0.987488,10.352864265441895
2.215469,6.798193,5.028521,8.4571,3.346865,1.042651,10.410907983779907
2.215469,6.798193,5.028521,8.348961,3.344995,1.351358,10.464553594589233
2.218953,6.809897,5.054182,8.417703,3.418266,1.239977,10.51734447479248
2.219767,6.790582,5.056764,8.467312,3.401903,0.976691,10.574262142181396
2.228593,6.825918,4.996317,8.370218,3.416916,1.261522,10.625874757766724
2.218953,6.809897,5.054182,8.345949,3.396292,1.266176,10.681956052780151
2.228593,6.825918,4.996317,8.356295,3.414722,1.24347,10.734770774841309
2.214652,6.817564,5.025927,8.477434,3.407627,0.772115,10.789156675338745
2.215469,6.798193,5.028521,8.312874,3.367973,1.177462,10.881612300872803
2.219767,6.790582,5.056764,8.369827,3.35845,1.007259,10.938927412033081
2.22058,6.771299,5.059341,8.413527,3.351143,0.876664,11.002568483352661
2.219767,6.790582,5.056764,8.279579,3.368921,1.216804,11.059017658233643
2.215469,6.798193,5.028521,8.287279,3.372253,1.25395,11.117483139038086
2.269961,6.800289,5.024319,8.279735,3.333442,1.260916,11.178282022476196
2.250225,6.83836,5.020524,8.309229,3.277817,1.269002,11.235474109649658
2.291452,6.812682,5.048582,8.383313,3.284284,1.056795,11.287744998931885
2.271789,6.850702,5.0448,8.399,3.190289,1.090965,11.344565153121948
2.285842,6.859182,5.015114,8.435527,3.142142,0.967339,11.405586957931519
2.271789,6.850702,5.0448,8.576778,3.166519,0.919849,11.456908464431763
2.285842,6.859182,5.015114,8.4674,3.233354,1.30724,11.51045846939087
2.277483,6.804302,5.078288,8.515697,3.274067,1.298035,11.561259269714355
2.276715,6.823587,5.075711,8.630735,3.277583,1.253915,11.619732141494751
2.29555,6.804996,5.076889,8.637183,3.281177,1.291081,11.672510623931885
2.299655,6.797298,5.105245,8.719533,3.266863,1.06311,11.725037574768066
2.298153,6.835785,5.10011,8.736002,3.248576,1.065501,11.780637979507446
2.289939,6.851396,5.043398,8.674213,3.259507,1.235962,11.830064058303833
2.267062,6.807375,5.13389,8.685427,3.272791,1.157528,11.888466596603394
2.262842,6.815141,5.105477,8.574293,3.29211,1.465182,11.942737102508545
2.286565,6.769754,5.137594,8.572255,3.307508,1.424021,11.997091293334961
2.319524,6.847881,5.124577,8.663414,3.332078,1.186189,12.056215763092041
2.337524,6.84857,5.123178,8.578565,3.356822,1.319239,12.114810466766357
2.373513,6.849947,5.120381,8.66713,3.35596,1.238854,12.177865982055664
2.337524,6.84857,5.123178,8.498515,3.439758,1.46339,12.248101234436035
2.35552,6.849258,5.12178,8.494608,3.420631,1.466799,12.297430276870728
2.393639,6.902287,5.001469,8.579928,3.383449,1.162383,12.352406740188599
2.386286,6.897187,5.085368,8.504939,3.533784,1.427827,12.408336162567139
2.390826,6.869893,5.116413,8.508857,3.596158,1.495068,12.461284875869751
2.406349,6.839929,5.091718,8.443381,3.996213,1.333424,12.513777017593384
2.387646,6.858523,5.090538,8.253139,4.066832,1.389353,12.57295036315918
2.392966,6.921805,4.998844,8.116337,4.06036,1.436391,12.624338388442993
2.378581,6.913153,5.028573,8.039794,4.040387,1.601993,12.678228855133057
2.386967,6.877839,5.087955,8.242846,4.039107,1.104154,12.731401443481445
2.386286,6.897187,5.085368,8.025228,3.999401,1.569731,12.783653974533081
2.390148,6.889184,5.113838,8.10892,3.996743,1.310536,12.835095882415771
2.372821,6.869207,5.117812,8.050552,4.061494,1.637901,12.890659093856812
2.368213,6.8965,5.086769,8.070407,4.061151,1.577082,12.945484638214111
2.372128,6.888498,5.115238,8.08374,4.024289,1.642412,13.004714965820312
2.368213,6.8965,5.086769,8.083052,3.984776,1.629031,13.064763069152832
2.386286,6.897187,5.085368,8.306458,3.964083,1.19064,13.127975225448608
2.379267,6.89369,5.031185,8.356841,3.920941,1.023917,13.186214923858643
2.37674,6.861248,5.146317,8.282891,3.906257,1.298075,13.24291181564331
2.340827,6.859876,5.149113,8.245356,3.924019,1.296869,13.300234079360962
2.354813,6.868519,5.119211,8.305807,3.939636,1.061022,13.354130506515503
2.354106,6.887812,5.116638,8.357199,3.881971,1.068505,13.41426157951355
2.372821,6.869207,5.117812,8.408418,3.879165,0.915697,13.46776008605957
2.381746,6.924613,5.054343,8.379628,3.885339,1.123993,13.520201444625854
2.359702,6.931959,5.027362,8.451103,3.858304,0.842654,13.576401233673096
2.365004,6.885082,5.060947,8.263557,3.769059,1.360981,13.62978219985962
2.381746,6.924613,5.054343,8.675734,3.534661,0.668252,13.681716203689575
2.354813,6.868519,5.119211,8.759187,3.497879,0.652901,13.745432138442993
2.350848,6.876463,5.090755,8.765645,3.497061,0.634636,13.800352096557617
2.353396,6.907137,5.114061,8.688944,3.382769,0.803754,13.853859186172485
2.353396,6.907137,5.114061,8.740614,3.374937,0.657138,13.909825801849365
2.373513,6.849947,5.120381,8.670272,3.36049,0.79014,13.961868286132812
2.372128,6.888498,5.115238,8.482954,3.310147,1.293451,14.023829221725464
2.364165,6.81433,5.181352,8.692523,3.237263,0.737735,14.08820390701294
2.328409,6.812956,5.184143,8.448204,3.271732,1.320733,14.14502477645874
2.363465,6.833446,5.178812,8.487928,3.369118,1.302312,14.203613758087158
2.345574,6.83276,5.180208,8.694201,3.31514,0.705877,14.25403642654419
2.329138,6.79387,5.186677,8.659303,3.364849,0.590233,14.307268142700195
2.333221,6.78606,5.21524,8.597725,3.453272,0.740576,14.358945369720459
2.310527,6.812268,5.185539,8.518059,3.572739,0.778242,14.41899847984314
2.345574,6.83276,5.180208,8.488239,3.593344,0.812817,14.475026607513428
2.353652,6.816895,5.237432,8.477697,3.598138,0.905084,14.528557300567627
2.355069,6.778924,5.242459,8.506757,3.639809,0.896566,14.584835052490234
2.351032,6.786747,5.213847,8.487236,3.679826,0.909152,14.634221076965332
2.351742,6.767751,5.216366,8.518486,3.739272,0.841658,14.687227249145508
2.319549,6.777551,5.245244,8.427814,3.823307,1.018484,14.740049839019775
2.319549,6.777551,5.245244,8.427814,3.823307,1.018484,14.793707847595215
2.306734,6.750146,5.277787,8.391121,3.882427,1.028938,14.847755908966064
2.306734,6.750146,5.277787,8.345686,3.884895,1.16389,14.90423321723938
2.276415,6.722186,5.311736,8.446386,3.900267,0.872907,14.95753002166748
2.2552,6.710401,5.286928,8.415719,3.959985,0.863975,15.017953872680664
2.276415,6.722186,5.311736,8.359925,3.964014,1.092408,15.075275659561157
2.254412,6.729228,5.284446,8.265526,3.989422,1.440993,15.1333327293396
2.247944,6.657022,5.350601,8.357033,3.971687,1.341731,15.208108901977539
2.24715,6.675676,5.348152,8.410966,3.935105,1.345295,15.256761074066162
2.286588,6.669409,5.374134,8.351493,3.919852,1.56678,15.312651634216309
2.287351,6.650815,5.376573,8.388039,3.902491,1.567858,15.367674350738525
2.290915,6.661755,5.402938,8.511984,3.739442,1.648328,15.426531553268433
2.277852,6.653404,5.433174,8.363422,3.806075,2.028667,15.483484506607056
2.3119,6.673279,5.427989,8.299014,3.813067,2.258943,15.536593437194824
2.3227,6.602698,5.493049,8.409439,3.862592,1.976044,15.588646173477173
2.347019,6.624643,5.544949,8.148864,4.057998,2.763623,15.675015687942505
2.35999,6.633045,5.514516,8.100991,4.163912,2.837843,15.725704908370972
2.364193,6.62532,5.543573,8.001589,4.163283,3.111604,15.779914855957031
2.30394,6.638714,5.489647,7.849033,4.400151,3.289712,15.836468935012817
2.300345,6.627986,5.463098,7.898402,4.494301,2.931973,15.890131950378418
2.210709,6.595305,5.445926,7.599099,4.541766,3.469278,15.943044900894165
2.114069,6.528742,5.490202,7.390329,4.56233,3.644137,15.99524736404419
2.07007,6.464825,5.530256,7.118111,4.595734,3.823774,16.0551016330719
2.080461,6.392528,5.681078,6.881371,4.607665,4.178887,16.116077184677124
2.036002,6.365636,5.71654,6.768719,4.665678,4.252469,16.177928924560547
2.019146,6.364949,5.717904,6.622258,4.691431,4.258608,16.235270261764526
1.994416,6.325023,5.667985,6.49638,4.697611,4.366239,16.286152839660645
1.797992,6.210729,5.69789,5.941712,4.802679,4.388851,16.337848663330078
1.768283,6.154301,5.793253,5.80425,4.806954,4.498897,16.39189600944519
1.726946,6.111233,5.830714,5.686606,4.780404,4.587237,16.444644927978516
1.694908,6.0926,5.835595,5.62036,4.825063,4.611132,16.499464750289917
1.680755,6.057507,5.841281,5.544392,4.807782,4.567585,16.551111459732056
1.69613,6.075391,5.837763,5.532336,4.846526,4.461022,16.6040141582489
1.642199,6.045028,5.817189,5.500088,4.861723,4.461059,16.65642023086548
1.571108,5.967057,5.861492,5.401349,4.890532,4.463688,16.710991382598877
1.582156,5.956533,5.833387,5.408821,4.926412,4.432683,16.785414457321167
1.575364,5.96232,5.804544,5.408821,4.926412,4.432683,16.839886903762817
1.494869,5.924565,5.815607,5.405529,4.892406,4.437743,16.897178888320923
1.48081,5.935872,5.758129,5.397161,4.888654,4.489682,16.95233988761902
1.380772,5.926204,5.625182,5.4024,4.852152,4.545506,17.013328552246094
1.349391,5.936415,5.569813,5.414994,4.851175,4.570352,17.073344230651855
1.299902,5.834745,5.559021,5.393903,4.848539,4.597794,17.131260633468628
1.295652,5.805002,5.53531,5.406397,4.847552,4.622739,17.190621614456177
1.314251,5.788353,5.536177,5.406397,4.847552,4.622739,17.244527578353882
1.314402,5.751459,5.457441,5.425846,4.833533,4.597709,17.29510498046875
1.339227,5.709965,5.40573,5.450542,4.831629,4.647634,17.346397638320923
1.398098,5.625232,5.412929,5.482232,4.816728,4.647535,17.404526710510254
1.447123,5.579847,5.387886,5.505157,4.835881,4.617563,17.458914279937744
1.609196,5.401784,5.372784,5.515569,4.818373,4.644997,17.576023817062378
1.672188,5.401771,5.506206,5.495519,4.784534,4.651138,17.636756420135498
1.755852,5.410234,5.58231,5.512162,4.785359,4.649871,17.6900691986084
1.71175,5.399551,5.53135,5.548894,4.820018,4.64246,17.74657440185547
1.687997,5.414504,5.42038,5.548894,4.820018,4.64246,17.803835153579712
1.642271,5.25738,5.335251,5.597096,4.805969,4.641098,17.85976505279541
1.668227,5.214452,5.284692,5.578705,4.788655,4.644803,17.91494393348694
1.717234,5.169075,5.260208,5.566786,4.789497,4.619835,17.97049903869629
1.749208,5.122863,5.237143,5.566786,4.789497,4.619835,18.029948234558105
1.799382,5.060594,5.215072,5.566786,4.789497,4.619835,18.088104963302612
1.812811,4.990763,4.903371,5.572198,4.770558,4.673512,18.147351264953613
1.846592,4.976979,4.693372,5.587019,4.75498,4.674669,18.207478046417236
2.148048,4.645901,4.719868,5.55562,4.769736,4.674778,18.26251196861267
2.183589,4.592858,4.468632,5.572198,4.770558,4.673512,18.312876224517822
2.221603,4.542876,4.473309,5.553892,4.753334,4.677198,18.366052389144897
2.255732,4.430571,4.310853,5.537324,4.75251,4.678463,18.417341947555542
2.275278,4.392076,3.896158,5.528288,4.73838,4.629685,18.47206449508667
2.30977,4.305463,3.858487,5.550757,4.709253,4.581054,18.523439168930054
2.396604,4.257593,3.787978,5.547852,4.724262,4.604704,18.57515263557434
2.363667,4.201954,3.822406,5.491626,4.703864,4.637072,18.63007664680481
2.410222,4.185807,3.894253,5.497825,4.721768,4.608501,18.67945122718811
2.414814,4.18732,3.77342,5.535771,4.724919,4.579873,18.736504316329956
2.426002,4.186881,3.868957,5.489456,4.67569,4.539008,18.78760266304016
2.426002,4.186881,3.868957,5.498302,4.678385,4.487215,18.84155249595642
2.46871,4.188582,3.91436,5.503714,4.647738,4.440593,18.8965961933136
2.476936,4.188237,3.986702,5.508099,4.648994,4.414883,18.947808027267456
2.452948,4.187508,3.939739,5.518557,4.668277,4.361093,19.007930994033813
2.461311,4.187169,4.012207,5.518557,4.668277,4.361093,19.070729732513428
2.237608,4.036675,4.12205,5.50925,4.702422,4.331727,19.123059034347534
2.24564,4.003072,4.175599,5.528091,4.720169,4.327919,19.18246579170227
2.26372,4.004025,4.174299,5.47839,4.734526,4.329197,19.237764835357666
2.269008,4.038521,4.218161,5.492832,4.755924,4.250074,19.291754484176636
2.244539,4.003645,4.299106,5.448397,4.724328,4.509486,19.346939086914062
2.258232,4.004876,4.397649,5.418512,4.761535,4.711225,19.40492057800293
2.176215,4.017438,4.451305,5.353693,4.815839,4.837894,19.46034026145935
2.104196,4.08009,4.573151,5.441548,4.847551,4.905726,19.510818243026733
2.015756,4.157191,4.695438,5.53794,4.92922,4.940132,19.56350803375244
0.981442,4.32092,4.741788,5.68231,5.006419,5.051362,19.61911964416504
0.687174,4.305175,4.78976,5.695869,5.030153,5.153763,19.675732612609863
0.679555,4.3056,4.764332,5.673482,5.020031,5.264197,19.728695392608643
0.260982,4.28517,4.769577,5.656578,5.012388,5.347579,19.78155207633972
0.209379,4.287394,4.618279,5.645255,5.007269,5.403434,19.837905883789062
-0.123934,4.37351,4.653649,5.630381,4.971271,5.463879,19.88988733291626
-0.095558,4.371757,4.729368,5.624693,4.968786,5.491976,19.94472336769104
-0.233964,4.4489,4.779445,5.612834,4.998808,5.488868,20.00114417076111
-0.755286,4.492572,4.808265,5.6478,4.952482,5.519804,20.05729055404663
-0.819787,4.458605,4.739429,5.65777,4.907456,5.525037,20.121208667755127
-0.947644,4.432383,4.443635,5.657228,4.950772,5.546761,20.180519819259644
-1.036682,4.384089,4.229698,5.663068,4.953226,5.518562,20.24805474281311
-1.010965,4.34882,4.233287,5.659533,4.922691,5.522882,20.304383516311646
-1.083736,4.279236,4.049783,5.663581,4.909768,5.496922,20.354163646697998
-1.059808,4.176825,3.795593,5.678859,4.910516,5.495681,20.413297414779663
-0.861703,3.909549,3.656858,5.738127,4.898252,5.492883,20.470029830932617
-0.945904,3.830365,3.532243,5.733912,4.911186,5.518839,20.52243709564209
-0.972375,3.753935,3.498696,5.755215,4.914255,5.489478,20.577035903930664
-1.026629,3.657712,3.493389,5.771052,4.871492,5.46669,20.633361339569092
-1.231441,3.521589,3.021992,5.774744,4.902024,5.462345,20.687546014785767
-1.037291,2.327242,2.763788,5.826568,5.059206,5.060324,21.71999192237854
-0.980513,2.348837,2.90876,5.844091,5.066879,4.97847,21.776090621948242
-0.713251,2.850248,2.967079,5.756911,5.151244,4.893948,21.83101725578308
-0.758164,2.931372,3.089802,5.74988,5.241411,4.8032,21.88195538520813
-0.815321,3.045595,3.187032,5.732737,5.248669,4.725011,21.93671941757202
-0.894139,3.135346,3.222464,5.750528,5.274493,4.6422,21.99365210533142
-0.816678,3.254665,3.290229,5.804169,5.319388,4.554643,22.053826808929443
-0.407748,3.409743,3.753664,5.8994,5.37183,4.260044,22.114564657211304
-0.219493,3.554527,4.031565,5.93541,5.425965,4.099131,22.175225734710693
-0.175088,3.644058,4.015357,5.953144,5.426785,4.097834,22.231322050094604
-0.157778,3.732317,3.976789,5.982684,5.400469,4.024941,22.281766176223755
-0.143616,3.768427,3.970479,6.004798,5.437646,4.018099,22.33299970626831
0.023296,3.865438,3.849084,5.972262,5.420821,3.997858,22.38762903213501
0.027024,3.865315,3.800887,5.986923,5.351833,3.982134,22.445938110351562
0.013853,3.846196,3.756773,5.998633,5.409375,3.948282,22.49918007850647
0.058102,3.866797,3.774844,6.001781,5.394027,3.925628,22.54750967025757
0.027488,3.864544,3.68174,6.019758,5.394862,3.924331,22.60238790512085
0.069107,3.921348,3.575902,6.01329,5.340113,3.932727,22.655606031417847
0.317281,4.235561,3.395367,6.002763,5.360322,3.905845,22.708045482635498
0.486894,4.579372,3.192333,5.971949,5.361461,3.8831,22.785464763641357
0.442786,4.585421,3.032444,5.987429,5.369878,3.807366,22.84046983718872
0.023939,4.887063,2.780417,5.989573,5.388344,3.804519,22.893037796020508
-0.030554,4.898138,2.601561,5.989573,5.388344,3.804519,22.950560092926025
-0.450479,4.88802,2.206826,5.979457,5.374616,3.758403,23.00864839553833
-0.563525,4.957401,2.093065,5.974365,5.371827,3.783511,23.06978130340576
-0.471479,4.880675,1.993733,5.95273,5.29984,3.771119,23.125699281692505
-0.446645,4.816502,1.98177,5.960638,5.28657,3.723984,23.18605375289917
-0.412293,4.729452,1.994461,5.96276,5.305065,3.721121,23.242757320404053
-0.41056,4.639091,2.051968,5.966677,5.2639,3.775508,23.29672908782959
-0.360791,4.517607,2.393311,5.951475,5.256274,3.850788,23.34834861755371
-0.492166,4.37895,2.576633,5.972513,5.241402,3.827172,23.40111780166626
-0.600663,4.184071,2.791792,5.975492,5.22562,3.804911,23.45935845375061
-0.551948,4.024815,2.949381,5.98058,5.228076,3.779883,23.513753175735474
-0.493336,3.929523,3.029092,5.975492,5.22562,3.804911,23.569029808044434
-0.347065,4.03503,2.981555,5.95807,5.200093,3.883057,23.622642040252686
-0.369692,4.034467,2.915186,5.950856,5.179598,3.911032,23.678637742996216
-0.39221,4.033907,2.849137,5.950856,5.179598,3.911032,23.733362674713135
-0.504845,4.008878,2.769967,5.961074,5.184374,3.860696,23.78393793106079
-0.624766,4.005264,2.425345,5.961074,5.184374,3.860696,23.838131189346313
-0.793381,4.038619,2.342136,5.96318,5.202521,3.857902,23.889729738235474
-0.816116,4.038128,2.278823,5.968281,5.204944,3.832793,23.948386669158936
-1.089335,4.003312,2.277107,5.958971,5.166255,3.863486,24.012779235839844
-1.09406,3.982341,2.259359,5.965289,5.220694,3.855104,24.071678400039673
-1.098763,3.961334,2.241657,5.935937,5.163056,3.88991,24.136725425720215
-1.189385,3.936538,2.059239,5.956871,5.148163,3.866271,24.196062803268433
-1.193786,3.958247,1.929956,5.95807,5.200093,3.883057,24.249009370803833
-1.095179,3.920631,1.931423,5.960174,5.218225,3.880268,24.304543495178223
-1.045425,3.901984,1.869711,5.95597,5.181988,3.885841,24.354012489318848
-1.019044,3.83903,1.796345,5.946675,5.143553,3.916567,24.410215616226196
-0.931806,3.673007,1.799624,5.946675,5.143553,3.916567,24.468719720840454
-0.915891,3.673532,1.778262,5.941563,5.141242,3.941784,24.520619869232178
-0.908814,3.674239,1.798311,5.941563,5.141242,3.941784,24.57520055770874
-0.888907,3.696505,1.793592,5.957308,5.124154,3.943249,24.629337787628174
-0.888907,3.696505,1.793592,5.94459,5.125571,3.919329,24.681052446365356
-0.895954,3.695832,1.773535,5.951778,5.14586,3.891396,24.736528635025024
-0.895954,3.695832,1.773535,5.95597,5.181988,3.885841,24.78650999069214
-0.888907,3.696505,1.793592,5.95597,5.181988,3.885841,24.841074228286743
-0.94117,3.736218,1.789393,5.930869,5.160709,3.915091,24.89646816253662
-0.937152,3.757936,1.806089,5.932948,5.178746,3.912321,24.954158306121826
-0.92906,3.801277,1.839613,5.91297,5.159857,3.91638,25.011601209640503
-0.962676,3.863642,1.892877,5.927865,5.176353,3.937558,25.070945501327515
-0.593343,4.046892,2.525827,5.907934,5.157507,3.941606,25.135904550552368
-0.380276,4.263596,2.479362,5.892119,5.174653,3.940137,25.196380853652954
-0.373737,4.480078,2.75445,5.888029,5.138686,3.945649,25.25036931037903
-0.400865,4.519945,2.749568,5.903824,5.121596,3.947111,25.306859016418457
-0.373432,4.508333,3.02211,5.885068,5.154304,3.968167,25.35768222808838
-0.543054,4.499954,3.03302,5.880994,5.118474,3.973651,25.413933992385864
-0.369609,4.469156,3.854578,5.860251,5.133212,3.997508,25.472304582595825
-0.548159,4.432443,4.067395,5.875991,5.116201,3.99895,25.524973392486572
-0.755082,4.394811,4.285283,5.863197,5.117622,3.974939,25.58322048187256
-0.922545,4.290451,4.462763,5.874242,5.173803,3.941427,25.63691020011902
-1.53041,3.907826,4.634524,5.868225,5.195831,3.889513,25.6885724067688
-1.573125,3.667137,4.672366,5.884154,5.178574,3.891002,25.747355699539185
-1.172332,3.280679,3.490604,5.96318,5.202521,3.857902,26.097303867340088
-1.150063,3.277353,3.397401,5.956871,5.148163,3.866271,26.156078815460205
-1.106597,3.261523,3.397383,5.961074,5.184374,3.860696,26.215736150741577
-1.160611,3.208602,3.157952,5.95597,5.181988,3.885841,26.278632402420044
-1.111147,3.228747,3.129433,5.970614,5.11292,3.870543,26.32871174812317
-1.116898,3.208619,3.110423,5.990663,5.131814,3.866477,26.384450674057007
-1.102012,3.189608,3.090137,6.010739,5.150733,3.862406,26.43887495994568
-1.17241,3.14325,3.011869,6.012878,5.168822,3.859618,26.493107318878174
-1.101885,3.31372,2.476952,5.993645,5.216994,3.707929,27.424422025680542
-1.072142,3.438691,2.584598,5.993645,5.216994,3.707929,27.479520320892334
-1.043023,3.600788,2.64394,5.998691,5.219391,3.683092,27.5338613986969
-0.966478,3.845137,2.732472,5.990728,5.232974,3.729964,27.58403182029724
-0.772615,4.087352,3.295396,6.000839,5.237855,3.680224,27.64062213897705
-0.734912,4.318432,3.397378,6.022047,5.222651,3.657007,27.693483352661133
-0.761731,4.702545,3.481605,6.022047,5.222651,3.657007,27.747881412506104
-0.746255,4.777491,3.540834,6.066022,5.24532,3.626786,27.82643747329712
-0.736977,4.776158,3.564454,6.076298,5.250176,3.577404,27.879658460617065
-0.758582,4.79855,3.51441,6.152527,5.262464,3.475293,27.933488130569458
-0.794722,4.838566,3.486524,6.242267,5.3086,3.415312,27.990989685058594
-0.742929,4.873158,3.57401,6.331504,5.23984,3.396426,28.049615144729614
-0.578531,4.962844,3.526405,6.380631,5.210709,3.327099,28.11087942123413
1.644033,5.821967,3.261755,6.357038,5.172052,3.334379,28.16931438446045
1.965594,6.068462,3.20478,6.416686,5.182463,3.235556,28.220818281173706
2.190564,6.206374,3.1702,6.416686,5.182463,3.235556,28.27408003807068
2.375045,6.358779,2.946364,6.441263,5.125324,3.266034,28.329983472824097
2.39296,6.360028,2.711971,6.441883,5.089572,3.248096,28.38307809829712
2.437933,6.333075,2.507279,6.423309,5.112609,3.176028,28.436311721801758
2.478434,6.102487,2.45097,6.461725,5.102269,3.082927,28.49003553390503
2.514768,5.964956,2.358698,6.447696,5.139691,3.078046,28.54488444328308
2.727359,5.900962,2.246305,6.483202,5.146611,3.006003,28.600576639175415
2.812638,5.757413,2.198741,6.496872,5.145527,3.028265,28.65258526802063
2.795706,5.148512,2.276013,6.502761,5.110885,2.987461,28.70760416984558
2.782929,5.162527,2.101147,6.513701,5.114716,2.94062,28.761613845825195
2.785281,4.675776,2.137515,6.433364,5.078689,2.860167,28.81812024116516
2.775932,4.681181,2.009602,6.438587,5.080502,2.836992,28.874250173568726
2.850761,4.297798,1.492167,6.392273,5.020244,2.849039,28.92860221862793
2.837858,4.300201,1.292732,6.402511,5.023629,2.802867,28.988765478134155
2.773898,3.72046,1.375049,6.433752,5.004383,2.826541,29.048136234283447
2.839648,3.576946,1.357286,6.446481,5.064555,2.793951,29.110508680343628
2.862395,3.516094,1.366658,6.428355,5.039816,2.866481,29.172178268432617
2.857946,3.450406,1.300104,6.438768,5.043288,2.820209,29.228084802627563
2.855518,3.448472,1.261729,6.449145,5.046749,2.7741,29.30702042579651
2.877918,3.449722,1.260492,6.449145,5.046749,2.7741,29.35550618171692
2.921868,3.389148,1.249581,6.438768,5.043288,2.820209,29.405529022216797
3.05682,3.172757,1.300062,6.463268,5.08325,2.812578,29.459322929382324
3.078843,3.093144,1.312776,6.468509,5.085058,2.789484,29.512476921081543
3.100849,3.074275,1.315025,6.476288,5.106494,2.763228,29.568729400634766
3.121211,3.072592,1.275879,6.464562,5.089521,2.721725,29.62134885787964
3.098265,3.069834,1.258184,6.504915,5.135506,2.645266,29.676212072372437
3.098265,3.069834,1.258184,6.482598,5.114712,2.6498,29.7298321723938
3.100849,3.074275,1.315025,6.487744,5.116534,2.626979,29.78247332572937
3.234058,3.344939,1.243017,6.618839,5.039849,2.698256,29.838758945465088
3.236262,3.470631,1.25991,6.608259,4.961573,2.711092,29.892568588256836
3.216994,3.617087,1.2939,6.669807,4.923469,2.758129,29.94418692588806
3.179078,3.723853,1.434398,6.708291,4.806487,2.863737,30.002758979797363
3.027935,3.759166,1.514894,6.76269,4.695478,2.900243,30.061153411865234
3.018485,3.825821,1.745497,6.732814,4.499021,3.436004,30.122169017791748
2.980435,3.90715,1.835838,6.789317,4.343764,3.619969,30.18846344947815
2.936914,3.94566,1.831579,6.841221,4.227283,3.63408,30.24371027946472
2.852471,3.982482,1.870772,6.807688,3.954658,3.583157,30.298434495925903
2.830788,3.981333,1.872046,6.732481,3.917229,3.593445,30.351073265075684
2.852471,3.982482,1.870772,6.72749,3.915358,3.547435,30.40594983100891
2.830788,3.981333,1.872046,6.714174,3.924554,3.339157,30.459619283676147
2.853834,3.982724,1.891282,6.639091,3.938268,3.364548,30.516623735427856
2.853834,3.982724,1.891282,6.583819,3.968149,3.317512,30.573339462280273
2.833585,3.981821,1.913101,6.512411,3.92924,3.304884,30.629586935043335
2.875478,3.983871,1.890007,6.492751,3.926034,3.238186,30.68338966369629
2.871038,4.044824,1.818318,6.501099,3.958536,3.142081,30.737545490264893
2.828648,4.063265,1.837918,6.539083,3.904634,3.035804,30.78952980041504
2.830045,4.063379,1.858431,6.544451,3.904193,3.013211,30.844563245773315
2.827441,4.042527,1.820868,6.505404,3.848569,3.001812,30.897247076034546
2.827441,4.042527,1.820868,6.515921,3.847484,2.95688,30.95169425010681
2.870884,4.065444,1.814887,6.584668,3.800211,2.567002,31.01226782798767
2.80543,4.062004,1.818714,6.604663,3.760432,2.465159,31.073869228363037
2.873538,4.065666,1.855878,6.551521,3.719061,2.432115,31.145312786102295
2.808493,4.041676,1.863119,6.561031,3.679974,2.374303,31.200632333755493
2.808493,4.041676,1.863119,6.536633,3.642052,2.381723,31.24966073036194
2.850602,4.043821,1.840063,6.557492,3.652949,2.210942,31.30516004562378
2.809724,4.062352,1.880255,6.53783,3.651851,2.212162,31.35725498199463
2.830045,4.063379,1.858431,6.54422,3.593294,2.158971,31.409738540649414
2.830231,4.042821,1.861842,6.522448,3.54903,2.064112,31.464010000228882
2.83163,4.042968,1.88238,6.504576,3.528168,2.047918,31.5196475982666
2.83163,4.042968,1.88238,6.513638,3.5402,1.922953,31.56999444961548
2.744007,3.976734,1.877147,6.377124,3.531313,1.911062,31.623021602630615
2.790124,3.999932,1.912276,6.335281,3.543267,1.830245,31.67745590209961
2.787189,3.999501,1.871201,6.351416,3.539611,1.749611,31.729272603988647
2.744787,4.038393,1.88749,6.268908,3.594701,1.784735,31.779990434646606
2.747867,4.038703,1.92867,6.284546,3.59138,1.704269,31.836034297943115
2.729638,4.017503,1.974624,6.290803,3.610044,1.680864,31.889500379562378
2.729638,4.017503,1.974624,6.290803,3.610044,1.680864,31.94514489173889
2.728058,4.017314,1.953958,6.333324,3.491993,1.619,32.0047721862793
2.727791,4.037719,1.95059,6.404643,3.473119,1.559438,32.06041622161865
2.709683,4.016557,1.996604,6.383042,3.43196,1.547735,32.11737012863159
2.712926,4.016941,2.038106,6.419938,3.368159,1.439391,32.18019962310791
2.712365,4.057524,2.031438,6.440753,3.341827,1.326731,32.25001549720764
2.712646,4.037217,2.034774,6.396359,3.319732,1.332581,32.30509042739868
2.737054,4.058905,2.071827,6.401489,3.297711,1.297639,32.360570192337036
2.713712,4.077957,2.048925,6.348514,3.237588,1.329591,32.411731004714966
2.712084,4.077862,2.028096,6.305526,3.194712,1.319712,32.468180418014526
2.735459,4.05878,2.050974,6.306794,3.173817,1.304049,32.522433280944824
2.712084,4.077862,2.028096,6.253032,3.13513,1.351544,32.57621502876282
2.733867,4.058654,2.030155,6.258941,3.153207,1.328976,32.632779121398926
2.715343,4.078051,2.069788,6.259074,3.091898,1.301143,32.68218779563904
2.692521,4.056523,2.053541,6.281121,3.133534,1.312132,32.73554992675781
2.692224,4.076829,2.050209,6.271893,3.230174,1.296038,32.78624892234802
2.676152,4.055788,2.117492,6.248537,3.209322,1.300691,32.88187003135681
2.676152,4.055788,2.117492,6.248537,3.209322,1.300691,32.937583923339844
2.679571,4.056051,2.159442,6.257895,3.288022,1.286798,32.99602460861206
2.674135,4.075898,2.093256,6.275361,3.290429,1.30477,33.05960249900818
2.632708,4.093995,2.113453,6.266869,3.31365,1.358988,33.118584871292114
2.588773,4.051153,2.101712,6.230159,3.337855,1.453574,33.17760181427002
2.589149,4.030936,2.105018,6.213935,3.375797,1.447917,33.233201026916504
2.569616,4.029982,2.127221,6.172445,3.408401,1.680588,33.28427505493164
2.554807,3.989301,2.197987,6.162286,3.379154,1.825904,33.34041142463684
2.5143,3.9873,2.2216,6.150294,3.343605,1.872678,33.3946852684021
2.533557,3.988178,2.199274,6.155905,3.388491,1.966228,33.44789004325867
2.537484,3.988668,2.241384,6.138314,3.37452,2.051056,33.5074520111084
2.537484,3.988668,2.241384,6.113362,3.401541,2.192116,33.56379985809326
2.519446,4.027866,2.278473,6.125614,3.443119,2.247034,33.615846395492554
2.525494,4.028413,2.342162,6.278354,3.71463,2.278561,33.67054986953735
2.521459,4.028048,2.299668,6.261174,3.717459,2.363318,33.72188663482666
2.563272,4.050192,2.293863,6.350758,3.875006,2.46073,33.77648448944092
2.56133,4.050048,2.27266,6.323263,3.877734,2.590743,33.83123016357422
2.587827,4.071471,2.331871,6.331805,4.069626,2.977601,33.88346838951111
2.593587,4.0718,2.395926,6.311913,4.070133,3.068408,33.93738532066345
2.662718,4.134619,2.468469,6.308456,4.159794,3.12252,33.99097752571106
2.768405,4.27847,2.483032,6.4703,4.563818,3.141873,34.0535101890564
2.814222,4.339315,2.536219,6.449624,4.649728,3.267954,34.11907744407654
2.847735,4.389123,2.994129,6.384407,4.776371,3.604632,34.17891883850098
2.821319,4.413938,3.4299,6.340529,4.868075,3.833895,34.24797964096069
2.782092,4.449145,3.426881,6.374929,4.99336,3.813277,34.30380153656006
2.774482,4.444323,3.56955,6.360475,5.056655,3.902331,34.35643744468689
2.703629,4.475139,3.640551,6.387098,5.122977,3.964467,34.40758275985718
2.579399,4.483782,3.74268,6.360508,5.186144,4.031031,34.458587884902954
2.262333,4.828519,3.856274,6.326223,5.410953,4.050414,34.51688504219055
2.155793,4.96486,3.94084,6.29086,5.409311,4.052996,34.570281744003296
2.025912,5.126905,4.123967,6.204538,5.414898,4.132813,34.623327016830444
1.974584,5.210055,4.521974,6.10722,5.413984,4.265265,34.681567430496216
1.862078,5.334305,4.641577,6.044939,5.37305,4.300617,34.73648405075073
1.590713,5.419887,4.595703,5.892241,5.483424,4.346082,34.79144501686096
1.600285,5.431593,4.645581,5.831496,5.492007,4.40005,34.881383180618286
1.600285,5.431593,4.645581,5.820852,5.485177,4.452985,34.93590259552002
1.566249,5.39351,4.653305,5.800299,5.49855,4.478206,35.000070571899414
1.565951,5.364983,4.735999,5.782387,5.470654,4.560736,35.05996489524841
1.554745,5.343016,4.766173,5.783798,5.43918,4.539224,35.117499589920044
1.592075,5.326737,4.765906,5.730641,5.419391,4.545682,35.17483854293823
1.611327,5.309663,4.766993,5.730641,5.419391,4.545682,35.22631812095642
1.62214,5.262775,4.72037,5.721893,5.407695,4.496409,35.28075337409973
1.619175,5.229848,4.699065,5.729926,5.423013,4.365709,35.3369677066803
1.635522,5.17982,4.678935,5.739935,5.429417,4.313251,35.39180111885071
1.645458,5.15016,4.630413,5.742988,5.414792,4.289767,35.4443473815918
1.676103,5.085312,4.585744,5.740223,5.346756,4.274359,35.498600244522095
1.658048,5.058764,4.487672,5.758792,5.31502,4.252397,35.55268669128418
1.6449,4.959336,4.40058,5.739376,5.296484,4.256355,35.606245040893555
1.646764,4.843318,4.290566,5.734447,5.293654,4.282335,35.659417390823364
1.764862,4.818397,4.211092,5.703368,5.327396,4.27961,35.713459491729736
1.813491,4.851359,4.278494,5.68213,5.291199,4.286214,35.77026629447937
1.836124,4.842863,4.404766,5.686933,5.294024,4.260235,35.82444190979004
1.831582,4.844568,4.379425,5.685047,5.27633,4.262894,35.87873411178589
1.822521,4.847969,4.328872,5.689835,5.279106,4.236973,35.93453907966614
1.877152,4.842916,4.427478,5.689835,5.279106,4.236973,35.98895788192749
1.894409,4.86156,4.423642,5.672319,5.278284,4.238266,36.050774335861206
1.89097,4.845511,4.400755,5.667572,5.275509,4.264187,36.112005949020386
1.925434,4.838721,4.273015,5.667572,5.275509,4.264187,36.173054933547974
1.989388,4.881794,4.212305,5.685047,5.27633,4.262894,36.24799966812134
2.007963,4.882688,4.210966,5.685047,5.27633,4.262894,36.304240226745605
2.039455,4.92259,4.178028,5.665702,5.25784,4.26684,36.358901023864746
2.043497,4.912446,4.079466,5.685047,5.27633,4.262894,36.40768837928772
2.066929,4.902868,3.980319,5.683164,5.258663,4.265548,36.46150302886963
2.331288,4.753226,3.936497,5.660952,5.255104,4.292798,36.517077922821045
2.396131,4.725567,3.838839,5.665702,5.25784,4.26684,36.56940031051636
2.401422,4.622863,3.70877,5.661971,5.222583,4.272136,36.621522188186646
2.413892,4.571278,3.64384,5.646383,5.239375,4.270782,36.6725172996521
2.451194,4.532528,3.270396,5.668571,5.242887,4.24359,36.72681427001953
2.466526,4.515998,3.225659,5.671424,5.227868,4.220403,36.78036880493164
2.46405,4.516749,3.202559,5.671424,5.227868,4.220403,36.83216118812561
2.552638,4.330211,3.272416,5.68418,5.226054,4.244955,36.885876417160034
2.51333,4.328202,3.275043,5.683164,5.258663,4.265548,36.940895557403564
2.500976,4.326058,3.345726,5.694952,5.206645,4.272198,37.0013370513916
2.541527,4.364945,3.360631,5.712368,5.207469,4.270908,37.06140422821045
2.524409,4.363492,3.385206,5.755992,5.24701,4.237132,37.11722230911255
2.504441,4.381144,3.383692,5.718092,5.217876,4.52342,37.18034839630127
2.513381,4.405589,3.830794,5.659967,5.368388,4.818236,37.23865509033203
2.47275,4.512094,3.817407,5.667351,5.436304,4.808322,37.29114246368408
2.108026,4.669119,3.963122,5.797156,5.87714,4.924062,37.347413301467896
2.015536,4.628114,3.975066,5.805083,5.946936,4.91395,37.400768518447876
1.954008,4.585085,4.059159,5.816041,5.989878,4.960895,37.453099966049194
1.852137,4.582456,4.01677,5.826794,6.032412,5.008144,37.510876417160034
1.615127,4.542346,3.866467,5.796713,6.006756,5.231134,37.56504797935486
1.296355,4.579318,3.929692,5.788337,6.029701,5.28354,37.617536306381226
0.396039,4.555846,3.940616,5.804796,5.984914,5.260852,37.673996925354004
0.210418,4.511923,3.909819,5.810978,5.990391,5.232271,37.745381593704224
0.187426,4.514385,3.837748,5.823305,6.001316,5.175268,37.80258393287659
0.033407,4.453787,3.7836,5.800868,5.995153,5.20504,37.8561749458313
0.017654,4.455145,3.73605,5.800868,5.995153,5.20504,37.90882611274719
-0.121717,4.442564,3.4363,5.798897,5.978059,5.207479,37.965551137924194
-0.139926,4.388962,3.304883,5.815164,5.978766,5.206183,38.023643016815186
0.367283,4.050826,3.166424,5.874127,5.930483,5.208307,38.08645486831665
0.413811,4.015248,3.100785,5.869812,5.942173,5.234374,38.14932346343994
0.458875,3.979219,3.103887,5.869812,5.942173,5.234374,38.2069878578186
0.51071,3.924111,2.973744,5.867796,5.925213,5.236796,38.259828090667725
0.559037,3.88771,2.909431,5.863772,5.89137,5.241627,38.31393098831177
0.585335,3.810898,2.830951,5.882234,5.863411,5.216709,38.36971998214722
0.619531,3.773389,2.790695,5.902746,5.852257,5.189451,38.42224407196045
0.587685,3.712391,2.735956,5.92764,5.828991,5.136438,38.47661519050598
0.599651,3.634038,2.682025,5.938311,5.821704,5.082544,38.53525757789612
0.724398,3.309336,2.597329,5.93227,5.724468,5.069195,38.58749508857727
0.643031,3.222514,2.508192,5.959174,5.71721,5.014485,38.63892221450806
0.6068,3.157926,2.435265,5.936723,5.754345,4.984257,38.693121910095215
0.595486,3.05596,2.367825,5.934659,5.737253,4.986735,38.744240045547485
0.52962,3.033179,2.103374,5.940872,5.741742,4.958924,38.8007447719574
0.612494,2.916446,2.05696,5.930523,5.745483,4.932457,38.85458731651306
0.60285,2.912659,2.017062,5.930523,5.745483,4.932457,38.910399436950684
0.760752,2.743882,1.996829,5.909874,5.710441,4.938734,38.96438717842102
0.789428,2.699398,1.921792,5.911921,5.727579,4.936244,39.03049612045288
0.801272,2.655592,1.868148,5.897347,5.696909,4.914839,39.09359550476074
0.796908,2.653378,1.848644,5.90746,5.735667,4.882201,39.15504860877991
0.795227,2.672688,1.845455,5.901424,5.731257,4.909843,39.21054553985596
0.773471,2.671398,1.846713,5.897347,5.696909,4.914839,39.267303228378296
0.840367,2.665767,1.945219,5.897347,5.696909,4.914839,39.321205854415894
0.797223,2.663206,1.947739,5.899384,5.71407,4.912343,39.37555718421936
0.583567,2.649408,2.144107,5.872162,5.716942,4.887298,39.43154525756836
0.895293,2.859275,2.321813,5.888789,5.717687,4.886005,39.48548722267151
0.961487,3.099306,2.66193,5.90746,5.735667,4.882201,39.54149317741394
1.064059,3.305805,3.495082,5.899455,5.761195,4.932546,39.595759868621826
1.019305,3.467617,3.588991,5.911921,5.727579,4.936244,39.64776587486267
1.00974,3.650207,3.749991,5.922128,5.76645,4.903536,39.70250463485718
0.724095,4.263497,3.842387,5.942994,5.987811,4.898432,39.75554800033569
0.593926,4.783444,3.992657,6.044045,6.180347,4.891618,39.82642650604248
0.636172,4.774693,4.140221,6.037524,6.174615,4.919703,39.880229234695435
0.613683,5.020885,4.256211,6.194547,6.311228,4.862894,39.93511509895325
0.571025,5.327227,4.315944,6.315015,6.460148,4.833876,39.99850559234619
0.562944,5.629418,4.426955,6.691572,6.7319,4.24302,40.05655837059021
0.520012,5.914077,4.414745,6.948859,6.878237,4.127386,40.115978956222534
0.522364,6.434558,4.339675,7.982926,7.234888,4.006177,40.17648005485535
0.498471,6.451739,4.26068,8.22299,7.289365,3.753735,40.23570942878723
0.498471,6.451739,4.26068,8.329834,7.27289,3.748946,40.290891885757446
0.498471,6.451739,4.26068,8.448279,7.299365,3.587275,40.34349274635315
0.502551,6.463938,4.206801,8.59309,7.310221,3.257055,40.3979971408844
0.500351,6.484561,4.203956,8.622864,7.225196,3.195171,40.449291706085205
0.508234,6.478809,4.230172,8.692442,7.156213,2.985941,40.5059769153595
0.482407,6.516797,4.148778,8.646188,7.075155,2.977299,40.56316375732422
0.508097,6.532542,4.170624,8.650365,7.012993,2.892158,40.61609220504761
0.570837,6.568241,4.109732,8.663917,6.955488,2.783234,40.671391010284424
0.590973,6.569029,4.1083,8.53533,6.630896,2.747853,40.727766275405884
0.590973,6.569029,4.1083,8.762341,6.748472,2.174785,40.78094410896301
0.601475,6.59665,4.077867,8.540702,6.614661,2.72699,40.833061933517456
0.608987,6.590721,4.103964,8.550328,6.619608,2.702676,40.88401436805725
0.601475,6.59665,4.077867,8.86082,6.717422,1.782721,40.93940782546997
0.608987,6.590721,4.103964,8.634508,6.603819,2.36034,40.99318075180054
0.629131,6.591507,4.102532,8.700031,6.544932,1.991539,41.06032109260559
0.638699,6.564716,4.131567,8.496344,6.473259,2.366346,41.117268800735474
0.611104,6.569816,4.106869,8.502817,6.485534,2.29729,41.17947459220886
0.590973,6.569029,4.1083,8.642617,6.51375,1.913185,41.23522973060608
0.583418,6.574905,4.082215,8.855738,6.626341,1.294298,41.305075883865356
0.625878,6.555564,4.082266,8.8511,6.602921,1.298399,41.357280015945435
0.631231,6.570604,4.105439,8.847012,6.375818,1.459773,41.41080069541931
0.671474,6.572179,4.102578,8.758374,6.304359,1.621948,41.46641278266907
0.618622,6.563929,4.132997,8.618613,6.184218,1.967211,41.52040481567383
0.625878,6.555564,4.082266,8.886544,6.304419,1.203201,41.57607555389404
0.613217,6.548947,4.10977,8.91978,6.288855,1.163683,41.63186955451965
0.638699,6.564716,4.131567,8.939045,6.275504,1.104549,41.68260335922241
0.651355,6.571392,4.104008,8.891949,6.221783,1.15608,41.73745131492615
0.651355,6.571392,4.104008,8.89987,6.224977,1.135024,41.79161500930786
0.689539,6.593864,4.098239,8.84544,6.098813,1.058703,41.84666061401367
0.691588,6.572966,4.101148,8.894877,6.103665,0.857796,41.90052890777588
0.689539,6.593864,4.098239,8.824188,5.998411,0.957653,41.95418071746826
0.709667,6.59465,4.096809,8.770937,5.950289,0.968341,42.01114630699158
0.718969,6.56786,4.125849,8.522906,5.874584,1.538075,42.07282519340515
0.724231,6.58275,4.149135,8.761266,5.924551,0.796946,42.131484508514404
0.730281,6.520473,4.15778,8.722759,5.874544,0.826723,42.189900398254395
0.728268,6.541198,4.154903,8.713828,5.828231,0.835025,42.24138593673706
0.744255,6.583533,4.147705,8.609688,5.549328,0.906832,42.297261476516724
0.744255,6.583533,4.147705,8.557026,5.50204,0.917361,42.34827136993408
0.737017,6.589489,4.121521,8.599368,5.497584,0.723196,42.40219569206238
0.755091,6.611149,4.117187,8.47502,5.462899,1.084564,42.453563928604126
0.764276,6.584316,4.146277,8.662456,5.493224,0.531266,42.508936166763306
0.749909,6.59622,4.093949,8.449082,5.439606,1.089745,42.5666229724884
0.72979,6.595435,4.095379,8.554753,5.495515,0.725606,42.61879086494446
0.747907,6.617148,4.091032,8.541548,5.475327,0.691459,42.6745548248291
0.757087,6.590273,4.120092,8.469127,5.579202,0.753581,42.73086190223694
0.714913,6.609584,4.120048,8.477636,5.625225,0.745302,42.78657364845276
0.714913,6.609584,4.120048,8.264843,5.558643,1.378535,42.83731532096863
0.702162,6.602796,4.147674,8.278723,5.616566,1.227263,42.89035248756409
0.709518,6.596781,4.173912,8.201972,5.591649,1.457512,42.9453661441803
0.698981,6.56925,4.204488,8.297519,5.637608,1.242855,43.00652551651001
0.673646,6.553694,4.182521,8.291321,5.623484,1.386707,43.069950342178345
0.635787,6.531411,4.188245,8.222889,5.845395,1.872351,43.131062030792236
0.643335,6.525547,4.214488,8.428988,6.047032,1.514624,43.192752838134766
0.623419,6.524762,4.215916,8.548914,6.231034,1.478231,43.25282311439514
0.623419,6.524762,4.215916,8.160303,6.236529,2.73886,43.30544471740723
0.605616,6.503346,4.220192,8.177808,6.406926,2.919318,43.35710906982422
0.633123,6.498311,4.245038,8.210605,6.582307,3.054717,43.411505460739136
0.633123,6.498311,4.245038,8.272317,6.817282,3.181888,43.46475958824158
0.698088,6.515353,4.264249,8.317168,7.021377,3.341578,43.516350984573364
0.736218,6.539246,4.336471,8.394785,7.26257,3.423242,43.57473921775818
1.603127,6.88961,4.359185,8.676536,8.234731,3.537216,43.62872123718262
1.857445,7.019857,4.482094,8.571497,8.338923,3.707008,43.67936086654663
1.886862,6.974279,4.646868,8.486435,8.265257,3.903326,43.73263454437256
3.146694,7.621656,5.042756,7.502503,8.057264,4.395901,43.99841094017029
3.181586,7.673969,5.005268,7.418197,7.992167,4.357502,44.06412625312805
3.226784,7.790043,4.792546,7.361309,7.937396,4.289426,44.11914420127869
3.203673,7.841676,4.704836,7.308243,7.884319,4.327037,44.1802773475647
3.222591,7.821194,4.706313,7.278571,7.924703,4.323541,44.23826026916504
3.011735,7.666185,4.688097,7.163013,7.93158,4.357345,44.29485726356506
2.93622,7.642663,4.696699,7.144787,7.93097,4.35872,44.34630274772644
2.834845,7.626503,4.624554,7.144787,7.93097,4.35872,44.402074337005615
2.780106,7.627782,4.439608,7.138712,7.94142,4.384351,44.457300901412964
2.742071,7.583832,4.448414,7.114807,7.971479,4.355242,44.511632204055786
2.695638,7.58856,4.370854,7.133069,7.972087,4.353865,44.56831479072571
2.740239,7.550421,4.426498,7.099091,7.919413,4.390202,44.620678424835205
2.669668,7.529,4.301402,7.105552,7.961027,4.383999,44.672303199768066
2.647672,7.276682,4.259626,7.123765,7.961635,4.382622,44.72702074050903
2.596883,6.940524,4.310947,7.117275,7.920024,4.388827,44.78644847869873
2.574135,6.997393,4.09607,7.107975,7.909669,4.41761,44.8404107093811
2.676744,7.065354,3.925199,7.150763,7.952376,4.408679,44.89289736747742
2.681768,7.051231,3.978148,7.160181,7.962848,4.379869,44.94451332092285
2.711942,7.00254,4.086167,7.138071,7.921182,4.440622,45.00189137458801
2.734049,6.9962,4.11146,7.147496,7.931615,4.411773,45.06401872634888
2.73331,7.038199,4.105464,7.168917,7.952982,4.407303,45.12076234817505
2.832672,6.95802,4.110384,7.144234,7.910888,4.414862,45.179335594177246
2.910467,7.002796,4.098755,7.137727,7.869537,4.421024,45.237792015075684
2.945446,7.0606,4.036493,7.129353,7.931007,4.413148,45.290586948394775
2.922064,7.052978,3.987715,7.129353,7.931007,4.413148,45.348140239715576
2.858776,7.043648,3.941985,7.147496,7.931615,4.411773,45.404858350753784
2.763951,7.025905,4.002072,7.156904,7.942029,4.382976,45.46026158332825
2.746873,6.997021,4.033087,7.134819,7.900514,4.443698,45.511882066726685
2.751985,6.962045,4.089342,7.175092,7.942637,4.3816,45.568917751312256
2.297932,6.987076,4.115919,7.168917,7.952982,4.407303,45.62425971031189
2.115547,7.086195,4.113756,7.150195,7.983405,4.484851,45.67556881904602
2.107619,7.100783,4.060382,7.11182,7.940381,4.601404,45.72945547103882
-0.62672,7.680308,4.860564,6.98972,7.913165,4.777411,46.11056184768677
-0.756747,7.66325,4.789181,6.979728,7.874527,4.674201,46.17173480987549
-0.935559,7.65913,4.556031,6.920363,7.832211,4.684262,46.24805235862732
-0.900878,7.571615,4.566049,6.867175,7.8304,4.688373,46.31032395362854
-0.921522,7.431633,4.479356,6.81693,7.848837,4.689521,46.36483693122864
-0.247199,6.883934,4.405447,6.80503,7.83856,4.6646,46.419757604599
-0.146811,6.860308,4.270487,6.861416,7.86068,4.657503,46.471853733062744
-0.03775,6.792563,4.142769,6.84944,7.829796,4.689744,46.52443838119507
0.11266,6.745934,4.010764,6.858406,7.840374,4.660483,46.57726740837097
0.158794,6.704759,4.013806,6.8554,7.820102,4.663459,46.63292574882507
0.074913,6.73693,3.609569,6.87932,7.881897,4.599113,46.684547424316406
0.074119,6.672305,3.519894,6.876289,7.861473,4.60212,46.73846244812012
0.175854,6.341256,3.489602,6.891063,7.861986,4.546994,46.794052600860596
0.214591,6.123997,3.422401,6.882172,7.851544,4.576031,46.88138151168823
0.177333,6.145134,3.300285,6.891063,7.861986,4.546994,46.934380292892456
0.155105,6.035293,3.198393,6.878882,7.851265,4.522418,46.98984909057617
0.098108,5.935447,2.747528,6.916573,7.861254,4.384525,47.049089670181274
0.16803,5.822045,2.646722,6.898347,7.860638,4.385902,47.11066031455994
0.245559,5.704537,2.57008,6.871014,7.79794,4.396507,47.16969919204712
0.353136,5.313471,2.626486,6.807512,7.73429,4.409807,47.22462201118469
0.34128,5.242443,2.481431,6.79475,7.722865,4.385686,47.278032064437866
0.372295,5.156918,2.493494,6.788845,7.681793,4.391792,47.33247995376587
0.370301,5.109768,2.302239,6.791795,7.702312,4.388741,47.38445425033569
0.354723,5.100547,2.151886,6.800115,7.711967,4.360265,47.43999767303467
0.330705,5.057049,2.138591,6.7859,7.661308,4.394837,47.495051860809326
0.349929,5.037647,2.119151,6.765331,7.692011,4.418641,47.54974412918091
0.353353,4.95782,2.024574,6.765331,7.692011,4.418641,47.602618932724
0.38791,4.854919,1.954508,6.75703,7.682322,4.44722,47.65563917160034
0.221977,4.632777,1.893974,6.730252,7.620573,4.457645,47.710275411605835
0.108518,4.562426,1.89031,6.765331,7.692011,4.418641,47.76639127731323
0.125904,4.560373,1.952998,6.75703,7.682322,4.44722,47.81754517555237
0.180165,4.642678,2.085373,6.75703,7.682322,4.44722,47.87194848060608
0.239173,4.634231,2.299192,6.75703,7.682322,4.44722,47.926838874816895
0.455571,4.760155,3.119606,6.76073,7.690128,4.366071,47.98491024971008
0.406229,4.872117,3.198068,6.7588,7.708636,4.310672,48.04380798339844
0.212404,5.405268,3.244503,6.772691,7.746074,4.199114,48.10292720794678
0.177674,5.519981,3.300179,6.76917,7.710743,4.125808,48.15751814842224
0.12098,5.643679,3.284532,6.741774,7.647339,4.136621,48.2159903049469
0.188106,5.693641,3.660183,6.757234,7.654513,3.927401,48.27053141593933
0.156007,5.804332,3.719426,6.747527,7.628864,3.880407,48.3244354724884
0.103764,5.91369,3.780685,6.711166,7.593654,3.862309,48.38051772117615
0.073255,5.995559,3.770371,6.692359,7.503752,3.825447,48.435611963272095
0.084649,6.028578,3.814604,6.677694,7.490103,3.802964,48.48972988128662
0.096988,6.033715,3.788102,6.641013,7.454491,3.785155,48.5455687046051
0.070743,6.016328,3.767427,6.595834,7.355448,3.777105,48.60426211357117
0.06256,6.020546,3.742435,6.57914,7.318937,3.834146,48.656795501708984
0.060919,5.990521,3.796808,6.580547,7.284804,3.813608,48.70574188232422
0.089648,5.987198,3.820452,6.558833,7.263222,3.818161,48.76257300376892
0.089648,5.987198,3.820452,6.565711,7.270794,3.79131,48.816418409347534
0.115819,6.004489,3.841226,6.562954,7.249889,3.794506,48.87106919288635
0.110124,5.988057,3.819036,6.553537,7.277655,3.765869,48.92152500152588
0.097865,5.983007,3.845554,6.545302,7.214882,3.775477,48.97778367996216
0.118293,5.983864,3.844137,6.545302,7.214882,3.775477,49.044209718704224
0.110124,5.988057,3.819036,6.560345,7.285199,3.739113,49.108131885528564
0.118293,5.983864,3.844137,6.564377,7.271669,3.715636,49.16689586639404
0.110124,5.988057,3.819036,6.535779,7.242511,3.74691,49.22935247421265
0.089648,5.987198,3.820452,6.538516,7.263489,3.743696,49.282201528549194
-0.003476,6.031426,3.670538,6.421291,7.161035,3.892778,49.33661675453186
0.012179,6.074314,3.663128,6.405087,7.180993,3.890999,49.38939929008484
-0.016879,6.077733,3.639695,6.389327,7.145522,3.948076,49.444106578826904
-0.029461,6.072587,3.665971,6.398817,7.118326,3.976858,49.499399185180664
-0.005837,6.029425,3.795198,6.471973,7.232967,3.777729,49.5560781955719
-0.011646,6.012884,3.773101,6.464871,7.281704,3.745935,49.61023473739624
-0.035469,5.97462,3.755427,6.509733,7.290631,3.716497,49.66579604148865
-0.049629,5.961983,3.708575,6.483973,7.282403,3.74457,49.7159378528595
0.059437,5.983065,3.723411,6.535779,7.242511,3.74691,49.7731614112854
0.038086,6.033159,3.6677,6.602599,7.273071,3.71291,49.82791304588318
0.054389,6.024757,3.717483,6.609465,7.280539,3.68626,49.88184475898743
0.066959,6.029826,3.691153,6.629874,7.24648,3.664794,49.937556982040405
0.056915,6.003894,3.72045,6.627061,7.225424,3.668036,49.99574518203735
0.044458,5.998866,3.746808,6.632355,7.211512,3.719858,50.057650566101074
0.003203,5.997138,3.749644,6.645765,7.170416,3.724923,50.116180658340454
0.023832,5.998002,3.748226,6.610507,7.189886,3.724431,50.17880988121033
0.023832,5.998002,3.748226,6.610507,7.189886,3.724431,50.23839712142944
0.003203,5.997138,3.749644,6.635167,7.232464,3.716639,50.29382920265198
0.003203,5.997138,3.749644,6.631779,7.245158,3.8159,50.34446382522583
-0.009066,5.992109,3.776042,6.631779,7.245158,3.8159,50.4002730846405
0.019852,5.988799,3.799643,6.653518,7.266701,3.811351,50.45585536956787
0.040388,5.98966,3.798226,6.678138,7.309188,3.803595,50.50912880897522
0.048685,5.985479,3.823286,6.711494,7.325229,3.748526,50.56280779838562
0.054472,6.00192,3.845478,6.718922,7.331515,3.797664,50.61792492866516
0.011806,5.912969,3.886436,6.745094,7.521558,3.768567,50.674349308013916
0.011806,5.912969,3.886436,6.717178,7.546832,3.817604,50.729371309280396
0.003362,5.917017,3.861329,6.695101,7.521722,3.899249,50.78051733970642
0.079936,5.961555,3.849875,6.725426,7.51466,3.923821,50.83127999305725
0.055206,5.973961,3.774726,6.717936,7.506243,3.951183,50.88624691963196
0.066655,6.007013,3.818948,6.758957,7.440393,3.906562,50.93811321258545
-0.00326,6.008665,3.798132,6.721647,7.350592,3.8709,50.99630641937256
-0.009066,5.992109,3.776042,6.689657,7.391038,3.867251,51.053333044052124
-0.000687,5.987937,3.801061,6.689657,7.391038,3.867251,51.112261056900024
-0.009066,5.992109,3.776042,6.646207,7.347852,3.876355,51.17752242088318
-0.009066,5.992109,3.776042,6.686713,7.372131,3.793964,51.23728799819946
0.022404,5.968107,3.802569,6.667712,7.371443,3.795329,51.30400061607361
0.042922,5.96897,3.801152,6.664864,7.350426,3.798544,51.35543632507324
0.022404,5.968107,3.802569,6.617018,7.320318,3.831418,51.407517194747925
0.045453,5.948313,3.804074,6.603061,7.216161,3.847319,51.46387577056885
0.045453,5.948313,3.804074,6.596719,7.264614,3.815436,51.515872955322266
0.074186,5.945089,3.827696,6.600899,7.251285,3.791782,51.56697106361389
0.086443,5.950041,3.801243,6.597021,7.231057,3.719361,51.62565898895264
0.086443,5.950041,3.801243,6.606666,7.259463,3.6895,51.6796612739563
0.094631,5.945951,3.826281,6.640805,7.274472,3.710185,51.733747482299805
0.094631,5.945951,3.826281,6.640805,7.274472,3.710185,51.784772872924805
0.143617,5.943576,3.848531,6.634256,7.323491,3.6784,51.84161686897278
0.155942,5.948537,3.822038,6.612268,7.301648,3.683014,51.898099184036255
0.176371,5.949398,3.820624,6.638339,7.309855,3.655036,51.95039224624634
0.143617,5.943576,3.848531,6.642399,7.296138,3.631737,52.006876707077026
0.13551,5.947675,3.823452,6.650915,7.359874,3.621912,52.06889343261719
0.147895,5.952631,3.796998,6.635647,7.345425,3.600024,52.13472247123718
0.186795,5.924777,3.848603,6.637299,7.401844,3.616701,52.18805456161499
0.164003,5.944436,3.847117,6.63163,7.359176,3.623277,52.24200391769409
0.137961,5.927105,3.826361,6.62733,7.31592,3.705074,52.29876685142517
0.137961,5.927105,3.826361,6.62733,7.31592,3.705074,52.3527307510376
0.13551,5.947675,3.823452,6.659124,7.366575,3.670515,52.40421152114868
0.111265,5.959932,3.748455,6.619054,7.342815,3.752118,52.46197009086609
0.103209,5.964005,3.723537,6.620506,7.398321,3.769285,52.51469945907593
0.095167,5.968071,3.698659,6.600056,7.431967,3.791126,52.56962275505066
0.108788,5.980678,3.745508,6.604275,7.508604,3.805208,52.627256870269775
0.080083,5.983931,3.721995,6.551186,7.583352,3.823476,52.681193351745605
0.075763,5.974824,3.77331,6.480082,7.773402,3.800963,52.736318588256836
0.067593,5.978948,3.748341,6.561274,7.763272,3.77148,52.79143166542053
0.059437,5.983065,3.723411,6.568215,7.772129,3.744288,52.84333801269531
0.075763,5.974824,3.77331,6.639572,7.640593,3.707771,52.89666986465454
0.075763,5.974824,3.77331,6.639572,7.640593,3.707771,52.947216749191284
0.04699,5.978083,3.749757,6.775605,7.663631,3.296653,53.0050892829895
0.04699,5.978083,3.749757,6.815095,7.53313,3.240001,53.06712055206299
0.085695,6.000593,3.743973,6.799579,7.291212,3.203991,53.12916541099548
0.085695,6.000593,3.743973,6.750941,7.243964,3.14161,53.188859939575195
0.106307,6.001457,3.742556,6.705191,7.198816,3.15122,53.24432420730591
0.085695,6.000593,3.743973,6.745232,7.182108,3.055223,53.29591727256775
0.101968,5.992242,3.793975,6.765532,7.126105,2.943416,53.346744775772095
0.104451,5.971556,3.796903,6.739446,7.081382,2.951779,53.402437686920166
0.124952,5.972418,3.795488,6.756694,7.060213,2.953928,53.45764422416687
0.163509,5.994823,3.789726,6.742059,6.951104,2.971335,53.50845909118652
0.134951,5.998145,3.766121,6.736718,6.870142,2.960292,53.56464600563049
0.160189,6.008217,3.713366,6.660315,6.66354,2.9492,53.62431597709656
0.160189,6.008217,3.713366,6.655833,6.618953,2.862653,53.675246715545654
0.184014,5.995683,3.788311,6.667734,6.629013,2.813848,53.72381138801575
0.204514,5.996543,3.786895,6.700486,6.524813,2.712296,53.779521226882935
0.212434,5.99235,3.811958,6.770426,6.58084,2.42626,53.835368394851685
0.210038,6.013015,3.809031,6.770188,6.501692,2.393685,53.889437675476074
0.194197,6.021488,3.758924,6.781614,6.510549,2.346831,53.94218301773071
0.196607,6.000729,3.761873,6.825914,6.454672,2.308469,53.997668743133545
0.206913,5.975864,3.789828,6.828739,6.283974,2.312977,54.059547662734985
0.19439,5.970859,3.816294,6.840153,6.291857,2.266756,54.120055198669434
0.19439,5.970859,3.816294,6.803472,6.213981,2.214939,54.182785987854004
0.19439,5.970859,3.816294,6.809036,6.217728,2.192047,54.24790406227112
0.173949,5.969999,3.817708,6.767138,6.215964,2.194655,54.306466579437256
0.18643,5.975003,3.791243,6.75453,6.240828,2.169444,54.360111236572266
0.173949,5.969999,3.817708,6.759971,6.244599,2.146617,54.41504955291748
0.142999,5.993963,3.791142,6.687418,6.095266,2.130703,54.46682333946228
0.17955,5.986436,3.839891,6.721426,6.08456,2.065283,54.52055525779724
0.163509,5.994823,3.789726,6.699825,6.043084,2.051431,54.575884103775024
0.163509,5.994823,3.789726,6.701655,5.983788,2.017621,54.630817890167236
0.199961,5.987293,3.838476,6.74872,6.004766,1.713254,54.684396743774414
0.220367,5.98815,3.837061,6.789586,5.97594,1.610966,54.7545280456543
0.191981,5.991492,3.813373,6.743296,5.847684,1.57196,54.83264923095703
0.220367,5.98815,3.837061,6.680773,5.76308,1.526978,54.88690996170044
0.204514,5.996543,3.786895,6.694899,5.770839,1.46317,54.940398931503296
0.212434,5.99235,3.811958,6.677266,5.66723,1.399354,55.00251531600952
0.214827,5.971719,3.81488,6.672657,5.664845,1.4204,55.062562227249146
0.253329,5.994066,3.809129,6.652452,5.643763,1.404499,55.12403082847595
0.243138,5.968424,3.838558,6.641186,5.554206,1.419964,55.18842649459839
0.263519,5.969282,3.837145,6.641186,5.554206,1.419964,55.245837926864624
0.253329,5.994066,3.809129,6.655687,5.530731,1.443543,55.296175718307495
0.250967,6.014728,3.8062,6.667664,5.55741,1.397741,55.344805002212524
0.243134,6.018971,3.781126,6.679311,5.511642,1.425142,55.39855456352234
0.227507,6.027437,3.731099,6.664836,5.535075,1.401603,55.450517892837524
0.227507,6.027437,3.731099,6.682145,5.533905,1.421296,55.506094217300415
0.222625,6.018113,3.782542,6.677534,5.53173,1.442283,55.56311774253845
0.214758,6.022348,3.757508,6.743042,5.534725,1.438504,55.61594367027283
0.199705,6.038001,3.781015,6.760417,5.668794,1.415348,55.6726291179657
0.199705,6.038001,3.781015,6.765161,5.671184,1.394305,55.727054595947266
0.161072,6.015538,3.78679,6.693529,5.623306,1.405851,55.780353307724
0.145068,6.023993,3.736764,6.646853,5.599973,1.617689,55.835569858551025
0.13249,6.018909,3.763174,6.579996,5.719786,1.684715,55.890437841415405
0.148614,6.010444,3.81328,6.561266,5.709419,1.771269,55.9453341960907
0.130594,5.988916,3.81762,6.449754,5.845122,1.860792,56.00904679298401
0.110124,5.988057,3.819036,6.452563,5.83451,1.94767,56.07172894477844
0.092142,5.966558,3.823369,6.479828,5.927668,2.060271,56.13934397697449
0.104786,5.949089,3.925388,6.440603,5.935938,2.456511,56.198538064956665
0.127519,5.929527,3.92684,6.394683,6.020495,2.716576,56.253899812698364
0.127519,5.929527,3.92684,6.470863,6.149337,2.692165,56.305280685424805
0.101455,5.912353,3.905927,6.548788,6.289495,2.849783,56.36146903038025
0.111049,5.937753,3.87648,6.545145,6.347781,2.980742,56.41589975357056
0.150212,5.910002,3.92829,6.816141,7.137771,2.986008,56.467411279678345
0.165592,5.951653,3.921144,6.879793,7.314113,3.12307,56.52326822280884
0.177745,5.956675,3.894518,6.967202,7.531179,3.25505,56.57499122619629
0.27244,5.972134,3.936466,7.018204,7.692784,3.350664,56.63309597969055
0.30055,5.968748,3.960361,6.943264,7.678009,3.860188,56.683568477630615
0.297294,5.932237,3.940784,6.978724,7.801726,3.917151,56.734947204589844
0.293003,5.923098,3.992806,7.023058,7.974553,3.889561,56.79145097732544
0.262575,5.946704,3.966041,7.031787,7.766102,3.841634,56.883442640304565
0.262575,5.946704,3.966041,7.072669,7.810893,3.705094,56.95601415634155
0.300965,5.918944,4.018173,7.137574,7.791083,3.377959,57.02393817901611
0.236755,5.929676,3.945019,6.746954,7.537569,3.366279,57.091670751571655
0.235107,5.90031,3.999872,6.553923,7.610763,3.392582,57.15434193611145
0.223172,5.895359,4.026637,6.424624,7.801182,3.249536,57.20959663391113
0.232737,5.920545,3.997039,6.389099,8.025091,3.02313,57.30403971672058
0.230364,5.940813,3.994202,6.386368,8.001834,3.026782,57.353943824768066
0.266615,5.933259,4.043586,6.385686,8.049775,2.94703,57.40790557861328
0.212641,5.919694,3.998451,6.372831,7.817891,2.910587,57.463582277297974
0.180682,5.913847,4.02664,6.438555,7.727374,2.848576,57.513848066329956
0.204165,5.950926,4.045003,6.462795,7.595938,2.772204,57.56951951980591
0.21841,5.935768,4.020991,6.528772,7.533816,2.520584,57.62843680381775
0.216024,5.956022,4.018161,6.541449,7.464749,2.530508,57.68583798408508
0.195937,5.955175,4.019575,6.524595,7.365806,2.569922,57.73792767524719
0.171335,5.967879,3.943535,6.524595,7.365806,2.569922,57.78942584991455
0.167585,5.958568,3.995601,6.554856,6.977542,2.65114,57.84265327453613
0.159336,5.962801,3.970255,6.641082,6.848226,2.665971,57.89749455451965
0.171335,5.967879,3.943535,6.720524,6.790532,2.647129,57.94995617866516
0.16316,5.9721,3.918271,6.755855,6.709367,2.634592,58.01041531562805
0.160725,5.99258,3.915392,6.797076,6.633304,2.598125,58.0687370300293
0.160725,5.99258,3.915392,6.806203,6.65668,2.480162,58.12562322616577
0.160725,5.99258,3.915392,6.823864,6.671098,2.409078,58.18511414527893
0.160725,5.99258,3.915392,6.797105,6.625901,2.417682,58.24212098121643
0.160725,5.99258,3.915392,6.706582,6.53375,2.325083,58.299222469329834
0.16316,5.9721,3.918271,6.653332,6.443563,2.342292,58.352818965911865
0.168906,5.988311,3.940668,6.611072,6.362126,2.312926,58.40631127357483
0.16316,5.9721,3.918271,6.632207,6.393831,2.12992,58.462178230285645
0.160725,5.99258,3.915392,6.556993,6.357588,2.074151,58.5156090259552
0.197299,5.984884,3.96457,6.563705,6.302018,2.01733,58.56822347640991
0.160725,5.99258,3.915392,6.480368,6.279827,2.003716,58.62166380882263
0.181018,5.993431,3.913977,6.463756,6.282678,1.982483,58.67640256881714
0.221593,5.995134,3.911146,6.396777,6.257559,1.99015,58.73171043395996
0.207954,5.983088,3.863619,6.359787,6.199358,1.936698,58.787984132766724
0.207954,5.983088,3.863619,6.359787,6.199358,1.936698,58.840574502944946
0.23201,5.970433,3.939293,6.380616,6.158947,1.920573,58.896135330200195
0.223978,5.974658,3.914027,6.385185,6.162419,1.898283,58.94958519935608
0.23201,5.970433,3.939293,6.422398,6.154589,1.812006,59.0088164806366
0.244243,5.97551,3.912614,6.356504,6.135653,1.925627,59.07464933395386
0.23201,5.970433,3.939293,6.395163,6.354337,1.931396,59.137990951538086
0.280389,5.967899,3.961773,6.418689,6.479469,1.975022,59.197282791137695
0.260224,5.96705,3.963186,6.402452,6.524157,1.968731,59.25303554534912
0.288352,5.963657,3.987122,6.371841,6.519005,2.234907,59.3055784702301
0.262575,5.946704,3.966041,6.39873,6.605198,2.241988,59.360310554504395
0.276258,5.958562,4.013923,6.418372,6.704712,2.292119,59.41183090209961
0.270579,5.942512,3.991378,6.411969,6.738876,2.444749,59.468578577041626
0.270579,5.942512,3.991378,6.427911,6.833255,2.61173,59.52170014381409
0.276258,5.958562,4.013923,6.44283,6.924066,2.875756,59.57466506958008
0.231354,5.997472,4.011073,6.855659,8.133119,2.977874,59.629950284957886
0.258246,6.070821,4.049285,6.79864,8.372803,3.239949,59.68207621574402
0.274564,6.061697,4.100487,6.713255,8.255354,3.563393,59.73678255081177
0.256383,6.917481,4.314161,5.544079,7.971057,4.656036,60.0086452960968
0.259202,7.03023,4.350499,5.414077,7.946012,4.66882,60.06885361671448
0.397361,7.079295,4.681537,5.304184,7.942368,4.677231,60.1295690536499
0.498397,7.171786,4.90697,5.212511,7.939327,4.684247,60.18978929519653
0.728893,7.769419,5.030297,4.995831,7.697991,4.171105,61.800514698028564
0.728893,7.769419,5.030297,4.995831,7.697991,4.171105,61.85193133354187
0.666683,7.661785,4.993609,4.995831,7.697991,4.171105,61.90328860282898
0.653925,7.52447,4.985523,4.995831,7.697991,4.171105,61.9583535194397
0.653925,7.52447,4.985523,4.989528,7.646314,4.205089,62.01759314537048
0.595591,7.489327,4.911328,4.972244,7.633526,4.181834,62.077378034591675
0.582026,7.506742,4.799657,4.970763,7.612327,4.184932,62.146058797836304
0.56712,7.428678,4.729458,4.971963,7.66687,4.203395,62.20173406600952
0.550234,7.370748,4.657117,4.972244,7.633526,4.181834,62.25375032424927
0.576559,7.30808,4.664081,4.976703,7.697336,4.172509,62.305490255355835
0.570284,7.295551,4.639191,4.952895,7.666214,4.204798,62.36229419708252
0.588119,7.241479,4.618535,4.91475,7.664901,4.207604,62.41645669937134
0.659861,7.118019,4.630953,4.889784,7.612781,4.24298,62.47087788581848
0.724094,7.1159,4.573028,4.892611,7.655071,4.236826,62.52633190155029
0.719633,7.216717,4.505469,4.891196,7.633908,4.239905,62.578787326812744
0.74725,7.209312,4.531417,4.894028,7.676269,4.233741,62.63277983665466
0.769104,7.13027,4.594773,4.889294,7.678879,4.286482,62.68951725959778
0.778995,7.10149,4.625054,4.887883,7.65776,4.289547,62.7376766204834
0.581601,7.003042,4.6795,5.043566,7.605977,4.207069,62.793206214904785
0.297738,6.856024,4.692815,5.190986,7.514876,4.183611,62.88231945037842
0.279448,6.870565,4.638206,5.179565,7.488669,4.266791,62.93402051925659
0.237948,6.889666,4.638361,5.193914,7.513268,4.315048,62.99476599693298
0.272409,6.802357,5.029111,5.201638,7.431518,4.511868,63.05773591995239
0.177097,6.874186,5.108952,5.260684,7.30408,4.552098,63.11616063117981
-0.922888,7.272083,5.160977,5.39271,7.201054,4.583757,63.17432379722595
-1.139477,7.181706,5.188894,5.401838,7.102863,4.596687,63.230664014816284
-1.342894,7.163111,5.177937,5.404066,7.059646,4.682864,63.28300142288208
-1.69157,7.163603,4.84166,5.425367,7.036636,4.765294,63.33688449859619
-1.780429,7.071461,4.805966,5.490494,6.981492,4.768167,63.38979697227478
-1.841999,7.043599,4.759549,5.551985,6.937918,4.796701,63.44300675392151
-1.933391,7.027315,4.740897,5.635666,6.903144,4.79543,63.49963045120239
-2.014246,7.057492,4.633675,5.713378,6.860827,4.822611,63.55663228034973
-2.107183,7.016118,4.484568,5.817314,6.815814,4.79429,63.61014199256897
-1.528452,6.564695,4.273602,6.332043,6.539891,4.794949,63.669310569763184
-1.618262,6.606262,4.091597,6.332043,6.539891,4.794949,63.724453926086426
-1.128801,6.387008,3.913512,6.510492,6.461958,4.846339,63.77620244026184
-1.19578,6.418109,3.761608,6.478959,6.435689,4.959973,63.83082365989685
-1.229348,6.325675,3.163434,6.462541,6.387772,4.940645,63.8845329284668
-1.279983,6.348081,3.043256,6.454707,6.381344,4.969098,63.93799424171448
-1.194369,6.205982,2.989168,6.381449,6.402221,4.944593,63.99944853782654
-1.324949,5.812018,2.964022,6.00512,6.555195,4.924192,64.05954098701477
-1.368461,5.747089,2.953258,5.907384,6.539646,4.906368,64.12353754043579
-1.379291,5.713827,3.029487,5.878216,6.570597,5.067338,64.18886089324951
-1.354444,5.718942,3.145378,5.880171,6.539056,5.126193,64.24793934822083
-1.376429,5.717998,3.146802,5.944692,6.523831,5.12347,64.30324482917786
-1.562718,5.575957,3.203451,5.988121,6.472247,5.127185,64.35981607437134
-1.715008,5.501276,3.24771,6.028875,6.449634,5.154617,64.41316533088684
-1.805437,5.457503,3.235975,6.066634,6.440051,5.125706,64.46539068222046
-1.557148,5.43175,3.178117,6.147343,6.349134,5.159309,64.52316665649414
-1.581049,5.3967,3.114175,6.168702,6.33874,5.131763,64.5818612575531
-1.575038,5.319452,3.055527,6.194711,6.363558,5.099204,64.63257145881653
-1.656088,5.239139,2.794898,6.17292,6.343955,5.18552,64.68851613998413
-1.639453,5.184075,2.711423,6.177907,6.332944,5.159215,64.74167251586914
-1.60699,5.173022,2.620739,6.135397,6.413974,5.096797,64.79575753211975
-1.639537,4.962645,2.543966,6.051536,6.488032,5.065713,64.88255310058594
-1.687227,4.970001,2.43393,6.058335,6.494886,5.037033,64.93608856201172
-1.716922,4.957729,2.305021,6.038172,6.554611,5.003232,64.99147343635559
-1.944209,5.004839,1.897555,6.09617,6.696099,4.790578,65.05691313743591
-2.023405,5.091653,1.908385,6.157149,6.772958,4.77568,65.11718034744263
-1.993049,4.993355,2.008993,6.13054,6.929795,4.729269,65.17932033538818
-2.109313,5.102766,1.996697,6.139898,7.006277,4.718124,65.23429560661316
-2.055103,5.295985,2.333781,6.147214,7.068348,4.628656,65.29020524024963
-1.898618,5.379344,2.80904,6.1518,7.111445,4.542377,65.34765577316284
-1.907133,5.492844,2.768465,6.13211,7.141845,4.566203,65.39751768112183
-1.91598,5.572043,2.664609,6.123716,7.219901,4.556023,65.44853138923645
-1.919423,5.701797,2.530127,6.117133,7.211459,4.584357,65.50358033180237
-1.844857,5.857558,2.41052,6.130821,7.279278,4.547321,65.55930781364441
-1.676917,6.012819,2.331396,6.207826,7.3726,4.555694,65.61506223678589
-0.086367,7.017832,2.106367,7.362122,7.69626,4.535849,65.66615653038025
-0.05898,6.997091,2.198501,7.372272,7.706177,4.506959,65.72301983833313
0.346358,7.350866,2.256252,8.051592,7.770572,4.502902,65.77883768081665
0.377783,7.320909,2.374142,8.027361,7.750248,4.561083,65.83039712905884
0.845744,8.045426,2.70373,8.613982,7.662988,4.611048,65.88100743293762
0.880983,7.997475,2.853418,8.641778,7.683014,4.552585,65.93532800674438
0.959231,8.31003,2.849219,8.768335,6.909633,4.648608,65.99306297302246
2.156367,8.671225,2.674179,9.191367,8.550874,2.206895,67.96839952468872
2.117221,8.622309,2.540057,9.181238,8.493476,2.102083,68.02452540397644
2.138772,8.675103,2.530612,9.2465,8.473798,1.808973,68.08455729484558
2.138772,8.675103,2.530612,9.233259,8.538978,1.754991,68.14716172218323
2.188569,8.667205,2.552819,9.177171,8.545025,1.735004,68.21011114120483
2.204908,8.712471,2.497103,9.172346,8.575693,1.642088,68.26668882369995
2.227503,8.739354,2.491613,9.143338,8.651353,1.631645,68.32167220115662
2.183776,8.728728,2.51967,9.139828,8.52393,1.652127,68.37516903877258
2.183776,8.728728,2.51967,9.176351,8.514748,1.607655,68.43106865882874
2.163561,8.718744,2.546301,9.290411,8.467918,1.456488,68.48645806312561
2.181506,8.711813,2.498568,9.264999,8.383624,1.493067,68.53706097602844
2.183187,8.659493,2.506593,9.295318,8.304184,1.439421,68.59343338012695
2.137009,8.727417,2.522603,9.294431,8.260391,1.425021,68.64606499671936
2.184617,8.702553,2.52368,9.291483,8.178017,1.459971,68.70259284973145
2.160396,8.728073,2.521136,9.249291,8.119978,1.493125,68.7560522556305
2.134685,8.710497,2.501498,9.180191,7.987493,1.453764,68.80794405937195
2.11036,8.736076,2.498944,9.280231,8.084478,0.846619,68.90141773223877
2.11036,8.736076,2.498944,9.040938,7.914598,1.451588,68.96013855934143
2.183776,8.728728,2.51967,9.022699,7.925574,1.32306,69.0191912651062
2.113617,8.726762,2.524071,9.264946,8.098644,0.702644,69.07357811927795
2.11778,8.691304,2.55323,8.80388,7.755444,1.319985,69.13986253738403
2.137009,8.727417,2.522603,8.815819,7.750995,1.152351,69.19708442687988
2.11452,8.700578,2.528078,8.806251,7.700563,1.161145,69.25675654411316
2.157235,8.737388,2.49601,8.789799,7.689037,1.205596,69.31119871139526
2.179819,8.764321,2.490514,8.770652,7.668911,1.189018,69.36332750320435
2.177555,8.747344,2.469457,8.770652,7.668911,1.189018,69.42009377479553
2.132914,8.763015,2.493448,8.819496,7.703066,1.056387,69.4721987247467
2.153211,8.773024,2.46688,8.770652,7.668911,1.189018,69.52798676490784
2.127397,8.755319,2.44734,8.658713,7.656943,1.322564,69.57910108566284
2.225897,8.791945,2.483542,8.503684,7.739466,1.35946,69.6343514919281
2.156369,8.763668,2.491981,8.516189,7.770518,1.332574,69.69095301628113
2.153211,8.773024,2.46688,8.47617,7.740202,1.445808,69.74939012527466
2.129707,8.772371,2.468347,8.494428,7.828491,1.559199,69.80225086212158
2.132914,8.763015,2.493448,8.444745,7.79008,1.69806,69.85626411437988
2.137009,8.727417,2.522603,8.437615,7.789375,1.785963,69.91168141365051
2.137009,8.727417,2.522603,8.425975,7.964423,1.824745,69.96763467788696
2.135568,8.684308,2.505513,8.452759,7.956219,1.935359,70.02721357345581
2.141103,8.691963,2.551763,8.315189,7.946068,2.351849,70.09133648872375
2.124313,8.672713,2.60365,8.233945,7.941162,2.659574,70.16792345046997
2.170762,8.674029,2.600716,8.268114,8.128587,2.629024,70.22322058677673
2.122836,8.63001,2.586359,8.253083,8.238872,2.898988,70.2742691040039
2.121941,8.65599,2.582394,8.353468,8.45224,2.860811,70.32892775535583
2.177332,8.561346,2.641732,8.767669,8.791103,2.498045,70.96137046813965
2.162117,8.675764,2.529147,8.829952,8.870254,2.411604,71.05666995048523
2.217188,8.675345,2.597782,9.552342,8.991106,1.710077,71.55265760421753
2.22027,8.666027,2.62305,9.411422,8.790317,1.997087,71.60321140289307
2.265809,8.693288,2.616159,9.357541,8.680176,2.040073,71.65947318077087
2.240393,8.676002,2.596316,9.303838,8.628856,2.051172,71.71836400032043
2.381584,8.696559,2.60883,9.106467,8.48312,2.130821,71.77157878875732
2.383672,8.713096,2.630192,9.036546,8.39008,2.058466,71.82674479484558
2.386431,8.703637,2.655562,9.026402,8.381965,2.082976,71.88069534301758
2.386431,8.703637,2.655562,8.96211,8.338784,2.070761,71.93749523162842
2.352161,8.740731,2.555781,8.885992,8.302749,2.035562,71.9976978302002
2.363362,8.702986,2.657029,8.809322,8.266399,2.000584,72.06141686439514
2.364045,8.677115,2.66097,8.856717,8.262942,1.864198,72.11800289154053
2.341695,8.650633,2.66637,8.871302,8.337694,1.851573,72.18445611000061
2.312863,8.668656,2.617186,8.844828,8.354234,1.872744,72.23800420761108
2.335291,8.695251,2.611761,8.805927,8.377882,1.871208,72.28922724723816
2.356332,8.679287,2.588991,8.858964,8.482554,1.696294,72.34177589416504
2.309244,8.70397,2.587947,8.836762,8.481882,1.697632,72.39585447311401
2.312863,8.668656,2.617186,8.864393,8.505343,1.626318,72.45014142990112
2.289723,8.667999,2.618651,8.823742,8.489043,1.675157,72.50547504425049
2.280923,8.695909,2.54297,8.833503,8.540126,1.666484,72.56061339378357
2.269568,8.65801,2.645423,8.834403,8.580979,1.615896,72.6166250705719
2.272564,8.648663,2.670768,8.76631,8.540436,1.736486,72.67138504981995
2.269568,8.65801,2.645423,8.792148,8.52572,1.781782,72.72425246238708
2.275564,8.639302,2.696152,8.782852,8.517677,1.805832,72.77745270729065
2.280168,8.722019,2.53897,8.80007,8.493023,1.808764,72.83363509178162
2.288975,8.693943,2.614693,8.80007,8.493023,1.808764,72.88928890228271
2.276484,8.75756,2.509788,8.804918,8.518341,1.804489,72.94078779220581
2.299857,8.758212,2.508322,8.791736,8.48296,1.766363,72.99636101722717
2.304889,8.765573,2.554712,8.782476,8.475026,1.790348,73.05399084091187
2.330313,8.782886,2.574517,8.861035,8.563831,1.595214,73.11500549316406
2.310677,8.746619,2.605286,8.791736,8.48296,1.766363,73.1757435798645
2.331025,8.756752,2.578512,8.96475,8.631204,1.318204,73.23509240150452
2.304154,8.791764,2.550704,8.778827,8.490211,1.743758,73.30375957489014
2.304154,8.791764,2.550704,8.788505,8.541101,1.735144,73.35866212844849
2.356332,8.679287,2.588991,8.793356,8.566611,1.730827,73.41176390647888
2.331737,8.730665,2.5825,8.810694,8.541766,1.733803,73.46271109580994
2.305623,8.739428,2.558713,8.802577,8.574661,1.706885,73.5148253440857
2.302002,8.775028,2.529483,8.774954,8.505341,1.697326,73.56757831573486
2.307781,8.756103,2.57998,8.830147,8.598731,1.635299,73.62337589263916
2.37268,8.750782,2.529102,8.847738,8.571038,1.572872,73.67610430717468
2.305623,8.739428,2.558713,8.793778,8.564403,1.664815,73.7279405593872
2.305623,8.739428,2.558713,8.784637,8.556427,1.688665,73.78567862510681
2.296981,8.767583,2.483185,8.783662,8.515634,1.739455,73.84085965156555
2.331737,8.730665,2.5825,8.764806,8.456958,1.771987,73.8928656578064
2.329607,8.713984,2.561242,8.778827,8.490211,1.743758,73.94475412368774
2.352161,8.740731,2.555781,8.74637,8.441172,1.819975,74.00244569778442
2.311407,8.720585,2.60926,8.764806,8.456958,1.771987,74.06193542480469
2.315032,8.685209,2.638545,8.750798,8.42383,1.800225,74.12036395072937
2.361925,8.660637,2.639561,8.76323,8.374154,1.807392,74.18284058570862
2.29341,8.632824,2.647895,8.746009,8.398631,1.804482,74.23441767692566
2.355644,8.705279,2.585016,8.772517,8.336144,1.702334,74.2925672531128
2.378167,8.731968,2.579569,8.75037,8.335456,1.703668,74.3441333770752
2.366855,8.667698,2.686367,8.677561,8.274692,1.894723,74.39967179298401
2.389194,8.694164,2.680972,8.677561,8.274692,1.894723,74.45517039299011
2.35844,8.695905,2.610295,8.704979,8.297575,1.822774,74.51316547393799
2.385767,8.729552,2.651613,8.726932,8.298262,1.821437,74.56542563438416
2.389194,8.694164,2.680972,8.750406,8.381218,1.784794,74.61913919448853
2.394075,8.700921,2.728003,8.755198,8.406422,1.780532,74.67228484153748
2.365491,8.719375,2.678505,8.76078,8.517012,1.807176,74.73070645332336
2.363362,8.702986,2.657029,8.730282,8.820946,1.693987,74.78785514831543
2.371809,8.674523,2.733379,8.721137,8.812397,1.718097,74.84145975112915
2.391301,8.71048,2.7025,8.686495,8.906494,1.727424,74.89639568328857
2.394075,8.700921,2.728003,8.686495,8.906494,1.727424,74.95069646835327
2.387093,8.677768,2.659504,8.780169,8.930875,1.453247,75.01311540603638
2.389194,8.694164,2.680972,8.797149,8.860449,1.441797,75.06876230239868
2.477484,8.758096,2.641788,8.781826,8.499948,1.413852,75.12806534767151
2.454397,8.757451,2.643255,8.757137,8.410507,1.386505,75.1887719631195
2.477484,8.758096,2.641788,8.757137,8.410507,1.386505,75.24524116516113
2.097503,8.793669,2.207312,8.825844,8.622627,2.829903,80.54596900939941
2.025587,8.791683,2.211691,8.771546,8.504054,2.659655,80.59532880783081
2.057946,8.720921,2.267828,8.758701,8.445022,2.504187,80.65282082557678
2.007281,8.799679,2.258329,8.771222,8.334985,2.426811,80.70555186271667
2.051851,8.810103,2.230711,8.973501,8.443984,1.963367,80.76093411445618
2.048609,8.819193,2.206055,9.052009,8.508343,1.769986,80.81805849075317
1.979975,8.808124,2.235096,9.087328,8.512064,1.612981,80.86872100830078
2.000604,8.817874,2.208977,8.979621,8.447464,1.585421,80.92299604415894
1.993947,8.836014,2.159776,9.175646,8.585859,1.080438,80.97930026054382
2.000604,8.817874,2.208977,8.970831,8.436414,1.544024,81.04047775268555
2.020343,8.854565,2.178702,8.965982,8.40698,1.483829,81.10223269462585
2.017062,8.863682,2.154107,8.967526,8.26626,1.549748,81.16111040115356
2.037947,8.873442,2.128089,8.98333,8.149659,1.459586,81.2164306640625
2.014773,8.845723,2.133772,8.970875,8.199639,1.452187,81.26792240142822
2.04214,8.837334,2.156857,9.007343,8.152114,1.202358,81.32406735420227
2.089389,8.865651,2.149727,8.88365,8.097105,1.217794,81.37726616859436
2.109495,8.90251,2.119479,8.866565,8.084003,1.263075,81.42982268333435
2.109495,8.90251,2.119479,8.837065,8.083066,1.349708,81.48741149902344
2.106408,8.911654,2.094947,8.861695,8.058474,1.267497,81.53869938850403
2.082196,8.911,2.096406,8.887271,8.07798,1.199666,81.5930061340332
2.133655,8.903163,2.11802,8.875115,8.09056,1.240416,81.64838218688965
2.106408,8.911654,2.094947,8.834519,8.114712,1.238588,81.70226860046387
2.061158,8.901203,2.122398,8.559902,8.061148,1.240526,81.75443482398987
2.036011,8.927706,2.119619,8.578074,8.036282,1.243648,81.82511138916016
2.032781,8.936904,2.095072,8.561978,8.023363,1.288907,81.88145279884338
2.068771,8.974857,1.994341,8.567903,8.067635,1.21794,81.93454027175903
2.102418,8.94804,2.066185,8.563142,8.067882,1.302794,81.99170565605164
2.060211,8.928357,2.118158,8.515817,7.990554,1.488823,82.04768300056458
2.083477,8.956208,2.112449,8.580418,8.06837,1.387013,82.10414958000183
2.03698,8.90055,2.123858,8.662222,8.146942,1.369925,82.16448903083801
2.057027,8.937555,2.093612,8.592168,8.115395,1.637913,82.21731090545654
2.033752,8.909693,2.099325,8.669404,8.293297,1.605205,82.27730631828308
2.060211,8.928357,2.118158,8.616924,8.339654,1.910257,82.32986044883728
2.057977,8.910347,2.097865,8.584666,8.32039,2.18647,82.385906457901
2.057977,8.910347,2.097865,8.64105,8.477228,2.204656,82.44110441207886
2.057977,8.910347,2.097865,8.747999,8.521317,2.214531,82.49652409553528
2.081268,8.938205,2.092152,8.749923,8.56867,2.345759,82.55230164527893
2.084404,8.929008,2.116697,8.775498,8.656552,2.424052,82.60185241699219
2.132773,8.930309,2.113777,8.746635,8.753015,2.599824,82.65662455558777
-1.836275,7.646929,3.340451,6.349227,7.934458,4.711884,86.88285803794861
-1.884933,7.677681,3.239133,6.349227,7.934458,4.711884,86.93672370910645
-1.931061,7.626103,3.175537,6.369232,7.85435,4.666842,86.9897894859314
-2.192215,7.56076,2.739371,6.476378,7.837188,4.499381,87.05292391777039
-2.263871,7.460013,2.663986,6.478292,7.714616,4.51611,87.11838603019714
-2.070272,7.160013,2.629526,6.540288,7.726377,4.483273,87.17587041854858
-1.980834,7.063964,2.639693,6.561171,7.747501,4.478876,87.23681950569153
-1.973886,7.068257,2.428727,6.601971,7.69858,4.509495,87.28953194618225
-1.978941,7.092624,2.127447,6.646829,7.74923,4.419123,87.34432411193848
-1.916324,7.05496,2.085038,6.65699,7.739997,4.44636,87.39575839042664
-1.84907,6.991717,2.046764,6.683221,7.75048,4.416372,87.45175123214722
-1.845119,6.956829,1.985042,6.690404,7.720733,4.446647,87.51448655128479
-1.841837,6.875423,1.909159,6.687996,7.751858,4.469249,87.56461644172668
-1.71838,6.681607,1.91248,6.715522,7.691746,4.475575,87.6217188835144
-1.722527,6.70673,1.908566,6.723751,7.701508,4.446934,87.67511510848999
-1.722527,6.70673,1.908566,6.723751,7.701508,4.446934,87.72848749160767
-1.639069,6.705103,1.926638,6.738945,7.681694,4.44859,87.78240847587585
-1.602022,6.68734,2.016394,6.755437,7.701053,4.391485,87.83707666397095
-1.620203,6.762274,2.116955,6.755962,7.752979,4.410874,87.89006161689758
-1.582152,6.743557,2.208113,6.772479,7.772647,4.353796,87.94572305679321
-1.55882,6.684378,2.375531,6.767168,7.783479,4.37924,87.99995613098145
-1.727722,7.015512,2.469926,6.778383,7.814111,4.347627,88.06059265136719
-1.718681,7.153821,2.587314,6.776018,7.845657,4.370003,88.11845064163208
-1.566173,7.301596,2.935741,6.798541,7.907607,4.30669,88.18102240562439
-1.47739,7.43604,3.128428,6.78906,7.970039,4.298683,88.24776291847229
-1.568507,7.703334,3.09282,6.752128,7.968813,4.301451,88.30118012428284
-1.545783,7.945435,3.15306,6.763254,8.000269,4.269775,88.35872435569763
-1.570373,7.993802,3.221714,6.766226,8.021453,4.266618,88.41081500053406
-1.660882,8.098625,3.261241,6.784163,8.1493,4.247568,88.46369910240173
-1.210143,7.578937,3.362502,6.84312,8.172532,4.240198,88.51758408546448
-1.629266,8.308571,3.277706,6.870188,8.183951,4.210212,88.57333660125732
-1.557418,8.158915,3.295962,6.857286,8.109454,4.301095,88.62461757659912
1.447826,8.614983,1.126992,5.654231,9.272142,1.171946,103.63288593292236
1.49884,8.566914,1.110988,5.631899,9.299844,1.168569,103.68528723716736
1.421915,8.614251,1.128401,5.665415,9.346428,1.115868,103.73906207084656
1.418158,8.621576,1.105863,5.671966,9.363961,1.06946,103.79163932800293
1.440404,8.629622,1.081951,5.585718,9.151551,1.065831,103.84727692604065
1.413657,8.579124,1.070284,5.540042,9.138522,1.027452,103.90122890472412
