-2.140968,7.674392,2.434482,7.389795,7.952935,1.642077,0.7241110801696777
-2.331966,7.606786,1.859265,5.888449,6.099746,6.892016,2.0853004455566406
-2.357527,7.605944,1.86073,6.264969,6.664394,5.839884,2.1381242275238037
-2.361644,7.592907,1.908054,6.090664,6.706382,6.081125,2.219857931137085
-2.031285,7.818567,1.944328,7.01757,7.516291,2.197907,2.273678779602051
-2.25343,8.317428,3.441385,6.657209,7.344995,2.222757,2.6935770511627197
-2.194484,8.259443,3.600051,6.231597,7.244638,5.311566,2.796224594116211
-1.655263,7.893885,4.115078,-1.593603,7.486459,2.434033,2.8580219745635986
-1.217662,7.7378,5.033804,5.804886,7.238247,5.316578,2.943876028060913
2.145607,8.304984,3.599506,6.731,7.473641,2.425873,5.538424491882324
2.182592,8.242401,3.70896,6.713545,7.530522,2.033345,5.78400993347168
2.157485,8.167075,3.670203,5.880216,5.435473,7.850399,6.340790748596191
2.739752,7.65488,2.988104,6.819823,6.835362,2.8431,9.318339109420776
2.862412,7.715562,3.166184,7.314586,7.644987,2.160788,9.695663928985596
-0.779781,7.865755,1.758584,6.404863,6.684362,1.202553,16.384662866592407
-0.720826,7.767053,1.838733,5.563408,6.03696,5.2993,16.578847885131836
-0.823267,7.670276,1.815141,5.413117,5.89695,6.004928,16.641637802124023
-0.866871,7.755449,1.781161,5.359414,5.852896,6.453343,16.74133276939392
-0.95429,7.786068,1.758385,5.560577,5.986599,5.724855,16.8762629032135
-0.748503,8.463741,1.839769,5.755658,6.066608,4.221428,16.925097703933716
-0.604913,8.372962,2.191619,5.548914,5.975946,5.53029,17.379272937774658
-0.464372,8.239319,2.368768,5.757822,6.151637,5.491336,17.985347747802734
-0.492756,8.171112,2.499156,5.879702,6.210261,5.225158,18.134843349456787
-0.521403,8.059618,2.613378,5.860842,5.956512,5.509215,18.174711227416992
-0.528029,7.908851,2.781011,5.841913,6.144378,5.458025,18.229530096054077
-0.240267,7.868581,2.532357,6.823661,7.270716,1.06339,18.47660207748413
-0.238241,7.528526,2.538673,6.141157,6.564521,4.098847,18.53341054916382
-0.212668,7.570362,2.390535,5.834264,6.428469,5.226888,18.596197605133057
-0.172452,7.715231,2.226504,5.840537,6.341249,5.238065,18.805346965789795
0.043407,7.913808,2.068298,7.398879,7.359434,0.498156,18.86913299560547
0.02905,8.002185,1.941113,6.670726,6.64107,1.094458,18.922956466674805
-0.00229,8.206708,1.774231,5.804043,6.403934,5.680261,19.23912262916565
0.061036,8.193764,1.817995,5.802061,6.387042,5.682605,19.356735467910767
-0.186071,8.038462,1.811291,6.976907,7.633264,0.470785,19.80166244506836
-0.192992,8.045378,1.788082,7.269277,7.643304,0.455526,19.862754821777344
-0.316165,7.968528,1.606686,6.26502,6.667485,4.702068,20.102750062942505
0.041539,7.232826,1.621908,6.01264,6.434339,4.994202,20.21138620376587
-0.903877,8.264312,3.854226,6.74966,7.597102,1.116129,21.30748963356018
-0.543228,8.102446,2.631813,6.892862,7.6933,1.13462,21.80876588821411
-0.404235,7.766451,2.208001,6.031363,6.961771,4.465656,22.040639400482178
-0.200986,7.837177,1.710908,6.734802,7.82121,1.289751,22.267252683639526
-0.167949,7.831167,1.643735,6.736665,7.801595,1.271716,22.36195993423462
-0.07454,7.720512,1.679182,6.768018,7.817549,1.120333,22.414774417877197
-0.099618,7.719691,1.680612,6.119464,6.887321,4.682274,22.471510410308838
-0.078271,7.700065,1.660655,6.742876,7.853002,1.262942,22.625964403152466
-0.104292,7.652168,1.647831,6.745076,7.235309,1.322406,22.697023630142212
-0.442964,7.581536,1.698917,5.967806,6.863412,5.15889,23.09936499595642
-0.458113,7.54618,1.639431,6.740701,7.773866,1.467749,23.265810251235962
-0.38733,7.485889,1.77811,5.890276,6.788536,5.425555,23.51709222793579
-0.373079,7.474262,1.823681,6.309136,7.18934,3.998364,23.601808786392212
-0.236495,7.378642,2.011009,5.482236,6.305945,7.149915,23.656625270843506
0.019914,7.211862,2.857312,6.838746,7.52912,1.102189,23.807568311691284
-0.099842,7.281658,3.741029,6.751614,7.995519,1.281476,23.90428352355957
-0.488346,7.965735,3.871043,6.597027,8.099941,1.166333,23.985597133636475
1.808617,8.051831,3.480412,6.427163,8.38012,3.089792,27.292227029800415
1.848554,8.038443,3.454629,5.959023,7.873776,3.668421,27.365691661834717
2.1255,7.917031,3.556102,5.710812,8.120171,3.623699,27.476771593093872
2.076345,7.909771,3.509733,5.692213,8.254851,2.983419,27.805495023727417
2.055096,7.818495,3.651312,6.275459,8.609251,3.016139,27.95802617073059
2.067495,7.859674,3.593625,6.021766,8.562536,2.892462,28.099146604537964
2.28081,7.932155,3.243477,6.767233,7.259792,3.162343,28.98386812210083
2.34681,7.993514,3.057802,7.179367,8.355364,2.660651,29.447672128677368
2.348393,8.033544,3.076142,7.220025,8.266154,2.79088,29.500497341156006
2.466059,8.035722,3.142332,6.584677,8.23765,2.858257,29.64974617958069
2.507705,8.021527,3.117301,6.42823,7.293081,3.010275,29.705069303512573
2.485238,8.044947,3.115146,6.605396,8.467588,2.654605,29.788733959197998
2.506077,8.00807,2.875765,6.824053,8.438037,2.410181,30.109372854232788
2.533886,7.968175,2.928567,6.99851,7.817017,2.495566,30.202000379562378
2.536392,7.960072,2.953898,6.975984,8.360848,2.366526,30.29410982131958
2.510085,8.040591,2.918956,7.190269,7.983948,1.934868,30.42276930809021
2.473166,8.155317,2.782849,7.121173,8.438613,2.415875,30.793044328689575
2.409752,8.18605,2.830143,6.872258,8.030724,2.308142,30.846867084503174
2.386604,8.210201,2.82783,6.755797,8.452158,2.435435,30.93566870689392
2.172336,8.490616,2.968539,6.926902,8.909737,1.825409,30.997464179992676
2.178969,8.562511,3.031123,7.149818,8.640829,2.105202,31.058255672454834
1.611518,8.332806,3.002022,6.78952,8.498966,1.875628,31.407586097717285
1.509041,8.535806,2.565052,6.736642,8.312725,1.380198,31.854156494140625
0.944307,8.013973,2.026125,6.822413,8.197767,1.012734,34.681354999542236
0.972332,7.962399,2.032881,7.11129,8.123559,1.369857,35.02578377723694
1.00261,7.909423,2.292193,6.726152,7.669091,2.033027,35.293752908706665
-0.285977,7.226913,2.777502,6.449982,6.012948,5.209227,35.575730323791504
-0.566319,7.219245,2.419593,6.275375,5.795322,5.499026,35.64649415016174
-0.927295,6.620512,2.419937,6.151507,6.094648,4.815475,35.72922706604004
-1.210111,6.425156,2.06097,5.882978,5.948322,5.01548,35.87192940711975
-1.236048,6.06453,2.09907,6.123528,6.222938,1.583833,35.93111824989319
-1.266631,6.053899,2.014277,6.125115,5.997913,1.599799,35.97775745391846
-1.333376,6.069245,1.90581,5.668114,5.698398,4.254371,36.06667876243591
-1.490821,5.930981,1.849801,5.244302,5.47591,5.843855,36.15776562690735
-1.708327,5.866895,1.914787,6.124975,6.033777,0.803863,36.21308350563049
-1.878603,5.873905,1.987689,5.37603,5.611759,5.370002,36.307727098464966
-2.194908,5.785313,2.040368,5.466878,5.791794,5.560746,36.37430119514465
-2.1543,6.006392,2.134288,5.681225,6.171649,4.972822,36.47480034828186
-2.204657,6.041284,2.197937,6.361278,7.076697,1.242818,36.54955005645752
-2.09094,5.770739,2.325333,6.302223,6.035023,5.244608,36.75084638595581
-2.073662,5.678053,2.339464,6.007982,5.783597,5.327471,36.84123730659485
-2.104139,5.431071,2.314357,6.020561,5.453238,5.53566,36.90440320968628
-2.062973,5.412597,2.293014,6.011598,5.324401,5.83245,36.95696139335632
-2.246603,5.217325,2.158385,5.509751,5.53836,6.187405,37.192410707473755
-2.025704,5.010935,2.050821,5.465178,5.560479,6.130257,37.24831676483154
-1.979753,4.951883,1.972277,5.466575,5.559063,6.043911,37.334033250808716
-1.961797,4.869687,1.878423,5.44378,4.931593,6.040429,37.41830086708069
-1.906836,4.782496,1.869077,5.483326,5.516345,5.933668,37.48707413673401
-1.827457,4.877623,1.849251,5.391165,5.5361,5.881397,37.52693796157837
-1.703617,4.966538,1.934633,6.095713,6.346006,2.057578,37.58974480628967
-1.675021,5.221521,1.890775,5.889004,6.10277,2.042541,37.64563465118408
-1.660226,5.285275,1.943814,5.823135,6.118833,2.065263,37.71240735054016
-1.592853,5.324146,2.238672,5.918903,6.667349,1.841636,37.81352686882019
-1.643536,5.344725,2.237953,5.40325,5.675944,4.714905,37.8733274936676
-1.675184,5.373808,2.168904,5.856793,5.953861,2.17708,37.93512463569641
-1.654145,5.426075,2.11545,5.060562,5.61032,7.236951,38.02581715583801
-1.597936,5.506369,2.03392,5.919719,6.709649,1.856403,38.117512941360474
-1.707975,5.459669,1.809972,5.94191,6.798191,1.754499,38.20721101760864
-1.654962,5.24571,1.885748,5.89149,6.078846,1.598493,38.26701021194458
-1.716649,5.223971,1.849705,5.961961,6.827236,1.492873,38.3317928314209
-1.731826,5.221116,1.872291,6.081372,6.923722,1.491997,38.43026518821716
-1.69622,5.214028,1.957445,6.023968,6.96126,1.299778,38.51003336906433
-1.697307,5.525437,2.035857,5.369353,6.194469,5.073634,38.601869106292725
-1.340617,5.373051,3.033738,5.796159,6.886103,2.186696,38.66067886352539
-1.286218,5.33502,3.367593,5.891044,6.798366,2.084376,38.74876308441162
-1.798028,5.993,3.589083,5.67058,6.809302,2.43092,38.833954095840454
-1.785735,6.720113,4.532172,5.316718,7.409347,2.130546,38.88021969795227
-1.777948,6.866044,4.671828,5.067988,7.366007,2.632409,38.93180561065674
-1.66076,6.940953,4.843385,5.012554,7.27588,2.719727,38.983946323394775
-1.616952,6.98815,5.026386,5.02987,7.274766,2.979166,39.056920766830444
-1.622359,7.0831,5.041324,4.902681,7.302134,3.030667,39.130669355392456
-1.590691,7.155922,5.001229,4.853129,7.334154,3.14945,39.2186005115509
-1.432442,7.191844,5.208499,4.757361,7.120883,3.705196,39.27246451377869
-1.123621,7.7395,5.196105,4.595148,7.432599,3.395624,39.340277433395386
-0.95792,7.866458,4.857997,4.399531,6.917789,4.374682,39.74506235122681
-1.1053,7.919595,4.422303,4.405431,7.038548,4.357258,39.83122372627258
-0.905764,7.721739,4.436967,4.620877,6.99641,4.165869,39.929444789886475
-0.86007,7.708529,4.598235,4.632788,7.008645,4.267315,40.026628255844116
-0.742639,7.81367,4.602585,4.671487,6.896903,4.176613,40.068625926971436
-0.6932,7.827246,4.624571,4.679836,6.904182,4.071893,40.123454570770264
-0.657531,7.795757,4.653881,4.691684,6.9383,3.938336,40.22112798690796
-0.399435,7.906346,4.757863,4.751027,7.050303,3.741046,40.3089234828949
-0.328162,7.897939,4.837043,4.747442,7.057597,3.790616,40.36473226547241
0.618798,8.018135,4.23804,5.938636,6.044706,3.492094,42.11162972450256
0.699504,7.89699,4.276555,6.066492,6.588796,3.138714,42.20365524291992
0.808216,7.358551,3.748123,6.033112,6.112478,3.212569,42.356507301330566
0.752056,7.278776,3.411552,6.103808,6.196783,3.077392,42.44523549079895
0.954299,6.986794,3.368915,6.169617,6.234462,2.742429,42.51201272010803
1.073192,6.97829,3.412157,6.01813,6.152452,3.207466,42.59811544418335
1.321843,6.959842,3.673219,5.523837,5.999976,2.932113,42.664767265319824
1.421573,7.056918,3.552359,5.403102,5.956906,2.922725,42.7389919757843
1.557048,7.130415,3.607916,5.293973,5.84908,2.945779,42.829105854034424
1.612354,7.083084,3.787942,5.278263,5.992992,2.649171,42.89489006996155
1.593364,6.980026,3.77899,5.2226,6.0366,2.622865,42.946715354919434
1.595522,6.909621,3.890756,5.066958,6.366376,2.51215,43.06621170043945
1.74979,7.066815,3.857743,5.052094,6.454044,2.499254,43.13199543952942
1.773703,7.002603,3.865599,5.076262,6.515883,2.285566,43.20076131820679
1.763329,7.037888,3.810243,5.057876,6.560344,2.279546,43.2555775642395
1.677939,6.970491,3.902001,5.016232,6.581343,2.278544,43.345144271850586
1.671839,6.998821,3.87275,5.047952,6.863416,2.098302,43.44518423080444
1.673086,6.977231,3.875831,4.937042,6.937905,2.159317,43.55082631111145
1.683866,6.991438,3.822187,4.966673,6.996097,2.103834,43.63784956932068
1.673086,6.977231,3.875831,4.96964,6.982766,2.061367,43.707621335983276
1.665908,6.947396,3.829812,5.00043,7.083848,2.021355,43.76243257522583
1.58647,7.170144,3.776802,5.036231,6.985272,2.057313,43.814688205718994
1.543071,7.353217,3.803634,5.076989,7.107431,1.925101,43.89354467391968
1.448427,7.706177,3.706841,5.074814,7.316927,1.825609,43.95139956474304
0.044347,8.769552,1.884837,6.360312,7.676089,1.896412,45.3863844871521
0.114037,8.772713,1.653478,6.518857,7.791929,1.200093,45.908111810684204
0.069128,8.796647,1.58452,6.540297,7.877953,1.248082,46.075583934783936
-0.068411,8.878437,1.578331,6.465119,7.741269,1.83602,46.251749753952026
0.131226,8.652383,1.694687,6.553862,7.931343,1.323502,46.46654677391052
0.304497,8.457608,2.338078,6.466618,7.827276,1.866436,46.57778263092041
0.493116,8.339951,3.419316,6.442385,7.836328,2.000024,46.63208365440369
0.425844,8.365987,3.598304,6.406148,7.813413,1.827708,46.76815891265869
-0.122799,7.944389,4.487151,5.476765,7.923934,2.522182,47.13791227340698
-0.164606,7.947414,4.300966,5.47415,7.997521,2.581324,47.204296350479126
0.265326,7.234657,4.215355,5.520292,7.925362,2.519402,47.292051553726196
0.352355,7.153689,4.064691,5.50786,7.91895,2.614932,47.34686827659607
0.335379,7.103306,3.463716,5.396271,7.769459,3.098948,47.40268588066101
0.707294,6.460823,3.488039,5.609715,7.357483,3.269002,47.45949149131775
0.605403,6.456264,3.083036,5.800802,7.276746,3.027408,47.52726483345032
0.959857,6.195386,3.031155,5.964744,6.879664,3.29357,47.67006778717041
0.99759,6.218757,2.907591,6.034196,6.917059,3.139069,47.73842740058899
1.018262,6.196321,2.793197,5.964019,6.83278,3.49572,47.79822134971619
1.188114,6.043421,2.830622,6.089761,6.861202,3.024821,47.85802102088928
1.250163,6.027806,2.806312,6.107325,6.877915,3.044976,47.949631214141846
1.5343,6.017657,2.791638,6.117079,6.977682,2.700189,48.09914469718933
1.628275,5.99472,2.95262,5.999359,6.917905,2.762897,48.16193413734436
1.796029,6.067078,2.931617,5.879352,6.958566,2.37292,48.22074103355408
1.867614,6.062084,2.975049,5.796379,6.965117,2.908549,48.307499170303345
2.000445,5.99677,3.142342,5.883236,7.07509,2.537115,48.4004225730896
1.996011,6.021926,3.115052,5.953352,7.106061,2.505254,48.50579833984375
2.117044,6.156006,3.087256,5.947142,7.173601,2.312667,48.57656288146973
2.097642,6.112065,3.095162,5.940739,7.116793,2.458491,48.62720799446106
2.11949,6.17342,3.108139,5.851457,7.051379,2.727877,48.71251702308655
2.156821,6.222602,3.074658,5.893576,7.041697,2.587749,48.79079222679138
2.179499,6.180207,3.079827,5.90636,7.058776,2.515334,48.87771654129028
2.260973,6.270336,3.061136,6.05634,6.883905,2.533805,48.952462673187256
2.330886,6.317473,2.931845,6.149502,6.968803,2.15386,49.01326251029968
2.329579,6.361516,2.925109,6.115526,6.85242,2.174201,49.08603358268738
2.41216,6.475679,2.902607,6.208977,6.619224,2.139502,49.1468346118927
2.421784,6.39545,2.985072,6.144269,6.515261,2.337461,49.2096266746521
2.359876,6.532817,2.826476,6.13803,6.568607,2.396761,49.313273906707764
2.341631,6.504819,2.855295,6.222111,6.57198,2.391443,49.49647235870361
2.340832,6.442466,2.841612,6.292626,6.600959,2.248613,49.563252687454224
2.380892,6.556135,2.821632,6.426778,6.812936,2.297012,49.70002865791321
2.423013,6.60287,2.811924,6.480494,6.946119,2.295485,49.84177207946777
2.407172,6.569771,2.864851,6.480494,6.946119,2.295485,49.89096260070801
2.403165,6.618891,2.624655,6.499073,6.923299,2.501963,50.265721797943115
0.210319,5.645896,1.811177,6.405994,5.137006,6.486383,52.84356069564819
0.204928,5.536484,1.765679,6.106033,5.204217,6.739803,53.20972728729248
0.202567,5.559773,1.761926,5.989022,5.189356,6.48448,53.29346060752869
0.052042,5.579196,1.744979,6.062597,5.378605,6.221483,53.37321162223816
0.054531,5.555819,1.748745,6.000162,5.294068,6.737646,53.41307544708252
0.039268,5.52917,1.775192,6.042188,5.275608,6.46945,53.518733978271484
-0.066828,5.573979,1.751786,6.104607,5.407915,6.013077,53.60807251930237
-0.066828,5.573979,1.751786,6.108805,5.43793,6.008911,53.67290902137756
0.042674,5.560412,1.706167,5.999533,5.252846,6.417059,53.79372525215149
0.236765,5.47757,1.689223,6.369318,5.406079,5.269211,53.85007357597351
0.247939,5.473265,1.731641,6.120368,5.381971,6.420508,53.915404081344604
0.17905,5.326473,1.801884,6.132082,5.469409,6.204483,54.06907081604004
0.289996,7.499353,4.629955,6.395474,6.512458,2.732224,55.02201271057129
0.273961,7.458554,4.501711,6.416585,6.531199,2.636203,55.11276173591614
0.602497,7.757906,4.117517,6.039083,6.485648,3.34766,55.177555322647095
0.745675,7.930308,4.537882,5.974639,6.607077,3.333598,55.381134033203125
0.654585,8.012835,4.370283,5.846471,6.597917,3.735563,55.47630763053894
0.849748,7.747831,4.341012,5.670865,6.453033,3.943447,55.551568031311035
0.858434,7.757021,4.126936,5.67934,6.520013,3.807711,55.60838174819946
0.925473,7.772405,4.146601,5.712964,6.606906,3.398554,55.66319394111633
1.106588,7.904471,4.141917,5.648651,6.784591,3.134932,55.78391122817993
1.318043,7.929563,4.256711,5.67628,6.769226,3.207453,55.84709620475769
1.353932,7.865955,4.316661,5.736192,6.771566,3.203386,55.93744254112244
1.403944,7.944752,4.275373,5.798185,6.76373,3.057399,55.9972870349884
1.495336,7.949824,4.321856,5.791754,6.69919,3.067559,56.084967851638794
1.511213,7.93811,4.295709,5.740933,6.628126,3.105184,56.141923904418945
1.565888,7.878889,4.461352,5.781861,6.753994,2.501401,56.21320557594299
1.59776,8.010015,4.333108,5.789569,6.745584,2.848529,56.28948616981506
1.559308,7.98239,4.232841,6.057543,6.853692,2.26661,56.34929037094116
1.595922,7.956501,4.421397,6.034962,6.682849,2.5663,56.42654037475586
1.555934,7.951783,4.317444,5.974392,6.848596,2.384735,56.48387575149536
1.57051,7.962436,4.288218,5.962008,6.898487,2.355005,56.54367518424988
1.557343,7.929481,4.32051,6.01637,6.965425,2.050834,56.616713523864746
1.544311,7.896666,4.352811,5.902411,6.810866,2.5541,56.69845008850098
1.513554,8.067013,4.117757,6.169705,6.869403,1.991655,56.86103367805481
2.858179,7.235125,1.456869,6.802164,7.412407,1.870177,58.45818829536438
2.946623,7.069165,1.331336,6.984646,7.44771,1.55085,58.72275114059448
3.017928,7.127581,1.296978,6.938199,7.508729,1.586371,58.888659954071045
0.995972,8.328248,3.644443,6.431467,7.151911,2.631563,60.530718088150024
1.043896,8.343639,3.66484,6.405237,7.105941,2.640196,60.60248351097107
1.231595,8.072487,3.666908,6.288361,6.560322,2.685108,60.896931886672974
1.27061,8.045121,3.7455,6.126797,6.577027,2.463788,60.94631552696228
1.339687,8.137363,3.676071,5.725473,6.60576,2.803851,61.00973296165466
1.39236,8.043587,3.815275,5.775948,6.732923,2.391591,61.06255650520325
1.39236,8.043587,3.815275,5.708439,6.679457,2.540068,61.11238980293274
1.477469,8.14587,3.717348,5.703742,6.640347,2.410236,61.2005615234375
1.612759,8.177602,3.755504,5.52545,6.457521,3.002236,61.25438070297241
1.696361,8.203789,3.746239,5.554453,6.539953,2.685297,61.3141815662384
1.706965,8.16278,3.674314,5.549487,6.591263,2.746905,61.41943717002869
1.764936,8.111826,3.755207,5.668031,6.74644,2.418243,61.49442911148071
1.726202,8.124273,3.781733,5.747224,7.017032,1.991165,61.55522656440735
1.723898,8.087112,3.761487,5.630382,7.000171,2.357932,61.61104440689087
1.705081,8.123611,3.783207,5.67472,7.046175,2.056804,61.69285202026367
1.702495,8.087322,3.634447,5.64993,7.081908,2.096904,61.764976263046265
1.717832,8.120073,3.731291,5.731116,7.222144,1.893167,61.875582218170166
1.734779,8.044803,3.818614,5.753876,7.354744,1.630996,61.93837547302246
1.722641,8.110497,3.758153,5.750649,7.286237,1.620744,61.996179819107056
1.708896,8.053625,3.793164,5.710954,7.245434,1.890524,62.11517095565796
1.713952,7.960875,3.80636,5.90778,7.267429,1.615521,62.186569929122925
1.705081,8.123611,3.783207,5.950765,7.211328,1.451541,62.27130627632141
1.636662,8.131271,3.760714,5.964549,7.111303,1.898277,62.361841917037964
1.494012,8.071251,3.675833,6.247857,7.276109,2.099667,62.45670485496521
1.413064,8.072379,3.477126,6.291534,7.277696,2.096977,62.52746367454529
1.342229,7.539047,3.46041,6.472213,6.978785,2.245898,62.580286502838135
1.585426,6.802711,2.712404,6.309086,6.002295,1.778979,62.87977695465088
1.852245,5.891883,2.701203,6.046926,6.018118,2.069271,63.094175577163696
2.041107,5.890798,2.307334,5.983679,5.959356,2.169239,63.2103054523468
2.032984,5.877641,2.243383,5.929845,5.981343,1.994975,63.267112016677856
2.103373,5.941859,2.273548,5.940458,6.051248,1.961573,63.31893825531006
2.351701,6.01336,2.293012,5.861365,6.029045,1.629196,63.414880990982056
2.333826,6.028185,2.336181,5.858934,5.979687,1.326711,63.51788663864136
2.433406,5.865707,2.423732,5.639363,5.789182,1.534117,63.58069205284119
2.427771,6.002633,2.379815,5.643459,5.834635,1.526386,63.62765169143677
2.382964,5.936973,2.370401,5.668797,5.835759,1.339718,63.70383930206299
2.357801,5.87544,2.337028,5.553533,5.912813,1.230688,63.81592011451721
2.338904,5.965191,2.168687,5.508123,5.868845,1.569154,63.918076276779175
2.261446,5.975145,2.083432,5.391905,5.986274,1.493239,63.97006583213806
2.248642,5.896485,2.162627,5.323758,6.003498,1.514612,64.01650476455688
2.234412,5.957619,2.044027,5.260942,6.090142,1.524294,64.11374807357788
2.252503,6.030771,2.009385,5.217043,6.041027,1.702626,64.1875011920929
2.271902,6.14756,1.989362,5.245007,6.028422,1.640008,64.28556394577026
2.275259,6.031728,2.00803,5.271218,6.166423,1.46948,64.34536218643188
2.365037,6.081756,1.995159,5.378716,6.10119,1.474863,64.43460011482239
2.33743,6.177177,1.959314,5.388943,6.192175,1.626733,64.51033186912537
2.345167,6.143459,2.029815,5.576197,6.339727,1.446182,64.55119132995605
2.399434,5.936061,2.526925,6.336412,6.513757,1.504099,64.7116596698761
1.337726,5.272792,1.668828,0.400429,7.303924,6.189096,67.83928489685059
-0.541353,4.014312,1.78495,6.213584,4.089397,4.472029,68.55968570709229
-1.210952,3.38713,1.923032,5.838105,4.229462,5.683436,68.61496305465698
-1.254097,3.321922,1.915515,6.090875,4.35218,4.417836,68.66581058502197
-1.224762,3.282307,1.920779,5.643325,4.297598,6.506826,68.82821297645569
-1.351047,3.360261,1.975664,5.862365,3.995628,6.584831,68.88127493858337
-1.450045,3.379191,2.081274,6.664633,3.705206,4.823372,68.93974113464355
-1.013748,3.513037,2.290012,5.888623,3.959692,6.215148,70.67561507225037
-0.923572,3.597243,2.186735,6.276969,4.309354,5.449891,70.72146081924438
-1.066176,3.586294,2.048585,6.112487,4.300995,5.409369,70.76999592781067
-1.21511,3.514501,2.005377,6.239754,4.362671,5.662902,70.82346177101135
-1.158595,3.459421,2.137179,5.859147,4.181207,6.475089,70.87795972824097
-1.315781,3.652767,1.842081,5.970791,4.341568,6.359583,71.05700349807739
-1.559318,3.492484,1.901495,5.82727,4.333192,6.4586,71.13282608985901
-1.451046,3.533726,3.213708,5.954149,4.781987,5.601694,72.68942737579346
-1.527315,3.605623,3.206669,5.948292,4.737455,5.608019,72.76118278503418
-1.403735,3.881546,3.363898,6.194779,4.94446,4.42735,72.83394241333008
-1.343639,4.111516,3.559519,6.099002,4.897665,4.826136,72.95681023597717
-1.456409,4.220195,3.573195,6.077791,4.921658,4.929001,73.03753590583801
-0.074862,5.539882,4.877014,6.00841,5.937338,1.346821,73.27673888206482
0.060118,5.647583,4.799275,5.843585,5.831391,2.462195,73.36730551719666
0.159968,5.746073,4.778509,5.911899,6.046701,2.137366,73.44895005226135
0.284419,5.889354,4.723149,6.074642,6.326418,2.17148,73.52819657325745
0.240963,5.883061,4.647559,6.158405,6.270816,2.263977,73.59179449081421
-0.485785,5.660726,4.49216,6.443891,6.16688,2.4424,73.65305233001709
-0.580099,5.571892,4.433311,5.849787,5.773728,5.258422,73.73467111587524
-1.29174,4.856868,3.73067,5.851881,5.6257,5.693094,73.95714974403381
-1.302297,4.775793,4.013839,6.223456,5.828546,4.223644,74.13242197036743
-1.303693,4.66435,3.981112,5.88356,5.608596,5.608973,74.18923735618591
-1.327818,4.626603,3.963602,6.097485,5.781053,4.625327,74.24803972244263
-1.34843,4.569882,3.948778,6.088995,5.759095,4.655116,74.31580924987793
-1.050931,4.089225,3.49843,6.099192,5.918787,4.193798,74.56140613555908
-0.817744,3.704901,3.404032,6.113316,5.933667,4.216133,74.61221265792847
-0.966387,3.494942,2.922044,5.696093,5.686871,6.038274,74.76794910430908
-0.885638,3.259935,2.734542,5.95113,5.823716,4.866995,74.842031955719
-0.990483,3.274577,2.349451,5.752393,5.684393,5.693063,74.9434461593628
-0.950941,3.395581,2.306218,5.745935,5.679477,5.722323,75.00025725364685
-0.92948,3.358432,2.353781,5.754706,5.675238,5.750376,75.04809212684631
-0.924872,3.379457,2.371395,5.748174,5.670301,5.77975,75.18746995925903
-0.784361,3.467272,2.938804,5.785183,5.676612,5.747851,75.24627184867859
-1.069195,3.705556,3.096779,5.775637,5.723524,5.742489,75.33807277679443
-1.030018,3.749815,3.409342,5.869141,5.765488,5.312803,75.40983319282532
-1.098733,3.727678,3.440056,5.931296,5.774188,5.170676,75.49605393409729
-1.437202,3.559233,3.439337,5.875011,5.747445,5.424797,75.55423545837402
-1.201381,3.732734,4.262169,5.84065,5.697534,5.910998,75.8298511505127
-0.701107,4.78876,5.052634,6.407318,6.278733,2.76754,75.9192464351654
-0.399121,6.12637,5.033175,5.738966,6.531994,3.072387,75.97705316543579
-0.189034,6.379189,5.092782,5.70615,6.590395,3.18455,76.02888417243958
0.038019,6.642331,5.040313,5.66904,6.641843,3.323399,76.08469772338867
0.30043,6.811317,4.998358,5.605334,6.583211,3.954264,76.13755822181702
0.528888,6.924333,4.884315,5.562269,6.595408,4.236421,76.21830224990845
1.050797,7.123539,4.76544,5.569857,6.601666,3.953962,76.29704070091248
1.237377,7.07202,4.543954,5.681404,6.211068,4.411906,76.36625003814697
1.307199,7.027964,4.492009,5.806114,6.200818,3.996036,76.44214725494385
1.248508,7.069953,4.043951,5.675869,5.989715,4.443433,76.51679825782776
1.518589,7.050998,4.054777,5.668706,5.540855,4.378681,76.57260799407959
1.601344,7.003437,4.159868,5.712114,5.403223,4.067307,76.69740605354309
1.629161,7.023226,4.31205,5.775679,5.341076,3.463248,76.78659629821777
1.757217,7.012859,4.357529,5.1732,5.087384,3.538786,76.85138273239136
1.819958,7.104288,4.393099,5.027766,5.105879,3.68912,76.9400863647461
1.913731,6.895994,4.790842,5.061928,5.168103,2.700304,77.01588034629822
1.891523,6.871769,4.877295,5.152138,5.198006,2.62336,77.08895587921143
1.967156,6.753327,4.970178,5.194475,5.028295,2.514712,77.17496156692505
1.985479,6.754035,4.968774,5.231151,5.002118,1.998553,77.28379702568054
2.029048,6.69852,5.110654,5.312919,4.954315,1.81318,77.39443826675415
2.033625,6.702059,5.027277,5.353465,4.956178,2.169837,77.45224571228027
1.959337,6.729016,4.919463,5.435371,4.928606,1.999788,77.51005148887634
1.945657,6.731053,4.838598,5.441339,4.906119,2.410813,77.580815076828
1.858069,6.72031,4.87341,5.546286,4.996438,1.982909,77.65257835388184
1.831415,6.694568,4.824619,5.571412,4.984833,2.522555,77.7161636352539
1.79487,6.754511,4.737819,5.616617,4.946714,2.860475,77.79177260398865
1.779265,6.77575,4.65533,5.675413,4.949574,2.856615,77.84110736846924
1.762697,6.735041,4.662189,5.64719,4.95231,2.790264,77.92747092247009
1.800948,6.651103,4.538092,5.633422,4.902289,2.979755,77.99725079536438
1.753675,6.562645,4.58037,5.884126,5.008585,2.678368,78.05407214164734
1.815499,6.55851,4.603278,6.272793,4.960451,2.465251,78.13930606842041
1.909437,6.514874,4.470708,5.60856,4.954365,3.041697,78.29773807525635
1.885227,6.446514,4.429524,5.211351,5.26179,2.835039,78.41278791427612
1.961547,6.449573,4.423918,4.977904,5.559335,2.756843,78.46454119682312
1.985056,6.444429,4.449287,4.963913,5.487211,2.860011,78.51969575881958
1.954147,6.485583,4.262833,4.987629,5.45311,3.001724,78.60346865653992
1.962038,6.356174,4.411022,4.771513,5.483327,3.009875,78.69260358810425
1.955743,6.370532,4.253376,4.760116,5.557326,2.701689,78.78708744049072
2.003869,6.34108,4.306199,4.84041,5.387438,2.611221,78.84190726280212
2.026284,6.293818,4.441717,4.911491,5.3228,2.68464,78.91096138954163
2.043585,6.27176,4.548706,4.934891,5.232845,2.810206,78.96179175376892
2.025778,6.251581,4.55278,4.941435,5.295485,2.777418,79.01561641693115
2.030598,6.288318,4.468396,4.888953,5.319626,2.708929,79.07740807533264
2.020455,6.276518,4.523282,4.893918,5.362759,2.679378,79.16876649856567
1.93355,6.292786,4.343804,4.67816,5.666909,2.780203,79.233553647995
1.934579,6.231181,4.456851,4.620364,5.726672,2.77425,79.32337784767151
1.920264,6.225062,4.484885,4.599946,5.782171,2.812573,79.3891613483429
1.90745,6.263039,4.297936,4.622168,5.786272,2.787736,79.44198513031006
1.901923,6.246367,4.378587,4.611874,5.80445,2.648869,79.52879452705383
1.875748,6.216653,4.332633,4.562902,5.825523,2.785078,79.58461141586304
1.892114,6.234952,4.43304,4.561763,5.804528,2.788407,79.63942527770996
1.882861,6.245584,4.379982,4.607957,5.816016,2.715434,79.69025421142578
1.869041,6.261464,4.300728,4.603999,5.82732,2.782411,79.75051975250244
1.878247,6.250886,4.35352,4.614246,5.846892,2.642088,79.79130339622498
1.854478,6.255393,4.328497,4.732276,5.916968,2.761024,79.84731864929199
1.803232,6.206191,4.469309,4.710432,5.89496,2.765714,79.8911714553833
1.732205,6.125223,4.485654,4.687244,5.964396,2.84823,79.93707847595215
1.670036,6.055215,4.447589,4.726751,6.000972,2.886478,79.9910216331482
1.621277,6.027723,4.585793,4.764719,6.016284,2.928257,80.07534646987915
1.483664,5.85867,4.884619,5.185873,5.933705,2.892885,80.13614153862
1.468256,5.821021,4.890951,5.340705,5.859534,2.734609,80.20691633224487
1.511805,5.774452,5.164602,5.381465,5.861316,2.731964,80.28805112838745
1.375011,5.714718,5.182589,5.659407,5.730515,2.555578,80.3418710231781
1.389473,5.822416,4.869484,5.618911,5.659344,2.795085,80.48869132995605
1.413505,5.894785,4.566269,5.666438,5.673883,2.341921,80.58650159835815
1.310285,5.847558,4.606251,5.557854,5.682057,2.236912,80.64231896400452
1.119897,5.886568,4.456616,5.670342,5.688581,2.034608,80.74168086051941
0.334335,6.120538,3.685693,5.630972,5.689339,2.015098,80.89220213890076
0.266445,6.22689,3.55045,5.604982,5.741997,1.922287,80.98991537094116
0.122945,6.426552,2.949563,5.597856,5.792113,1.681698,81.05568552017212
0.173725,6.539955,2.834651,5.5757,5.788874,1.516672,81.10850834846497
0.409211,6.703911,2.725174,5.361498,5.581462,1.728484,81.16432547569275
0.474466,6.727381,2.62459,5.344416,5.586795,1.876137,81.24415016174316
0.359399,6.139812,2.494416,5.308698,5.546548,1.405848,81.33427000045776
0.252366,6.16674,2.18127,5.286298,5.545533,1.407125,81.40004229545593
0.305526,6.223935,2.124806,5.315839,5.637422,1.39031,81.4882116317749
0.477064,6.397758,2.087502,5.199286,5.627641,1.645545,81.581045627594
0.438555,6.479336,2.142995,5.151095,5.599979,1.884126,81.64682912826538
0.335029,6.477215,2.015727,5.09988,5.673398,1.790068,81.73037242889404
0.304569,6.452819,1.889494,5.131883,5.662596,1.8962,81.77123928070068
0.381931,6.451685,1.90754,5.137351,5.648101,1.834563,81.8549599647522
0.325174,6.220278,2.014099,5.031316,5.687595,1.833642,81.9308021068573
0.273531,6.139247,2.074006,5.024751,5.679836,1.899024,82.01673817634583
0.446065,6.133686,1.999999,5.040497,5.653593,1.94515,82.07055830955505
0.482607,6.225451,1.874033,5.022556,5.677241,1.920891,82.13135504722595
0.480427,6.249454,1.870202,5.001465,5.656771,1.904005,82.17919993400574
0.567934,6.167772,1.814172,4.999948,5.634712,1.907678,82.23905324935913
0.590645,6.124188,1.79863,4.999948,5.634712,1.907678,82.32874155044556
0.612763,6.028645,1.663442,4.994772,5.588254,1.936833,82.4164547920227
0.690493,5.959797,1.670993,4.903481,5.598857,2.004124,82.49420118331909
0.756597,5.905438,1.740597,4.927715,5.582882,1.962601,82.55499958992004
0.774554,5.977666,1.727722,4.920527,5.674288,2.098772,82.62376832962036
0.768748,5.936016,1.692288,4.904061,5.579461,1.985805,82.68954730033875
0.758518,5.881773,1.744421,4.905497,5.601345,1.982176,82.75958037376404
0.785849,5.723396,1.726736,4.851915,5.606122,2.113454,82.85724806785583
0.888412,5.678167,1.750332,4.877341,5.612172,2.067899,82.92203140258789
0.914706,5.699979,1.766662,4.836537,5.673116,2.081838,82.9788408279419
0.912928,5.723321,1.762884,4.842844,5.661709,1.997153,83.03066849708557
0.891232,5.698958,1.768016,4.836537,5.673116,2.081838,83.10683250427246
0.691402,5.607259,1.708369,4.830477,5.60516,2.114762,83.16663265228271
0.673713,5.536364,1.72105,4.82992,5.624306,2.133373,83.22443866729736
0.682588,5.656469,1.679466,4.863093,5.64072,1.999481,83.27925944328308
0.670848,5.684911,1.633096,4.835156,5.651277,2.085437,83.34503698348999
0.679602,5.748003,1.685539,4.815007,5.672156,2.083148,83.38889288902283
0.67573,5.68243,1.654358,4.873177,5.714699,1.92267,83.43872666358948
0.599303,5.794847,1.660566,4.865359,5.70401,2.010596,83.52394962310791
0.480802,6.098401,1.938472,4.894421,5.735132,1.939618,83.63459372520447
0.690819,6.091023,2.712609,4.884426,5.72154,2.049845,83.69439482688904
0.799202,6.295616,2.930634,4.912129,5.730669,1.982291,83.80380702018738
0.911151,6.386705,3.147327,4.914738,5.713963,1.941984,83.88334059715271
0.673048,7.241108,3.697927,4.850347,5.752634,1.960539,83.94413614273071
0.656869,7.255613,3.722156,4.850347,5.752634,1.960539,83.99995040893555
0.635493,7.172673,3.786591,4.857007,5.802647,1.909215,84.06374001502991
0.628281,7.179776,3.760576,4.837017,5.804498,1.888591,84.11080312728882
0.59949,7.229949,3.578167,4.864181,5.8335,1.839791,84.20845341682434
0.678077,7.240016,3.546659,4.884222,5.831619,1.860353,84.30018258094788
0.573572,6.985968,3.07543,4.938749,5.827919,1.730856,84.35599398612976
0.344257,6.938378,2.880884,4.934731,5.822348,1.774249,84.42079520225525
0.290702,6.917466,2.675043,4.942243,5.853351,1.705413,84.50518321990967
-0.076651,6.647337,2.054066,4.936212,5.844887,1.770481,84.56445717811584
-0.174728,6.596161,1.694754,4.924627,5.808339,1.883359,84.62026929855347
-0.118536,6.477724,1.689939,4.908167,5.835422,1.837177,84.67708325386047
-0.013109,6.407432,1.696265,4.926095,5.830689,1.879642,84.76689124107361
0.111714,6.142821,1.733812,4.954752,5.82052,1.794695,84.84164452552795
0.116682,6.094543,1.741561,5.010621,5.789869,1.881846,84.88848495483398
0.145608,6.04742,1.747909,4.919674,5.761006,1.912686,84.95327138900757
0.115712,6.04957,1.727626,4.910676,5.81859,1.797305,85.04197001457214
0.03666,6.004639,1.696287,4.898773,5.811602,1.672444,85.11273336410522
0.0332,5.983601,1.678627,4.89251,5.823201,1.755142,85.17253351211548
0.039198,5.980594,1.700157,4.877973,5.761818,1.893389,85.21975088119507
0.031571,6.052849,1.688528,4.903806,5.768245,1.84837,85.30214381217957
0.055686,6.053847,1.687154,4.870386,5.822233,1.756447,85.3609471321106
0.154961,5.979676,2.040355,4.916095,5.846748,1.750061,85.42382884025574
0.338387,6.05793,2.305718,4.922597,5.805523,1.905289,85.47565531730652
0.53139,6.123,2.624527,4.937359,5.756473,1.955306,85.56636452674866
0.45958,6.49526,2.872178,4.904574,5.700555,2.052158,85.6201856136322
0.699695,6.517858,3.803351,4.850498,5.714253,2.447452,85.68001580238342
0.700999,6.619125,3.991232,4.753838,5.661659,2.845224,85.76273918151855
0.430303,7.278608,4.145652,4.447868,5.756616,2.963784,85.8207540512085
0.454237,7.253769,4.438135,4.491892,5.747292,2.89327,85.89356780052185
0.403935,7.32051,4.352193,4.445961,5.64213,2.91223,85.96533155441284
0.406026,7.398363,4.235054,4.405028,5.657926,2.935259,86.04506587982178
0.504086,7.384676,4.283276,4.346737,5.569351,2.814591,86.10386490821838
0.502303,7.388227,4.203749,4.348159,5.460976,2.695141,86.17167115211487
0.561528,7.309082,4.39634,4.309031,5.48237,2.671442,86.22208261489868
0.542951,7.347128,4.339017,4.309968,5.503179,2.668122,86.30862665176392
0.528909,7.341863,4.287745,4.171026,5.643273,2.654045,86.36344289779663
0.514945,7.336356,4.23669,4.232546,5.625009,2.653408,86.42822575569153
0.511393,7.300795,4.215727,4.249152,5.632685,2.764727,86.47905945777893
0.451685,7.398012,4.100824,4.250042,5.653561,2.761418,86.5826997756958
0.04959,7.10621,3.75752,4.282672,5.705047,3.004711,86.67468547821045
-0.247386,6.352886,3.787203,4.421116,5.777174,3.102082,86.79896235466003
-0.34946,6.336835,3.547114,4.447034,5.791379,3.00494,86.86443972587585
-0.591941,5.939961,3.621914,4.587875,5.759626,2.978232,86.92424368858337
-0.839917,5.835107,3.457206,4.636097,5.756753,2.86033,86.97397971153259
-0.932721,5.722059,3.359115,4.63908,5.724506,2.796355,87.05743837356567
-1.029197,5.303803,3.003518,4.714593,5.624369,2.807534,87.15211725234985
-0.611649,5.077104,2.922938,4.539211,5.555158,2.646906,87.21491122245789
-0.545759,5.018937,2.90542,4.47512,5.51067,2.65754,87.28866410255432
-0.776575,5.029466,2.178825,4.429814,5.501036,2.729446,87.49904584884644
-0.129562,4.456557,2.089189,4.40697,5.476866,2.757217,87.55685758590698
-0.039045,4.461056,2.083842,4.366025,5.475002,2.759864,87.62761449813843
0.107221,4.424633,2.103712,4.303645,5.451587,2.76711,87.74972009658813
0.135645,4.42528,2.123482,4.323175,5.431937,2.769056,87.78767275810242
0.166296,4.404736,2.146654,4.281349,5.409511,2.774965,87.84648942947388
0.255802,4.468952,2.238788,4.25543,5.30404,2.81564,87.92326283454895
0.281646,4.490563,2.255474,4.259524,5.312948,2.72341,87.98535943031311
0.493863,4.540624,2.301098,4.085757,5.078091,2.815336,88.04475092887878
0.431053,4.557673,2.323315,4.026973,5.045267,2.688743,88.13101887702942
0.52997,4.54121,2.784733,3.988279,5.032906,2.559139,88.24020290374756
0.537491,4.927964,3.065537,3.94603,5.027667,2.606761,88.31063747406006
0.506575,5.176164,3.005368,3.841425,4.980469,2.642369,88.37442231178284
0.515462,5.181182,2.957843,3.800768,4.998798,2.641752,88.47508645057678
0.529896,5.156412,3.00712,3.759075,4.987271,2.780481,88.532888174057
0.4895,5.133743,3.012983,3.739197,5.008042,2.755822,88.58576083183289
0.461959,5.134691,2.991281,3.69828,5.006085,2.758455,88.63767743110657
0.498295,5.138598,2.9655,3.719682,5.052579,2.682538,88.72239780426025
0.578478,5.156392,3.027496,3.740772,5.07392,2.677982,88.81313371658325
0.560156,5.222773,2.971868,3.762528,5.109429,2.493077,88.8749270439148
0.549089,5.178127,3.002622,3.763634,5.152745,2.464022,88.94469332695007
0.618857,5.17904,3.021636,3.765783,5.238236,2.4282,89.02762818336487
0.575412,5.225855,2.947416,3.766728,5.269264,2.313349,89.09141778945923
0.64145,5.207925,2.946457,3.85288,5.313602,2.323443,89.15620160102844
0.647385,5.205858,2.969524,3.85288,5.313602,2.323443,89.24888849258423
0.678268,5.272595,2.934216,3.96036,5.341882,2.291173,89.31168127059937
0.722916,5.253615,2.934642,3.96121,5.346123,2.246791,89.39948630332947
0.763719,5.2765,2.928724,4.003807,5.420116,2.36404,89.45729351043701
0.954124,5.366895,2.926749,4.198092,5.55188,2.376438,89.51110816001892
1.000359,5.387441,2.943992,4.259731,5.549634,2.41764,89.55994725227356
1.042957,5.389366,2.941246,4.321002,5.528687,2.439741,89.61779475212097
1.051458,5.34506,2.970818,4.363263,5.511883,2.417905,89.67082858085632
0.989484,5.321276,2.978098,4.454022,5.528121,2.300118,89.72166395187378
1.033905,5.282182,3.16806,4.45509,5.549545,2.296633,89.84608840942383
0.69691,5.10944,3.144297,4.781157,5.352388,2.310322,89.91086769104004
0.654717,5.000943,3.446629,5.084179,5.18059,2.299444,89.99998545646667
0.652984,4.937418,3.504172,5.271065,5.222384,2.131285,90.07799792289734
0.618967,4.933828,3.530699,5.714669,4.909944,2.200723,90.12084984779358
0.641131,4.915228,3.532194,5.863619,4.822607,1.600923,90.18065404891968
0.641131,4.915228,3.532194,6.01435,4.774272,1.931592,90.29726839065552
0.153572,4.768143,3.393496,5.640972,4.057964,2.278204,91.32776689529419
0.108704,4.732644,3.307333,5.531651,4.126498,1.958764,91.3935489654541
0.134214,4.752202,3.326321,5.134747,4.114182,4.898971,91.43341374397278
0.134214,4.752202,3.326321,5.541269,4.008845,1.977598,91.49823594093323
0.162233,4.809925,3.362913,5.524264,4.049304,2.117393,91.58368849754333
0.078387,4.752677,3.282535,5.611246,4.130886,1.974637,91.64748001098633
0.084668,4.75614,3.234799,5.507497,4.127803,2.274061,91.74148607254028
0.08943,4.716335,3.240702,5.574429,4.048992,1.907444,91.81001400947571
0.072683,4.67986,3.177433,5.93069,3.799012,1.488041,91.86881422996521
0.051823,4.678846,3.178797,6.016623,3.711429,1.187131,91.91968297958374
0.072169,4.691136,3.315896,5.095936,3.794657,6.41243,92.23064303398132
-0.028455,4.724462,3.340172,5.582969,3.790881,5.760615,92.65427947044373
-0.028455,4.724462,3.340172,5.443349,3.680445,6.061428,92.7190625667572
-0.067249,4.702724,3.345811,5.521371,3.605223,5.844441,92.81075620651245
-0.48034,4.321011,3.103533,5.302149,3.108438,5.285918,93.81235694885254
-0.500953,4.26121,3.091157,5.26488,3.104434,5.499472,93.90310072898865
-0.49815,4.241572,3.094088,5.065144,3.040544,6.624573,93.97685623168945
-0.516298,4.2209,3.098369,5.177661,3.093248,6.075126,94.06511497497559
-0.519114,4.240508,3.095444,5.103753,3.146077,6.52252,94.12989783287048
-0.49815,4.241572,3.094088,5.143175,3.172647,6.234015,94.18272089958191
-0.390994,4.285894,3.103976,5.565731,3.347028,5.444674,94.2685899734497
-0.31262,4.329454,3.092677,5.761251,3.563261,5.614827,94.32242488861084
-0.161782,4.402665,2.912948,5.615913,3.922082,5.151836,94.5076847076416
-0.152915,4.447214,2.814986,5.634897,3.924701,4.73681,94.6113383769989
0.115718,4.505315,2.701193,5.80207,4.04402,4.887787,94.6751639842987
0.09443,4.466869,2.61944,5.762261,4.123062,5.325295,94.76404619216919
0.252026,4.251301,2.579314,5.841445,3.962098,5.555617,94.81249451637268
0.322598,4.235962,2.512136,5.832378,3.954885,5.774851,94.8699541091919
0.356909,4.157177,2.457583,5.795004,3.885457,5.786821,94.95168709754944
0.267764,4.139225,1.952869,5.829865,3.994642,5.742416,95.00949740409851
0.603945,3.904138,1.871485,5.756035,3.984455,5.997856,95.1064465045929
0.718193,3.400451,1.565298,5.875479,4.066011,5.756957,95.30526399612427
0.6639,3.294926,1.605801,5.992964,4.143356,5.931135,95.35609459877014
0.881545,3.34739,1.566709,5.720512,4.122381,6.435956,95.41397643089294
0.857312,3.366717,1.564544,5.749679,4.080954,6.182288,95.54057502746582
0.805061,3.387989,1.643359,5.749725,4.186048,6.168827,95.79805040359497
0.762743,3.407111,1.662199,5.693886,4.223342,6.425382,95.85286378860474
0.807568,3.422366,1.962717,5.814497,4.035433,5.765603,95.91765117645264
0.411978,3.651469,2.215745,5.83792,4.215658,5.740104,95.97745037078857
0.407238,3.897343,2.584245,5.825952,3.998317,5.879717,96.08309674263
0.689977,3.913274,2.764463,5.648908,4.146375,6.641595,96.67365527153015
1.098301,3.435033,1.864275,5.60762,4.097092,6.797716,96.82595324516296
1.044413,3.127554,1.537158,5.671643,4.108455,6.528207,97.26548075675964
1.03669,3.124641,1.498544,5.688874,4.082607,6.443495,97.37112855911255
0.920922,3.264097,1.519522,5.714167,4.224349,6.394861,97.46573328971863
0.745978,3.550654,1.618503,5.64568,4.022571,6.657223,97.58732604980469
0.691763,3.546434,1.581639,5.760033,4.160209,6.171327,97.63315105438232
0.727805,3.550289,1.639542,5.689033,4.031343,6.421207,97.68686413764954
0.750181,3.554672,1.738804,5.571751,4.037582,6.926311,97.72926878929138
0.739588,3.576611,1.796655,6.175383,4.24473,4.427452,97.78017735481262
0.727454,3.618904,1.851493,5.700698,4.120916,6.40898,97.82502365112305
0.546281,4.176997,1.787246,5.729474,4.13448,6.347649,97.90718078613281
0.48897,4.065779,1.995922,5.655422,4.182599,6.404818,98.0592725276947
0.490487,4.023202,2.171613,5.657172,4.144513,6.438242,98.131032705307
0.439274,3.979198,2.224004,5.672072,4.260887,6.422403,98.21066784858704
0.441909,3.897736,2.301267,5.5964,4.193697,6.669233,98.27046799659729
0.594997,3.420903,1.728345,5.879459,4.203961,5.738497,99.26991200447083
0.579039,3.438263,1.665621,5.864077,4.201898,5.494901,99.37655997276306
0.676464,3.570748,1.719338,5.660298,4.273205,6.421795,99.44532537460327
0.690275,3.573315,1.77921,5.704982,4.1573,6.176017,99.54299902915955
0.65815,3.567344,1.639949,5.756488,4.029212,6.18838,99.60779237747192
0.667219,3.566046,1.579454,5.852551,4.244335,5.928822,99.67854881286621
0.738108,3.485602,1.569811,5.631441,4.36276,6.412835,99.81351280212402
0.739885,3.46485,1.573266,5.710156,4.356925,6.178407,99.89250826835632
0.672898,3.397939,1.567847,5.797708,4.364946,5.917368,100.00253129005432
0.62677,3.352985,1.557741,5.749355,4.37966,5.697731,100.05934572219849
0.67472,3.377279,1.571287,5.742374,4.375901,5.920205,100.09821557998657
0.822234,3.401257,1.924406,5.938092,4.321837,5.285554,100.21969532966614
0.568378,3.225368,2.299135,5.918053,4.276248,5.480953,100.2741231918335
0.545731,3.262462,2.636054,5.846309,4.342235,5.695337,100.32495331764221
0.462335,3.313041,2.961555,5.810712,4.340095,5.725786,100.41763997077942
2.208343,5.409865,3.822258,5.885217,4.197822,4.478831,101.72181630134583
2.579971,5.524829,4.206163,5.736919,4.21704,2.120798,103.24295330047607
2.579506,5.543672,4.203461,5.68482,4.27328,2.093406,103.34499168395996
2.861337,4.920732,3.444572,5.421831,3.759459,3.213976,104.56877446174622
2.905594,4.917695,3.51362,5.346349,3.773613,3.238945,104.6315689086914
2.90218,4.920977,3.465773,5.391973,3.841938,2.540021,104.67442083358765
2.862907,4.938245,3.465542,5.345228,3.854499,3.023626,104.72924160957336
2.872302,4.891974,3.591197,5.399643,3.868044,2.774627,104.78903794288635
2.808588,4.893973,3.523141,5.404205,3.994837,2.666779,104.8727617263794
2.731399,4.852217,3.534179,5.290473,4.194168,2.44615,104.96562004089355
2.805798,4.820965,3.486812,5.317219,4.253674,2.263902,105.02841424942017
2.8404,4.88305,3.427891,5.478122,4.284092,1.669115,105.09671115875244
2.827791,4.913951,3.518944,5.464914,4.283664,1.609142,105.20862102508545
2.879569,4.884941,3.425232,5.530412,4.347197,1.77832,105.26867270469666
2.824536,4.879008,3.476865,5.570933,4.393254,1.505092,105.3345115184784
2.859771,4.903164,3.423658,5.641119,4.412094,1.906202,105.48791766166687
2.898777,4.924248,3.418089,5.774599,4.382333,1.557198,105.5986704826355
2.881308,4.883389,3.449034,5.685377,4.410916,2.155221,105.65050053596497
2.859555,4.922362,3.420751,5.481549,4.729196,1.372854,105.80530047416687
2.853437,4.853295,3.59819,5.38716,4.940114,1.361954,105.89544320106506
2.910919,4.893837,3.588538,5.433884,4.974228,1.174566,105.98562288284302
2.830391,4.855402,3.551485,5.542336,4.855973,1.469205,106.0560405254364
2.872512,4.873087,3.594031,5.617835,4.807756,1.67712,106.13481545448303
2.912998,4.854565,3.618284,5.73858,4.865121,1.002359,106.18763732910156
2.930387,4.875886,3.590046,5.800243,4.866354,1.038232,106.30627274513245
1.799353,5.717856,4.357738,5.60001,4.113843,2.313837,109.20271444320679
1.840648,5.71791,4.484273,5.765937,4.157592,1.777379,109.2605152130127
1.90052,5.752076,4.397644,5.900007,4.142021,1.451508,109.31832504272461
2.024855,5.81905,4.353904,5.941308,4.08885,1.923234,109.37314009666443
2.565622,5.13366,3.054832,5.873103,4.151616,2.791247,110.609543800354
2.698024,5.051994,3.38712,5.826949,4.298319,2.573275,110.90597343444824
2.665023,5.044431,3.46147,5.956454,4.307265,2.052667,111.02476620674133
2.626056,5.023224,3.467059,5.914942,4.322761,2.412962,111.12835240364075
2.599644,4.110983,2.694278,5.965314,4.456542,2.627941,112.96159076690674
2.660373,4.152996,2.684232,5.846358,4.58201,2.703057,113.03435158729553
2.718505,4.116651,2.88662,5.868012,4.60223,2.698649,113.2399537563324
2.806243,4.083207,2.976663,5.901578,4.628592,2.516717,113.30772852897644
2.807724,4.102138,2.996136,5.897664,4.627709,2.538929,113.39045310020447
2.808422,4.04573,3.004939,5.851493,4.776816,2.172071,113.63465428352356
2.804766,4.064235,2.957242,5.994473,4.828235,2.071136,113.73445057868958
2.804298,4.10201,2.951332,6.006428,4.822373,1.757885,113.81468677520752
2.277206,6.832784,1.446408,6.891793,7.701955,2.175927,118.34604501724243
2.143639,7.479045,1.409835,6.294696,8.223128,2.265632,118.40185856819153
2.016125,7.606013,1.395232,6.184104,8.417152,2.103969,118.50177431106567
0.516966,8.91667,1.631357,5.651631,9.263326,0.979776,119.9883120059967
0.520666,8.812037,1.625693,5.768806,9.287411,0.842339,120.07289028167725
0.648229,8.815503,1.618422,5.599058,9.074992,0.907315,120.1426522731781
0.620483,8.843003,1.615402,5.592154,9.079283,0.970609,120.2380588054657
0.610839,8.78306,1.558474,5.582952,9.055002,1.039065,120.31779527664185
0.631962,8.840293,1.54802,5.592965,9.058988,0.95268,120.40197825431824
0.769114,8.689899,1.677434,5.755538,8.913751,0.758437,120.49120950698853
0.931244,8.842926,1.621518,5.682128,8.885001,0.519111,120.54274940490723
0.927311,8.899286,1.612556,5.568202,8.878802,0.857204,120.6005311012268
1.006395,8.797087,1.60259,5.41277,8.769498,0.862172,120.655348777771
1.062654,8.714512,1.613081,5.411836,8.906027,0.446729,120.7122106552124
1.052316,8.682662,1.551844,5.411547,8.834635,0.663943,120.8035683631897
1.072943,8.443333,1.47923,5.372877,8.706122,0.728856,120.8663694858551
1.063887,8.458077,1.433264,5.364065,8.845948,0.378084,120.92018961906433
1.097454,8.519873,1.487458,5.324585,8.732945,0.726687,120.97837376594543
1.118375,8.52814,1.462956,5.345715,8.677217,0.73504,121.06471395492554
1.402167,8.452928,1.460692,5.359873,8.762165,0.637397,121.11659979820251
1.426499,8.405715,1.445229,5.339579,8.704966,0.813838,121.17556977272034
1.443139,8.372823,1.384127,5.443946,8.855048,0.352618,121.26583123207092
1.454682,8.351332,1.452726,5.322086,8.725789,0.74876,121.38244438171387
1.548234,8.568344,1.434205,5.417158,8.900129,0.126042,121.43825387954712
1.544523,8.575921,1.41117,5.347734,8.70541,0.730197,121.53194403648376
1.486578,8.71463,1.391334,5.320587,8.676501,0.73638,121.5877537727356
1.488019,8.686497,1.395887,5.346222,8.656082,0.717873,121.72198104858398
1.462956,8.712178,1.239857,5.312577,8.676193,0.819986,121.79961609840393
