-0.278171,8.64552,2.507786,8.664791,7.521058,2.465645,1.2598919868469238
0.232953,9.110945,1.682698,8.699762,6.905994,2.131429,1.5946996212005615
0.206902,8.936883,1.644412,8.593439,6.866473,2.411684,1.655663251876831
0.010563,8.549236,1.605642,8.687082,6.906695,2.332479,1.7166273593902588
-0.017868,8.576472,1.602666,8.722932,6.925215,2.349983,1.7815909385681152
-0.017868,8.576472,1.602666,8.694334,6.909276,2.421743,1.849552869796753
-0.207356,8.479221,1.650816,8.937578,7.085919,1.827149,1.9075205326080322
-0.719953,8.050407,1.747634,8.9234,7.224254,1.805824,1.9654872417449951
-0.73459,8.11174,1.715992,8.665827,7.051825,2.446644,2.01845645904541
-0.724325,8.030115,1.728811,8.722592,7.124938,2.318918,2.0774199962615967
-0.687814,7.997025,1.75468,8.660865,7.096256,2.531254,2.135387897491455
-0.69216,7.976734,1.735869,8.68108,7.097021,2.529939,2.1963539123535156
-0.685418,7.92276,1.744347,8.64633,7.095644,2.624045,2.2533209323883057
-0.682056,7.895844,1.748575,8.620861,7.110965,2.646288,2.3192832469940186
-0.409895,7.790398,1.773943,8.685504,7.12397,2.686662,2.379426956176758
-0.431856,7.762983,1.779569,8.731098,7.120716,2.615135,2.435393810272217
-0.36754,7.70565,1.89745,8.751168,7.121473,2.613819,2.4923698902130127
-0.364488,7.679382,1.901558,8.720947,7.103546,2.687642,2.5713295936584473
-0.360274,7.699303,1.920581,8.800723,7.162172,2.444394,2.6342923641204834
-0.392351,7.704836,1.898893,8.735613,7.142783,2.611486,2.687232494354248
-0.342431,7.752716,1.821226,8.665527,7.123216,2.687981,2.7442526817321777
-0.305595,7.813831,1.786982,8.675512,7.129245,2.663318,2.800218105316162
-0.312648,7.820276,1.763986,8.695428,7.141271,2.614122,2.855247735977173
-0.334691,7.792829,1.769622,8.688776,7.206949,2.604463,2.914212703704834
-0.334691,7.792829,1.769622,8.688776,7.206949,2.604463,2.9751768112182617
-0.345798,7.778906,1.727969,8.734224,7.203751,2.533272,3.0301451683044434
-0.348842,7.805595,1.723756,8.734224,7.203751,2.533272,3.086113214492798
-0.495409,7.653351,1.711942,8.763873,7.221885,2.460124,3.1440951824188232
-0.360812,7.74432,1.66794,8.704417,7.185521,2.606809,3.2020468711853027
-0.304398,7.69264,1.673525,8.704417,7.185521,2.606809,3.256016492843628
-0.328628,7.738933,1.689283,8.719043,7.202306,2.626433,3.317979097366333
-0.328628,7.738933,1.689283,8.734535,7.192362,2.580934,3.3748950958251953
-0.318631,7.706123,1.716296,8.734535,7.192362,2.580934,3.43286395072937
-0.276549,7.668912,1.85379,8.729064,7.20845,2.601823,3.486891031265259
-0.078928,7.79265,2.048824,8.634159,7.177166,2.635367,3.541914463043213
-0.061236,7.819748,2.296098,8.625559,7.121708,2.690619,3.5978825092315674
-0.063989,7.660125,2.673342,8.609631,7.154309,2.640333,3.655906915664673
-0.086037,7.420905,3.096591,8.510793,7.104775,2.839942,3.7118732929229736
-0.134051,7.462357,2.947544,8.520698,7.11091,2.815002,3.7668492794036865
-0.361972,7.339402,2.788126,8.485355,7.131203,2.814082,3.824812650680542
-0.002876,7.805302,2.670938,8.468804,7.175574,2.715071,3.8807826042175293
-0.016773,7.839923,2.714057,8.531819,7.223166,2.611369,3.936765193939209
0.047929,7.89246,2.702131,8.523087,7.17874,2.618694,3.993717908859253
0.260726,7.788897,3.191322,8.386839,7.104184,2.918132,4.045686960220337
0.293455,7.797008,3.31211,8.363055,7.070211,2.971934,4.101669788360596
0.234463,7.786719,3.342234,8.343453,7.069466,2.973259,4.157069683074951
0.03981,7.668647,3.347079,8.309969,7.041084,3.00327,4.211040496826172
-0.180133,7.637462,3.290673,8.329389,7.053372,2.952918,4.268012762069702
-0.191394,7.604811,3.246762,8.319688,7.047234,2.978072,4.3259804248809814
-0.16335,7.621379,3.193178,8.313907,7.07416,2.950744,4.378075122833252
-0.233236,7.51385,3.164598,8.337733,7.096474,2.945914,4.433027029037476
-0.322237,7.317033,3.126625,8.39238,7.088737,2.896574,4.487053871154785
-0.654907,7.216304,2.517875,8.39238,7.088737,2.896574,4.543086528778076
-0.774925,6.95446,2.312415,8.402301,7.083319,2.920325,4.59904670715332
-0.783099,6.748852,2.164602,8.456539,7.098294,2.774123,4.6540679931640625
-0.655263,6.128725,2.102423,8.445901,7.118086,2.865355,4.711036205291748
-0.434947,5.978892,1.918286,8.455714,7.124276,2.840358,4.785920143127441
-0.476736,5.997432,1.787605,8.504518,7.155061,2.716038,4.842395544052124
-0.477705,5.95244,1.773613,8.426131,7.11734,2.86668,4.900361776351929
-0.491504,5.958413,1.730425,8.435904,7.123529,2.841683,4.954357385635376
-0.444231,6.074901,1.751614,8.464498,7.153559,2.718685,5.011324167251587
-0.453129,6.147654,1.739994,8.444481,7.152808,2.720008,5.067291021347046
-0.429858,6.584981,1.840085,8.385361,7.139032,2.772254,5.124258995056152
-0.367931,6.88888,1.786919,8.385361,7.139032,2.772254,5.177251100540161
-0.32562,7.058624,1.800779,8.37645,7.121287,2.845657,5.236217260360718
-0.352618,7.087451,1.885821,8.390319,7.149297,2.817137,5.292591094970703
-0.410696,7.162092,1.876654,8.408694,7.173325,2.719044,5.348576545715332
-0.481318,7.133948,1.884938,8.370437,7.148551,2.818462,5.4035279750823975
-0.513231,7.138284,1.863715,8.408694,7.173325,2.719044,5.45849609375
-0.559956,7.152995,1.797394,8.412959,7.19538,2.715427,5.517461061477661
-0.560263,7.195238,1.724438,8.374662,7.170422,2.81489,5.571432113647461
-0.60269,7.188266,1.749742,8.374662,7.170422,2.81489,5.633398056030273
-0.638222,7.218488,1.724606,8.393844,7.182923,2.765071,5.684366226196289
-0.645638,7.223735,1.702166,8.374662,7.170422,2.81489,5.736335277557373
-0.720609,7.221095,1.706434,8.384903,7.164899,2.83854,5.789315462112427
-0.720609,7.221095,1.706434,8.394559,7.171167,2.813564,5.8502397537231445
-0.720609,7.221095,1.706434,8.46168,7.214733,2.639965,5.906206846237183
-0.679193,7.092711,1.725478,8.465999,7.23696,2.636307,5.959174394607544
-0.671726,7.087691,1.747859,8.476598,7.231471,2.659662,6.015144348144531
-0.711524,7.009004,1.762855,8.456451,7.230724,2.660987,6.06911301612854
-0.600144,6.84301,2.297986,8.365538,7.15233,2.888625,6.1210973262786865
-0.598433,6.795393,2.511861,8.384903,7.164899,2.83854,6.177050828933716
-0.569248,6.855997,2.757197,8.351207,7.136098,2.868436,6.23301887512207
-0.59888,6.921125,2.962394,8.345183,7.163411,2.841194,6.2869884967803955
-0.617411,7.035798,3.138676,8.292452,7.122113,2.921242,6.34240198135376
-0.664543,7.115015,3.349869,8.282857,7.11585,2.946385,6.4033660888671875
-0.644255,7.276828,3.573554,8.224385,7.101806,2.999462,6.456336498260498
1.953751,8.435872,3.490437,6.216218,5.790322,2.403204,8.094935417175293
2.044397,8.428392,3.511224,6.222903,5.775132,2.360991,8.1459059715271
2.145998,8.42743,3.454002,6.192181,5.721177,2.283254,8.202874898910522
2.168545,8.403839,3.456055,6.123216,5.69433,2.313294,8.257841348648071
2.145019,8.364635,3.438002,6.08603,5.695272,2.293257,8.31481122970581
2.135016,8.369583,3.362118,6.114176,5.649243,2.342936,8.365782022476196
2.40422,8.088925,3.386875,6.010902,5.644596,2.349425,8.426751613616943
2.463824,7.97494,3.325073,5.937133,5.672887,2.437449,8.477715969085693
2.522042,7.931445,3.253379,5.896362,5.710283,2.456045,8.533684730529785
2.493458,7.908239,3.184489,5.993953,5.752224,2.136509,8.58665418624878
2.55912,7.886557,3.1837,6.178166,5.844252,1.96078,8.64263653755188
2.580321,7.911059,3.178703,6.228085,5.926335,1.838069,8.69658899307251
2.580321,7.911059,3.178703,6.256669,6.008809,1.717216,8.750558853149414
2.602025,7.911764,3.177257,6.296527,6.226943,1.595239,8.807525634765625
2.623723,7.912469,3.175811,6.322206,6.353368,1.510283,8.882950067520142
2.626127,7.90418,3.201562,6.339032,6.367697,1.423704,8.954936265945435
2.623723,7.912469,3.175811,6.330714,6.300653,1.560391,9.008904457092285
2.623723,7.912469,3.175811,6.330714,6.300653,1.560391,9.063872575759888
2.621324,7.920745,3.150102,6.293829,6.249375,1.739539,9.117841005325317
2.449621,7.8199,3.175877,6.873443,6.205803,1.716161,9.170826435089111
2.426329,7.779764,3.158792,7.07923,6.131368,1.973445,9.229784488677979
2.379039,7.722937,3.121274,7.070701,5.864377,2.387623,9.280746459960938
2.297672,7.617788,2.780216,6.70852,5.503468,3.668331,9.335716485977173
2.263696,7.465632,2.663689,6.510449,5.512939,3.679642,9.39867901802063
2.228379,7.269066,2.5327,6.296008,5.602568,3.631679,9.462641954421997
2.288544,7.175358,2.451457,6.127997,5.664292,3.681884,9.51760983467102
2.377623,7.046613,2.420763,5.909577,5.727015,3.711067,9.569579839706421
2.625549,6.717811,2.390411,5.402369,5.98199,3.657145,9.6275475025177
2.690867,6.590218,2.361692,5.409937,5.990288,3.606574,9.679519653320312
2.681392,6.612841,2.246038,5.487825,6.075674,3.086158,9.739484310150146
2.732828,6.397314,2.322478,5.740271,5.968001,2.924138,9.793452501296997
2.736439,6.389032,2.368573,5.772391,5.997105,2.733752,9.84642243385315
2.716107,6.383988,2.393049,6.125567,5.825961,2.581326,9.90138864517212
2.64965,6.381307,2.397167,6.338895,5.918971,2.554538,9.954360008239746
2.602456,6.31916,2.364599,6.378407,5.985137,2.385508,10.016324996948242
2.603284,6.273588,2.37181,6.383573,6.028058,2.378447,10.072293281555176
2.646084,6.36668,2.354621,6.404781,5.976692,2.452142,10.125262022018433
2.644117,6.37077,2.331601,6.3972,5.952023,2.478785,10.178246259689331
2.621438,6.282325,2.324524,6.384624,5.924108,2.528663,10.233198642730713
2.684875,6.380734,2.282932,6.311115,5.893697,2.582576,10.287166357040405
2.685565,6.334771,2.290238,6.273691,5.861942,2.657393,10.340137958526611
2.681126,6.388874,2.237151,6.223667,5.853562,2.706937,10.39710545539856
2.702371,6.347624,2.220321,6.109791,5.872391,2.687935,10.452072143554688
2.680032,6.102234,2.216526,6.017819,5.951693,2.68095,10.507040739059448
2.723466,6.062117,2.198511,5.949821,6.036106,2.649053,10.564009189605713
2.662591,6.026476,2.273977,5.887522,6.204327,2.490704,10.619976043701172
2.595282,5.959429,2.266211,5.794831,6.350403,2.360807,10.675944805145264
2.594871,5.981933,2.262621,5.737829,6.497555,2.251529,10.732911586761475
2.400093,5.77208,2.306887,5.779995,6.458606,2.233134,10.788877964019775
2.510397,5.776875,2.300125,5.783745,6.46283,2.21008,10.881561517715454
2.510397,5.776875,2.300125,5.791225,6.471258,2.164087,10.93851089477539
2.507285,5.824358,2.270541,5.816469,6.476333,2.139823,10.996476173400879
2.507285,5.824358,2.270541,5.857254,6.455475,2.140899,11.050445318222046
2.548713,5.765258,2.233675,5.912315,6.367027,2.284686,11.108412742614746
2.503464,5.807977,2.229234,5.950107,6.324411,2.289317,11.161380290985107
2.611982,5.838143,2.196517,5.963873,6.160861,2.38117,11.21834659576416
2.60885,5.9087,2.163324,5.980586,6.158001,2.402997,11.274316310882568
2.632689,5.929092,2.180738,6.010236,6.224375,2.257473,11.333280563354492
2.607301,5.889209,2.144609,5.978437,6.252311,2.210632,11.388249397277832
2.62925,5.912763,2.139628,5.901916,6.297065,2.185702,11.445215940475464
2.62925,5.912763,2.139628,5.87526,6.351803,2.112485,11.499186277389526
2.625446,5.918967,2.095045,5.871872,6.430695,2.034379,11.549156665802002
2.603021,5.918009,2.096395,5.874115,6.453428,2.030612,11.604124546051025
2.649365,5.939496,2.112321,5.850915,6.471189,2.050897,11.66009259223938
2.603021,5.918009,2.096395,5.844917,6.444364,2.077422,11.71606183052063
2.648639,5.984949,2.105006,5.884224,6.442015,2.097579,11.772028923034668
2.656126,5.972013,2.194583,5.868741,6.425529,2.189164,11.827995538711548
2.658005,5.968766,2.217068,5.858092,6.494069,2.289897,11.88396406173706
2.658005,5.968766,2.217068,5.858092,6.494069,2.289897,11.937932014465332
2.687626,5.956665,2.306012,5.812332,6.564426,2.483802,11.993899583816528
2.796177,6.118968,2.274093,5.972619,7.111701,2.389011,12.051868438720703
2.797838,6.115399,2.296832,6.003096,7.164483,2.356269,12.106835842132568
2.818346,6.119893,2.272735,6.012219,7.216795,2.324848,12.163804531097412
2.843248,6.158858,2.309692,6.043431,7.311153,2.308273,12.216773271560669
2.908779,6.275206,2.287506,6.101473,7.454215,2.282529,12.274739503860474
2.819501,6.317283,2.285682,6.099431,7.471586,2.302666,12.329708576202393
2.908459,6.320904,2.280222,6.101921,7.495301,2.298809,12.388672351837158
2.912875,6.308994,2.349056,6.145285,7.496826,2.296089,12.443641662597656
2.895326,6.296128,2.419591,6.16686,7.408505,2.377084,12.494611978530884
2.921773,6.285001,2.487728,6.244996,7.34136,2.383054,12.546584129333496
2.904342,6.29442,2.555423,6.410743,7.300948,2.379802,12.605550765991211
2.928642,6.354274,2.590301,6.466924,7.314267,2.42016,12.660534620285034
2.871557,6.169984,3.016749,6.543954,7.368167,2.476115,12.714504957199097
2.853724,6.036774,3.061837,6.592156,7.456112,2.48269,12.771471738815308
2.850219,6.044476,3.013836,6.580858,7.443059,2.531542,12.83043909072876
2.741489,6.069196,2.96955,7.137008,8.243928,2.444899,12.885406970977783
2.678792,6.045072,2.976964,7.336691,8.460094,2.493465,12.940374851226807
2.739535,6.073062,2.945677,7.487572,8.61182,2.461208,12.995341300964355
2.71416,6.101521,2.896084,7.754833,8.738776,2.308837,13.079971313476562
2.672562,6.056508,2.905492,7.936862,8.794098,2.289555,13.133960962295532
2.649696,6.037804,2.886452,8.101783,8.834915,2.180819,13.18952202796936
2.627723,6.080175,2.881153,8.202248,8.873618,2.076912,13.246488094329834
2.564085,6.077505,2.885273,8.432615,9.018622,1.949613,13.302471399307251
2.498508,6.056957,2.869021,8.45036,9.038244,1.832174,13.357533693313599
2.496109,6.060733,2.845351,8.507417,9.075733,1.665975,13.416501522064209
2.453497,6.058943,2.848099,8.588782,9.157332,1.581742,13.472533226013184
2.475331,6.038125,2.850074,8.638638,9.096839,1.610813,13.526498556137085
2.429663,6.061814,2.825842,8.746961,9.116743,1.491097,13.579522848129272
2.432745,6.036331,2.852821,8.778484,8.971673,1.337883,13.642543077468872
2.345458,6.014727,2.838047,8.701258,8.397106,1.348681,13.697509765625
2.322818,6.057326,2.832717,8.747056,8.414242,1.215423,13.753479480743408
2.322818,6.057326,2.832717,8.813715,8.470954,1.033917,13.807448863983154
2.300767,6.078233,2.830734,8.771034,8.221506,1.203305,13.864424705505371
2.297996,6.08203,2.807128,8.669746,8.139605,1.478033,13.921391487121582
2.278676,6.099179,2.828747,8.605082,8.066066,1.645107,13.974368810653687
2.280046,6.05553,2.83547,8.578315,8.040385,1.650682,14.036333084106445
2.27792,6.037467,2.815239,8.555381,7.916206,1.67182,14.091305494308472
2.276548,6.081132,2.808505,8.621514,7.918407,1.667857,14.146278619766235
2.272358,6.128814,2.778161,8.72309,8.028055,1.536303,14.199243307113647
2.27379,6.168889,2.794972,8.71499,8.102731,1.524712,14.254214763641357
2.249408,6.17196,2.772741,8.631889,8.091784,1.639525,14.30518364906311
2.24584,6.198033,2.745749,8.596336,8.1791,1.583904,14.360157489776611
2.24584,6.198033,2.745749,8.630435,8.3739,1.420738,14.421122074127197
2.223478,6.219297,2.743707,8.635973,8.614094,1.360035,14.47551441192627
2.206967,6.232426,2.788913,8.73545,8.777357,1.393238,14.52948260307312
1.66246,5.94232,2.88881,8.984789,8.461776,1.387573,14.592445373535156
1.389586,5.704783,3.011532,9.03154,8.142975,1.566059,14.650411367416382
1.095494,5.430295,3.474331,8.675671,7.489007,2.748255,14.707382440567017
0.912224,5.286065,3.45933,8.696879,7.129073,3.01345,14.76136326789856
0.88294,5.298064,3.339875,8.632861,7.090585,3.166399,14.819315910339355
0.487945,5.072691,3.232489,8.74483,6.348375,3.341214,14.872287034988403
-0.051327,4.716983,3.132364,8.664131,5.630232,3.524212,14.929252862930298
-0.249602,4.641305,2.902781,8.586341,5.416782,3.465326,14.983221054077148
-0.393448,4.43059,2.944187,8.474995,5.230341,3.500013,15.036189079284668
-0.702672,4.246684,2.521131,8.538076,5.059969,3.14773,15.094157457351685
-0.857389,4.075725,2.426013,8.456054,4.885369,2.928668,15.14512848854065
-1.047732,3.984267,2.321092,8.570071,4.767791,2.196441,15.203093767166138
-1.093483,3.920034,2.184223,8.257891,4.660425,2.795928,15.262060642242432
-1.196635,3.788513,2.063219,8.38836,4.602546,2.318039,15.31403112411499
-1.303171,3.676148,1.940985,8.374598,4.566706,2.133613,15.368997812271118
-1.275822,3.362862,1.930262,8.213507,4.577405,2.161691,15.424964904785156
-1.28353,3.361668,1.910234,8.216641,4.655575,2.127855,15.481014728546143
-1.28353,3.361668,1.910234,8.283062,4.644945,1.875591,15.536983013153076
-1.294592,3.381058,1.886926,8.292143,4.664293,1.913347,15.59195065498352
-1.297964,3.40167,1.883609,8.173352,4.63391,2.13368,15.648992538452148
-1.309045,3.421219,1.860295,8.280349,4.726141,1.800635,15.703960418701172
-1.554406,3.488371,1.737891,8.170447,4.820589,1.811522,15.934138059616089
-1.554406,3.488371,1.737891,8.186961,4.801238,1.813822,15.989104270935059
-1.545673,3.53231,1.770838,8.178673,4.82398,1.728279,16.041083335876465
-1.459498,3.580724,1.820011,8.181484,4.842129,1.786807,16.09904956817627
-1.321596,3.696519,1.959261,8.177644,4.821695,1.790349,16.15417218208313
-1.282122,3.785263,2.258696,8.148779,4.817258,1.87526,16.209141731262207
-1.266568,3.869282,2.546532,8.144974,4.796988,1.878762,16.265109539031982
-1.234285,3.991465,2.76784,7.826858,4.734812,2.698513,16.320077896118164
-1.236676,4.969554,2.906077,7.735811,4.712143,2.685198,16.37406086921692
-1.247791,5.04866,3.172813,7.960863,4.783432,2.015829,16.43101477622986
-1.238202,4.969858,3.589012,7.816699,4.761436,2.453917,16.49097752571106
-1.370076,4.963207,3.382184,7.934456,4.796658,2.162785,16.54318141937256
-1.469424,4.894752,3.186164,7.955126,4.823763,1.988651,16.5981502532959
-1.665145,4.820809,2.976623,7.78227,4.795708,2.51575,16.651366710662842
-1.705467,4.662073,2.843852,7.996471,4.828197,1.92308,16.706334114074707
-1.774744,4.438658,2.680461,7.901923,4.834446,2.158487,16.75930953025818
-1.627512,4.736634,2.402401,7.983233,4.828325,1.902943,16.81727886199951
-1.514164,4.852101,2.072736,7.986924,4.848634,1.899444,16.882927656173706
-1.557386,4.858015,1.966726,8.000918,4.85097,1.856796,16.941184520721436
-1.324029,4.86873,2.255334,7.926822,4.819169,2.074961,16.996153354644775
-1.352144,4.757212,2.275056,7.926822,4.819169,2.074961,17.048184633255005
-1.304836,4.659946,2.486103,7.71211,4.765875,2.722437,17.103156805038452
-1.297816,4.617398,2.492629,7.71211,4.765875,2.722437,17.154356479644775
-1.420903,4.461246,2.546603,7.692228,4.785384,2.676264,17.207323789596558
-1.377917,4.52584,2.556011,7.901603,4.821884,1.970875,17.26629114151001
-1.23243,4.590496,2.649102,7.959904,4.811562,1.782731,17.32125949859619
-1.200328,4.614469,2.621171,7.869097,4.794922,2.124223,17.377225875854492
-1.172746,4.63568,2.638607,7.740113,4.77445,2.521482,17.43719172477722
-1.215678,4.57143,2.628931,7.993515,4.810248,1.863824,17.493160724639893
-1.283232,4.550536,2.56915,7.894656,4.820745,1.99236,17.54313039779663
-1.310919,4.529125,2.551903,7.659002,4.745171,2.706576,17.59610414505005
-1.343993,4.487259,2.516184,7.901603,4.821884,1.970875,17.65535306930542
-1.17255,4.245531,2.480364,7.927697,4.782495,1.996796,17.708320140838623
-1.238943,4.015582,2.368985,7.786131,4.777547,2.496586,17.76235055923462
-1.428,4.010983,1.890841,7.873232,4.791281,2.230826,17.816320180892944
-1.454939,3.794926,1.88688,7.804281,4.79928,2.448631,17.872345447540283
-1.454939,3.794926,1.88688,7.804281,4.79928,2.448631,17.92831516265869
-1.534415,3.211325,2.113512,7.976097,4.839815,2.111217,18.38350200653076
-1.325022,3.262653,2.073774,7.934486,4.83523,2.17784,18.44046926498413
-1.193678,3.290306,2.062683,7.966994,4.860046,2.087314,18.497435808181763
-1.231614,3.286401,2.023668,7.813088,4.833822,2.551741,18.550519227981567
-1.16757,3.307802,1.954907,7.914638,4.872796,2.194191,18.60748600959778
-1.035099,3.335693,1.943781,7.837854,4.878234,2.434264,18.66251039505005
-0.844823,3.533505,1.942572,8.028731,4.892826,1.848513,18.71548056602478
-0.844823,3.533505,1.942572,7.819542,4.856101,2.482312,18.764451503753662
-0.766135,3.621061,1.924026,7.929075,4.875331,2.15045,18.82241988182068
-0.807853,3.616269,1.803255,8.021693,4.89159,1.869836,18.877386331558228
-0.766777,3.766585,1.755377,7.804716,4.853499,2.527232,18.932356119155884
-0.766777,3.766585,1.755377,7.804716,4.853499,2.527232,18.985326051712036
-0.705626,3.792191,1.871629,8.174726,4.959381,1.422263,19.0382981300354
-0.953299,3.906806,1.864416,8.170843,4.938221,1.425981,19.09326195716858
-0.945444,3.991164,2.101314,7.912691,4.855607,2.133287,19.14223575592041
-0.931719,4.072196,2.408752,8.049772,4.896519,1.784765,19.198203086853027
-1.055737,4.126193,2.515518,7.743872,4.847662,2.597412,19.253171682357788
-1.125587,4.079965,2.614679,7.876709,4.887817,2.257977,19.305142164230347
-1.271703,3.949917,2.665597,7.766004,4.851574,2.529729,19.360108137130737
-1.442941,3.839758,2.604462,7.939129,4.921315,2.015695,19.414079904556274
-1.49149,3.340001,2.194692,7.920677,4.965764,1.904729,20.36290979385376
-1.431596,3.333594,1.942736,7.758171,4.895681,2.392573,20.416876077651978
-1.30993,3.376548,1.786054,7.726877,4.887115,2.548264,20.47784113883972
-1.31911,3.28999,1.740188,7.847021,4.892962,2.109644,20.531811475753784
-1.338743,3.268011,1.744854,7.696349,4.902768,2.591485,20.58478093147278
-1.327781,3.248673,1.767917,7.851489,4.916019,2.042301,20.641748666763306
-1.323258,3.267994,1.723866,7.833025,4.929109,2.168314,20.69871759414673
-1.264479,3.196969,1.91655,7.698902,4.968682,2.427762,23.26480984687805
-1.218224,3.298952,2.293342,7.618882,4.961314,2.498898,23.317776441574097
-1.238409,3.390204,2.601237,7.512532,4.988919,2.610547,23.370748281478882
-1.239947,3.480042,2.939402,7.422379,4.985743,2.594119,23.42771315574646
-1.293844,3.581228,3.243089,7.361129,5.004681,2.550567,23.480698347091675
-1.122509,3.858357,3.467874,7.211351,4.994838,2.604743,23.534651279449463
-1.060337,4.122182,3.731754,7.015096,4.991524,2.839625,23.58562469482422
-1.631628,5.599369,3.886266,6.248309,5.060341,3.01034,23.641591787338257
-1.622036,5.9827,4.234887,6.094532,5.052927,3.020611,23.70155620574951
-1.120274,5.809216,5.237558,6.003968,5.017982,3.473703,23.755524158477783
-1.11447,6.452249,5.175913,5.684121,5.03601,3.538421,23.8094961643219
-1.155554,6.471937,5.093192,5.667215,5.02827,3.636211,23.867466926574707
-0.8117,6.67938,4.98517,5.444494,5.03404,3.673438,23.92042851448059
-0.654952,6.545464,4.992806,5.455944,4.961728,3.683453,23.976399660110474
-0.6566,6.527724,4.590156,5.455944,4.961728,3.683453,24.03336477279663
-0.531701,6.357529,4.394772,5.458332,4.910483,3.642939,24.092331171035767
-0.383287,6.214195,4.146417,5.418757,4.802587,3.613727,24.147300243377686
-0.145736,6.02745,4.005493,5.38473,4.64378,3.521017,24.200268268585205
-0.062155,5.819298,3.955217,5.204818,4.405606,3.380598,24.253238201141357
0.030409,5.665343,3.947064,5.130811,4.097575,3.224679,24.30820918083191
0.034793,5.597798,4.006966,5.129272,3.808646,3.088145,24.36317467689514
0.043278,5.594431,4.03207,5.032064,3.567699,2.997265,24.417144060134888
0.195436,5.660939,4.012533,4.7225,3.408726,3.017687,24.474111080169678
0.262581,5.707857,3.976181,4.590447,3.456514,3.062264,24.530094623565674
0.363665,5.720298,4.043408,4.492333,3.491249,3.152028,24.584047079086304
0.48123,5.79373,3.974675,4.422807,3.537306,3.104019,24.640032052993774
0.524387,5.824118,3.917236,4.293177,3.58291,3.104406,24.696983814239502
0.635708,5.853384,3.880808,4.182777,3.610077,3.061725,24.7469539642334
0.745687,5.9031,3.841495,4.015916,3.668628,2.972841,24.800923347473145
0.745687,5.9031,3.841495,3.982583,3.773413,2.891617,24.8838472366333
0.75244,5.899086,3.866631,3.988346,3.765492,2.629258,24.95180320739746
0.757267,5.91534,3.888929,4.034437,3.799966,2.427244,25.00877332687378
0.775433,5.936498,3.884641,4.09666,3.841474,2.417205,25.066740036010742
0.759204,5.895066,3.891808,4.133623,4.053109,2.126555,25.12170696258545
0.739127,5.894211,3.893211,4.195301,4.036595,2.126046,25.175676822662354
0.739127,5.894211,3.893211,4.240342,4.058247,2.057366,25.231664657592773
0.764048,5.911266,3.914158,4.283105,4.040236,2.016441,25.28763747215271
0.790836,5.908036,3.938027,4.320273,3.9832,2.065554,25.342607021331787
0.792745,5.887858,3.940885,4.357945,3.946489,2.11139,25.39857268333435
0.790836,5.908036,3.938027,4.355947,3.927162,2.135587,25.45553994178772
0.790836,5.908036,3.938027,4.396329,3.909779,2.136329,25.508508920669556
0.786006,5.891893,3.915625,4.394104,3.910523,2.178267,25.562479257583618
0.739127,5.894211,3.893211,4.507789,3.762567,2.217453,25.620445728302002
0.694045,5.876224,3.873723,4.783301,3.683822,2.257813,25.674415111541748
0.707853,5.86828,3.924095,4.777987,3.68608,2.320947,25.73138189315796
0.62372,5.840874,3.833519,4.846387,3.647496,3.402252,25.785350799560547
0.616728,5.844726,3.808499,4.819107,3.659317,3.680547,25.83931827545166
0.627183,5.812453,3.763021,4.611747,3.602729,3.796083,25.897286653518677
0.627183,5.812453,3.763021,4.611747,3.602729,3.796083,25.950256824493408
0.60376,5.78632,3.669671,4.515103,3.555273,3.644735,26.001226902008057
0.751461,5.527997,3.699293,4.459316,3.518771,3.653671,26.060191869735718
0.842728,5.470621,3.556061,4.44025,3.466025,3.362757,26.118159770965576
0.840249,5.433061,3.53769,4.401518,3.464733,3.094184,26.17212724685669
0.860514,5.404721,3.613472,4.25952,3.557723,2.998596,26.227096557617188
0.880754,5.405634,3.61209,4.154092,3.653583,2.856632,26.28297233581543
0.882821,5.414738,3.53787,4.124024,3.757068,2.710242,26.336941957473755
0.881023,5.434894,3.534925,4.074043,3.861901,2.522552,26.393911361694336
0.888867,5.412012,3.56211,4.082024,3.955085,2.356899,26.450988054275513
0.925979,5.454095,3.553472,3.908361,4.240011,2.234699,26.511950492858887
0.952256,5.452185,3.576392,3.930326,4.221859,2.130602,26.56991958618164
0.968394,5.435781,3.553651,3.950937,4.222808,2.150476,26.625884532928467
0.964929,5.476091,3.547762,3.930967,4.241972,2.127282,26.678977489471436
0.960784,5.45874,3.526447,3.951707,4.223095,2.108216,26.734943866729736
0.968394,5.435781,3.553651,4.013581,4.20615,2.128825,26.788967609405518
0.970122,5.415675,3.556588,4.10019,4.251071,2.074892,26.881643295288086
0.952541,5.423859,3.483986,4.104549,4.252384,1.928292,26.942988872528076
0.928582,5.463447,3.479425,4.127635,4.233711,1.847458,26.997957229614258
0.949054,5.464365,3.478043,4.150671,4.275908,1.839303,27.05092716217041
0.966663,5.45592,3.550709,4.237982,4.280802,1.792933,27.105896711349487
0.988713,5.436695,3.55227,4.280005,4.262413,1.793876,27.15986442565918
0.934486,5.460639,3.503607,4.471795,4.251855,1.785998,27.211835622787476
0.911658,5.422018,3.486747,4.742769,4.184338,1.80408,27.265811443328857
0.90573,5.424734,3.462625,4.967614,4.037213,2.002491,27.32578468322754
0.861445,5.434625,3.367914,5.213364,3.880654,2.266273,27.375977516174316
0.848576,5.410618,3.396263,5.262813,3.800041,2.618614,27.43194079399109
0.834358,5.377638,3.330574,5.231869,3.732809,2.827385,27.487964391708374
0.80952,5.358797,3.311168,5.137959,3.715185,2.968122,27.540988445281982
0.80132,5.322819,3.269761,5.059646,3.711804,2.995396,27.593957901000977
0.814029,5.287571,3.227197,4.988649,3.706034,2.955897,27.650986671447754
0.902138,5.100708,3.110397,4.784931,3.747709,2.938811,27.704952716827393
0.978088,5.008181,3.050779,4.520289,3.768513,2.928435,27.76692008972168
0.978088,5.008181,3.050779,4.532083,3.763104,2.752201,27.818886756896973
1.035741,5.005037,3.117507,4.287992,3.877038,2.660249,27.87485694885254
1.035741,5.005037,3.117507,4.287992,3.877038,2.660249,27.933823108673096
1.061778,5.004304,3.139372,4.255601,3.929477,2.545044,27.99079704284668
1.061778,5.004304,3.139372,4.275649,3.930553,2.543777,28.043819665908813
1.15492,5.004771,3.180498,4.414391,3.861361,2.504149,28.095791339874268
1.166673,4.98131,3.230214,4.42117,3.897679,2.412096,28.154756784439087
1.160022,5.003042,3.203837,4.444837,3.917172,2.364968,28.20572829246521
1.156468,4.98469,3.183517,4.448088,3.955384,2.33731,28.25869631767273
1.175566,5.005746,3.179139,4.49006,3.957261,2.313499,28.32565689086914
1.175566,5.005746,3.179139,4.449324,3.955078,2.316021,28.387629985809326
1.17967,5.03213,3.104935,4.471992,3.975265,2.290307,28.44585680961609
1.186194,5.010176,3.131216,4.411705,3.99142,2.290889,28.4988272190094
1.205406,5.031343,3.126811,4.411705,3.99142,2.290889,28.554810285568237
1.155405,5.012639,3.086163,4.391257,3.990328,2.292152,28.606795072555542
1.153856,5.032911,3.083097,4.371762,4.0087,2.290209,28.665807008743286
1.122905,5.035437,3.038176,4.331741,4.026014,2.289527,28.71977472305298
1.129532,5.013372,3.064372,4.29351,4.062795,2.264352,28.77080464363098
1.124479,5.015084,3.041261,4.294475,4.062672,2.243114,28.8267719745636
1.021591,4.989827,3.051134,4.240427,4.217615,2.199585,28.88396430015564
0.993722,5.010867,3.026344,4.223078,4.296433,2.187676,28.940932035446167
0.979585,4.995458,2.960461,4.185639,4.434291,2.209761,28.999897003173828
0.948128,4.99017,3.009122,4.169611,4.535218,2.172919,29.080866813659668
0.988439,5.012563,3.003307,4.193152,4.597541,2.161547,29.13883352279663
0.962113,5.013264,2.981668,4.196394,4.620454,2.093906,29.19481587409973
0.937431,4.993468,2.96318,4.179257,4.68317,2.042231,29.249773025512695
0.997489,4.962683,3.126313,3.825039,4.997721,2.073198,29.30175495147705
1.002849,4.961055,3.149518,3.825254,5.015974,2.112988,29.35764765739441
1.003812,4.95354,3.244081,3.868058,5.034613,2.17212,29.412638425827026
0.9959,4.929417,3.295236,3.931532,5.016599,2.171658,29.46761131286621
0.990407,4.931017,3.271811,3.97354,4.997603,2.172498,29.520580768585205
0.984924,4.932615,3.248425,3.994162,4.977622,2.174636,29.57197093963623
0.883852,4.907799,3.258202,4.104559,5.08804,2.150873,29.677908420562744
0.900946,4.903146,3.328446,4.107189,5.094527,2.063942,29.745869159698486
0.820147,4.854335,3.411651,4.305406,5.151409,1.980359,29.79983901977539
0.820147,4.854335,3.411651,4.30736,5.154791,1.937293,29.851974725723267
0.787407,4.83136,3.440846,4.637411,5.216719,1.867779,29.905943155288696
0.785575,4.850919,3.43796,5.223169,4.988507,1.874861,29.959984302520752
0.791617,4.849447,3.461587,5.465317,4.873246,1.902133,30.01493811607361
0.771394,4.848477,3.462948,5.697993,4.884639,1.888188,30.06790566444397
0.777703,4.87202,3.411473,5.678824,4.876086,2.800332,30.12389087677002
0.745249,4.874058,3.365755,5.687725,4.940506,3.016273,30.1788432598114
0.743557,4.861158,3.273657,5.608934,4.983593,3.175339,30.233826398849487
0.740487,4.867948,3.179251,5.589659,5.010962,3.311986,30.289283990859985
0.760843,4.914597,3.101076,5.612605,4.977659,3.268933,30.339495182037354
0.766538,4.959244,3.047476,5.71838,5.012518,3.095112,30.39446210861206
0.732334,5.028958,2.923373,5.755617,5.00279,2.979834,30.447429656982422
0.598109,5.355286,2.719549,5.245301,5.36797,2.771206,30.504398107528687
0.58981,5.618585,2.655511,5.108698,5.555012,2.659492,30.560365438461304
0.718585,5.991117,2.520983,5.047407,5.708946,2.5489,30.61533546447754
0.68948,6.231726,2.14747,5.093477,5.849079,1.95346,30.67831325531006
0.700952,6.415025,2.028654,5.231369,5.908369,1.702538,30.73226833343506
0.775774,6.478865,1.948319,5.714225,5.537756,1.65491,30.7882342338562
0.802327,6.565826,1.867024,6.110687,5.360956,1.643073,30.881290197372437
0.79735,6.569972,1.844771,6.110687,5.360956,1.643073,30.936258792877197
0.891968,6.66513,1.737285,6.225223,5.389824,1.611803,30.997223615646362
0.916014,6.666053,1.7359,6.227689,5.411737,1.608058,31.049216985702515
0.940766,6.689444,1.861464,6.124813,5.460825,1.729842,31.102190732955933
0.891222,6.71219,1.860321,6.069551,5.545454,1.718807,31.150466918945312
0.880345,6.975461,1.86179,5.898876,6.128959,1.716252,31.20143985748291
0.871939,6.890278,1.920222,5.885187,6.157635,1.8186,31.256407499313354
0.877599,6.816195,1.93199,5.892198,6.144853,1.905993,31.30837655067444
0.845746,6.799905,1.892256,5.914272,6.107113,2.01879,31.36935019493103
0.869185,6.824638,1.777469,5.958126,6.048869,1.982566,31.423317193984985
0.871072,6.799768,1.781453,5.96428,6.074479,1.956545,31.483487129211426
0.874994,6.773183,1.677044,5.932525,6.082616,1.892451,31.535457372665405
0.932765,6.626746,1.569355,5.919117,6.130056,1.864048,31.58944082260132
0.888811,6.504609,1.570498,5.925126,6.15606,1.838111,31.643394231796265
0.818961,6.406707,1.568968,5.866404,6.22139,1.830617,31.69536566734314
0.676473,6.421881,1.594885,5.90929,6.181253,1.813489,31.755330562591553
0.671515,6.425606,1.573189,5.90929,6.181253,1.813489,31.81031322479248
0.681439,6.41815,1.616613,5.902677,6.216132,1.872414,31.86427140235901
0.681439,6.41815,1.616613,5.902677,6.216132,1.872414,31.918235540390015
0.807109,6.534623,1.655256,5.853234,6.188142,1.901069,31.97268533706665
0.748949,6.656727,1.637987,5.870505,6.143936,1.907299,32.03166627883911
0.804971,6.76888,1.921466,5.901863,6.094071,1.95673,32.08563446998596
0.666019,6.714321,1.937649,5.89962,6.07172,1.960459,32.139588832855225
0.537904,6.478855,2.160062,5.887639,6.020604,2.012513,32.19355654716492
0.434167,6.310757,2.554358,5.881781,5.958001,2.153203,32.24752712249756
0.265558,6.224167,2.508923,5.914119,5.931599,2.199363,32.301498889923096
0.184988,6.163694,2.454788,5.947808,5.886863,2.226545,32.35146713256836
0.190904,6.152648,2.388366,5.958034,5.81998,2.258562,32.408435583114624
0.121538,6.142114,2.303852,5.962039,5.822991,2.235942,32.467416524887085
0.117614,6.11414,2.196965,5.966037,5.825997,2.21336,32.52238345146179
0.099734,5.671347,2.115493,6.035426,5.853409,2.183327,32.58033514022827
0.131602,5.646457,1.965595,6.035426,5.853409,2.183327,32.63030529022217
0.121689,5.639301,1.838142,6.039526,5.856448,2.160813,32.68327498435974
0.210319,5.645896,1.811177,6.056461,5.854332,2.182026,32.73524594306946
0.245022,5.630962,1.94072,6.056461,5.854332,2.182026,32.788217067718506
0.384172,5.703929,1.943163,6.039526,5.856448,2.160813,32.841185331344604
0.395379,5.69866,1.986735,6.03132,5.850365,2.20588,32.89715242385864
0.472737,5.598648,2.086036,6.045845,5.826681,2.230732,32.96211886405945
0.445366,5.643282,2.080171,6.015714,5.739868,2.246232,33.01608443260193
0.459801,5.646746,2.23237,6.001131,5.710002,2.317587,33.06605386734009
0.465807,5.632484,2.34511,5.971871,5.650937,2.461147,33.11902379989624
0.448477,5.640456,2.278186,6.0106,5.631843,2.461974,33.16808247566223
0.442728,5.65466,2.165969,6.033036,5.614572,2.441262,33.226065158843994
0.447488,5.698036,2.005834,6.01254,5.613646,2.442561,33.27992796897888
0.447324,5.700338,1.81156,6.027387,5.642799,2.370819,33.33689546585083
0.452296,5.722857,1.637596,6.029672,5.66389,2.367348,33.393878698349
0.455435,5.734038,1.551407,6.009029,5.662963,2.368648,33.44783878326416
0.479452,5.735075,1.550055,6.011302,5.68409,2.365173,33.50280499458313
0.498377,5.738642,1.527578,6.086912,5.624529,2.37039,33.55178141593933
0.510671,5.709819,1.573736,6.082621,5.621832,2.393109,33.60075354576111
0.546507,5.69224,1.72268,6.103177,5.62276,2.391812,33.6597261428833
0.571879,5.611206,2.013628,6.090146,5.614636,2.460202,33.712695598602295
0.652655,5.573343,2.344596,6.085788,5.611919,2.483077,33.77067279815674
0.496132,5.502184,2.701963,6.106262,5.543553,2.559474,33.82463979721069
0.138443,5.891963,3.031762,6.121491,5.435373,2.642648,33.87861108779907
0.02666,6.086545,3.36664,6.036976,5.400213,2.765562,33.93257999420166
-0.071606,6.36686,3.329805,5.955343,5.376414,2.774004,33.988561391830444
0.065263,6.324836,4.152481,5.804301,5.323466,3.065397,34.04451322555542
-0.028139,6.354701,4.000556,5.734681,5.324575,3.023242,34.09748435020447
-0.133814,6.384288,3.750313,5.762259,5.330208,2.974751,34.15345096588135
-0.167443,6.464246,3.467448,5.772346,5.354777,2.924541,34.21041917800903
-0.103725,6.447603,3.246678,5.784475,5.39952,2.871237,34.26538825035095
-0.03149,6.342826,3.018944,5.790548,5.42205,2.844608,34.318355083465576
0.036132,6.323845,2.782723,5.790548,5.42205,2.844608,34.36732745170593
0.522592,6.337446,2.545198,5.867681,5.405641,2.842636,34.424296140670776
0.588329,6.315224,2.431118,5.869723,5.388022,2.822515,34.47726368904114
0.588882,6.266104,2.325989,5.881138,5.384096,2.867952,34.533231258392334
0.51581,6.150213,2.192119,5.857234,5.380754,2.89268,34.59119987487793
0.482103,6.089619,2.137256,5.859338,5.400712,2.889473,34.64316964149475
0.466062,6.032805,2.059256,5.857234,5.380754,2.89268,34.699137926101685
0.382176,5.948868,1.989871,5.859338,5.400712,2.889473,34.74810719490051
0.277957,5.772339,1.915755,5.863513,5.403179,2.866034,34.80109357833862
0.354058,5.740422,1.831067,5.84789,5.404725,2.843936,34.88285970687866
0.342961,5.745713,1.787942,5.84789,5.404725,2.843936,34.93782925605774
0.342961,5.745713,1.787942,5.856228,5.44743,2.814091,34.99881434440613
0.347473,5.698814,1.795485,5.852012,5.407181,2.820578,35.05578541755676
0.318274,5.70035,1.775356,5.838353,5.428864,2.79531,35.10675859451294
0.315996,5.723821,1.771577,5.838353,5.428864,2.79531,35.15672731399536
0.331618,5.86364,1.768973,5.802709,5.467426,2.791399,35.210697889328
0.349864,5.867487,1.746041,5.782916,5.504394,2.809538,35.263668060302734
0.415856,5.873354,1.720414,5.786903,5.507037,2.78617,35.31863451004028
0.407311,5.855201,1.681304,5.772938,5.529112,2.760863,35.37160539627075
0.417092,5.804984,1.710421,5.770882,5.508761,2.764146,35.4285728931427
0.342435,5.780932,1.696903,5.76883,5.488441,2.767424,35.486536741256714
0.212309,5.611758,1.902475,5.786903,5.507037,2.78617,35.53850698471069
-0.130778,5.376678,2.066755,5.780857,5.484155,2.812796,35.590479135513306
-0.217128,5.340599,2.1642,5.780857,5.484155,2.812796,35.645445108413696
-0.06092,5.609816,2.199812,5.774817,5.461378,2.839438,35.702412128448486
-0.041619,5.699371,2.206269,5.786527,5.419555,2.868017,35.75738215446472
0.011192,5.677416,2.384647,5.782499,5.417055,2.891467,35.81734800338745
0.0223,5.726371,2.353825,5.786527,5.419555,2.868017,35.869317293167114
0.0223,5.726371,2.353825,5.786527,5.419555,2.868017,35.92228651046753
-0.008689,5.685681,2.317495,5.790548,5.42205,2.844608,35.97525596618652
-0.00106,5.617899,2.328041,5.792607,5.442155,2.841374,36.03122282028198
0.132433,5.472129,2.10267,5.810366,5.422965,2.843307,36.086207151412964
0.293793,5.479308,2.093097,5.828094,5.403809,2.845236,36.13716387748718
0.338517,5.524616,1.910418,5.830181,5.42388,2.842006,36.19413232803345
0.301108,5.550796,1.67381,5.812441,5.443068,2.840072,36.25009870529175
0.325802,5.596395,1.686096,5.814418,5.425458,2.819939,36.30806565284729
0.364405,5.692568,1.668141,5.790548,5.42205,2.844608,36.3580367565155
0.527828,5.791781,1.664638,5.812342,5.405346,2.823178,36.41300940513611
0.578048,5.874471,1.584953,5.828094,5.403809,2.845236,36.46497440338135
0.55614,5.849538,1.590202,5.821923,5.381349,2.87185,36.519941568374634
0.512417,5.799778,1.600678,5.832179,5.406264,2.821878,36.57491087913513
0.497896,5.748605,1.631037,5.814418,5.425458,2.819939,36.62688112258911
0.518763,5.728497,1.612275,5.828094,5.403809,2.845236,36.68184995651245
0.520871,5.704816,1.616128,5.814418,5.425458,2.819939,36.73581910133362
0.515767,5.707319,1.594915,5.810366,5.422965,2.843307,36.78878951072693
0.541763,5.684676,1.597421,5.812342,5.405346,2.823178,36.841755867004395
0.541763,5.684676,1.597421,5.812342,5.405346,2.823178,36.894726037979126
0.515767,5.707319,1.594915,5.788491,5.401976,2.847837,36.94869518280029
0.561502,5.733106,1.588347,5.810366,5.422965,2.843307,37.00865983963013
0.540559,5.753248,1.607062,5.814304,5.387676,2.803105,37.06363105773926
0.521771,5.749634,1.629682,5.842428,5.431349,2.772024,37.11661458015442
0.443336,5.669622,1.689197,5.836674,5.458194,2.70041,37.166569232940674
0.407462,5.594417,1.91688,5.828624,5.45317,2.746803,37.21955609321594
0.451377,5.563996,2.180263,5.826681,5.470903,2.76679,37.27352499961853
0.472095,5.564959,2.534697,5.842555,5.469256,2.788795,37.33047556877136
0.408212,5.601696,2.898038,5.840452,5.449044,2.792055,37.387444734573364
0.411428,5.730448,3.1826,5.820547,5.448128,2.793356,37.44141244888306
0.396888,5.871679,3.473947,5.792607,5.442155,2.841374,37.50037956237793
0.039826,6.60921,3.605971,5.53645,5.488184,2.872072,37.549349308013916
0.119055,6.745349,3.756034,5.40236,5.542556,2.871528,37.602335929870605
0.300384,6.812182,4.091892,5.244472,5.557041,3.039909,37.658286333084106
0.311216,6.89855,4.078607,5.156662,5.544899,3.1168,37.71325445175171
0.311216,6.89855,4.078607,5.150813,5.539169,3.164756,37.76922416687012
0.439539,6.975312,4.03321,4.896256,5.564534,3.199737,37.82419538497925
0.668878,7.01988,3.960285,4.613633,5.735286,3.167328,37.87516260147095
0.793078,7.104679,3.888541,4.49705,5.753625,3.148053,37.92813324928284
0.87785,7.08577,3.885838,4.494914,5.712979,3.154382,37.98309850692749
0.852906,7.091592,3.784636,4.544671,5.678719,2.970067,38.04406404495239
0.854851,7.069529,3.787765,4.591829,5.636673,2.835635,38.09903526306152
0.870184,7.03388,3.842901,4.625823,5.603435,2.611876,38.151002168655396
0.884262,7.04146,3.815429,4.643426,5.670705,2.399267,38.207969188690186
0.863484,7.040696,3.816875,4.679292,5.793898,2.267252,38.261645555496216
0.886178,7.019525,3.818537,4.653435,5.961341,2.132225,38.314617395401
0.903135,7.064194,3.81087,4.664648,6.083029,2.046628,38.366594314575195
0.912609,6.954709,3.826388,4.886186,6.057307,1.973858,38.41955494880676
0.903273,6.924148,3.780775,4.92908,6.017404,1.956442,38.47252607345581
0.9324,6.896675,3.808297,4.947978,5.973418,1.962561,38.53050637245178
0.903825,6.884795,3.6857,4.951763,5.907963,2.124636,38.599451541900635
0.87571,6.830614,3.645381,4.969607,5.883767,2.149364,38.65441918373108
0.935241,6.735544,3.605884,5.143735,5.730659,2.229967,38.71038889884949
0.957302,6.654927,3.591673,5.128798,5.655056,2.330666,38.785847902297974
0.932682,6.677384,3.490786,5.113519,5.638599,2.466931,38.83785319328308
1.029416,6.527999,3.507258,4.918487,5.425292,2.668171,38.89182782173157
0.970774,6.580157,3.258666,4.898027,5.40331,2.876867,38.94779372215271
1.026021,6.507576,3.098006,4.840313,5.34699,2.820597,39.004759788513184
1.122549,6.37788,3.112208,4.779854,5.34419,2.824537,39.06272840499878
1.133734,6.282309,2.936769,4.66241,5.39952,2.822731,39.113698959350586
1.346861,6.026438,2.964082,4.486526,5.513949,2.815113,39.17066526412964
1.343955,6.070046,2.957481,4.507535,5.553324,2.830606,39.235628604888916
1.373423,6.085003,3.000419,4.554499,5.658589,2.472832,39.28759717941284
1.380979,6.037684,3.030844,4.58643,5.7567,2.366602,39.34156584739685
1.394466,6.024476,2.985068,4.548615,5.841427,2.355223,39.393553256988525
1.360802,6.074789,2.932337,4.489191,5.925814,2.345096,39.44950556755066
1.370253,6.127372,2.876865,4.448114,6.004891,2.379308,39.50447225570679
1.390514,6.150327,2.872116,4.404958,6.039989,2.420832,39.55544877052307
1.409076,6.133087,2.85042,4.360937,6.053009,2.466093,39.607415199279785
1.435278,6.130066,2.872686,4.381987,6.072197,2.484366,39.663386821746826
1.494927,6.221168,2.855042,4.465511,6.072179,2.502173,39.719350814819336
1.564329,6.219726,2.8746,4.487455,6.113073,2.517047,39.77831506729126
1.568587,6.215609,2.898377,4.483117,6.10192,2.586947,39.83628273010254
1.58052,6.246913,2.846082,4.524809,6.121657,2.604181,39.88825225830078
1.58052,6.246913,2.846082,4.524809,6.121657,2.604181,39.93947720527649
1.609338,6.26161,2.88886,4.567546,6.163041,2.618004,39.995442628860474
1.342149,6.030194,2.940353,5.536047,6.053493,2.579566,40.0554084777832
1.35071,5.985141,3.087934,5.666709,6.146391,2.134841,40.10438060760498
1.386255,5.974776,3.158507,5.732338,6.130436,2.111941,40.15834903717041
1.366562,5.952519,3.163098,5.730234,6.108241,2.115611,40.21431756019592
1.365128,5.973883,3.159899,5.767239,6.084452,2.139246,40.26830196380615
1.343996,5.97299,3.161291,5.794374,6.110963,2.111673,40.320261001586914
1.369949,5.970118,3.183965,5.820091,6.156281,2.103011,40.37123465538025
1.402017,5.94223,3.233989,5.865097,6.180343,2.0967,40.425208568573
1.379052,5.902626,3.217584,5.878837,6.174012,2.140695,40.47617554664612
1.408214,5.91734,3.261311,5.937149,6.191566,2.178561,40.53414726257324
1.450034,5.91912,3.258532,6.620711,6.249956,2.219411,40.59111738204956
1.473628,5.877822,3.263432,6.830886,6.338912,2.237717,40.649090051651
1.497787,5.896127,3.283091,6.724149,6.388138,2.549395,40.70705509185791
1.476949,5.895238,3.28448,6.724149,6.388138,2.549395,40.758026361465454
1.481622,5.891571,3.308709,6.7642,6.418148,2.384714,40.80999755859375
1.517658,5.860565,3.383335,6.938576,6.338456,2.387292,40.86365723609924
1.549822,5.869618,3.331926,7.259304,6.119617,2.381129,40.92064046859741
1.534988,5.844231,3.360706,7.41917,6.075885,2.290436,40.97759199142456
1.534988,5.844231,3.360706,7.412401,6.033051,2.297581,41.041555404663086
1.534988,5.844231,3.360706,7.463077,6.038518,1.967564,41.093525409698486
1.558935,5.862335,3.380561,7.441661,5.997077,1.953928,41.1424994468689
1.540877,5.819849,3.388112,7.386564,5.94844,1.986185,41.194470167160034
1.539589,5.840633,3.385033,7.451023,5.981541,1.913127,41.246437788009644
1.523618,5.836143,3.410786,7.471028,6.032837,2.011071,41.29842281341553
1.54291,5.857801,3.406326,7.493914,6.055453,2.157945,41.354390144348145
1.523618,5.836143,3.410786,7.782306,6.345832,2.11762,41.411341428756714
1.501714,5.856033,3.4091,7.775027,6.341874,2.140531,41.465312480926514
1.524919,5.815402,3.413854,7.753113,6.329958,2.2095,41.518893241882324
1.501714,5.856033,3.4091,7.756744,6.312071,2.190138,41.568862438201904
1.501714,5.856033,3.4091,7.767735,6.337909,2.163481,41.62483096122742
1.501714,5.856033,3.4091,7.76763,6.298016,2.147901,41.67879915237427
1.501714,5.856033,3.4091,7.768334,6.268576,2.065298,41.73176980018616
1.497014,5.859679,3.384723,7.739561,6.253426,2.15654,41.7877357006073
1.442624,5.811853,3.419399,7.756744,6.312071,2.190138,41.84170651435852
1.469339,5.788513,3.445458,7.876277,6.255978,2.302497,41.896674156188965
1.472791,5.805615,3.466843,7.702851,6.195175,2.522714,41.94464588165283
1.452299,5.80473,3.46823,7.541373,6.187447,2.669026,42.0249547958374
1.452299,5.80473,3.46823,7.528378,6.228611,2.663431,42.08191990852356
1.40285,5.789361,3.425232,7.514973,6.192257,2.761144,42.13489055633545
1.40285,5.789361,3.425232,7.465982,6.137851,2.841304,42.189860820770264
1.404247,5.768677,3.428285,7.379002,6.120893,2.803119,42.247825145721436
1.36955,5.742823,3.458467,7.278804,5.777347,2.816101,42.296796798706055
1.391459,5.723141,3.460114,7.424969,5.63701,2.715675,42.34576892852783
1.409161,5.765211,3.452659,7.568738,5.589867,2.468907,42.399738788604736
1.399341,5.772138,3.403952,7.787267,5.638488,1.886757,42.45716333389282
1.412309,5.818062,3.372115,7.870731,5.696246,1.76767,42.51412773132324
1.413699,5.797258,3.375196,7.73536,5.632096,2.320829,42.56809592247009
1.434355,5.79815,3.37381,7.797369,5.719964,2.281588,42.62407064437866
1.442624,5.811853,3.419399,8.090445,5.852953,1.584669,42.68003225326538
1.439169,5.794647,3.398114,7.830345,5.718928,2.301771,42.73200464248657
1.418557,5.793757,3.399501,8.047714,5.713688,1.465609,42.78796935081482
1.413699,5.797258,3.375196,7.887349,5.655251,1.963532,42.84194016456604
1.415087,5.776487,3.378272,7.754631,5.587099,2.174685,42.89691352844238
1.415087,5.776487,3.378272,7.975771,5.666598,1.477046,42.95189118385315
1.435726,5.777381,3.376886,7.99658,5.603686,1.243331,43.00884222984314
1.413699,5.797258,3.375196,7.99658,5.603686,1.243331,43.063812017440796
1.435726,5.777381,3.376886,7.802879,5.59026,1.746641,43.115782022476196
1.432981,5.818952,3.370728,7.733328,5.673014,1.736795,43.16675353050232
1.437799,5.815405,3.395044,7.918865,6.468585,0.961803,43.219722747802734
1.437799,5.815405,3.395044,7.837777,6.33645,1.644181,43.2736918926239
1.467994,5.80918,3.442408,8.015398,6.263541,1.583823,43.330660343170166
1.477705,5.837972,3.389193,8.21072,6.177643,1.463065,43.38664102554321
1.481109,5.855149,3.410488,8.292954,6.071487,1.621582,43.44459128379822
1.479043,5.817183,3.39227,8.461343,6.031652,1.474198,43.50055980682373
1.472972,5.841566,3.364866,8.476915,6.002078,1.540209,43.550530672073364
1.476365,5.858794,3.386111,8.255087,6.01939,1.842536,43.601502418518066
1.477705,5.837972,3.389193,8.208916,6.040212,1.991168,43.65748596191406
1.481109,5.855149,3.410488,8.589806,6.037234,1.466678,43.71143913269043
1.497014,5.859679,3.384723,8.837304,5.954889,1.324536,43.76540923118591
1.492321,5.86332,3.360385,8.691407,5.90305,1.711681,43.823389768600464
1.493649,5.842455,3.363479,8.604274,5.892014,1.950577,43.88034224510193
1.493649,5.842455,3.363479,8.604274,5.892014,1.950577,43.9343101978302
1.487636,5.866954,3.336088,9.034852,6.033507,1.100254,43.9872784614563
1.488967,5.846044,3.339192,9.173054,5.971666,1.103811,44.040865659713745
1.477705,5.837972,3.389193,9.709718,5.387857,1.057142,44.09583592414856
1.479043,5.817183,3.39227,9.668105,5.299312,1.074074,44.146804094314575
1.457068,5.837084,3.39058,9.57939,5.315357,1.095262,44.20477557182312
1.437799,5.815405,3.395044,9.554554,5.341195,1.013902,44.262739419937134
1.466646,5.829881,3.439353,9.217853,5.271162,1.519727,44.3167085647583
1.457068,5.837084,3.39058,9.287084,5.316249,1.207943,44.368680238723755
1.461853,5.833486,3.414947,9.206393,5.261614,1.340501,44.42164707183838
1.461853,5.833486,3.414947,9.245877,5.355909,1.223166,44.4736328125
1.470101,5.84696,3.460751,9.109902,5.443034,1.395594,44.53059959411621
1.476383,6.682182,3.431843,8.756636,6.420787,1.43636,44.585554122924805
1.469299,6.969725,3.562366,8.38314,6.794854,1.882423,44.64251947402954
1.413677,7.38443,3.231523,7.876387,7.138567,2.456717,44.697487592697144
1.36914,7.728488,3.059679,7.609299,7.574319,2.359097,44.749457120895386
1.36914,7.728488,3.059679,7.646837,7.607491,2.238032,44.801429986953735
1.332664,8.516564,3.015689,7.256262,8.491898,2.053905,44.85539650917053
1.353443,8.478416,3.11925,7.262982,8.500173,2.029488,44.90736722946167
1.737688,9.126167,1.222896,5.393595,8.964074,0.914887,46.20486092567444
1.877976,8.919816,1.271698,5.415812,8.956954,0.936114,46.26582717895508
1.934403,8.856183,1.30119,5.418556,8.964747,0.913528,46.31979560852051
1.931383,8.864174,1.278156,5.39153,8.935795,0.919696,46.37276744842529
1.960977,8.828499,1.304395,5.38883,8.928049,0.942271,46.42673349380493
1.934403,8.856183,1.30119,5.415812,8.956954,0.936114,46.479718923568726
1.982583,8.865559,1.275316,5.416469,8.936471,0.918338,46.53667068481445
1.584913,8.725277,1.362564,5.416469,8.936471,0.918338,46.59363627433777
1.606848,8.733787,1.338111,5.393595,8.964074,0.914887,46.649603843688965
1.633712,8.706282,1.341271,5.415812,8.956954,0.936114,46.70657277107239
1.631488,8.685812,1.322879,5.393595,8.964074,0.914887,46.75655913352966
1.631488,8.685812,1.322879,5.393595,8.964074,0.914887,46.81051421165466
1.635017,8.678119,1.345846,5.413729,8.928725,0.940911,46.862481355667114
1.682574,8.687239,1.320038,5.416469,8.936471,0.918338,46.918463945388794
1.631488,8.685812,1.322879,5.413729,8.928725,0.940911,46.97141909599304
1.576302,8.769191,1.311935,5.415812,8.956954,0.936114,47.024388551712036
1.407713,8.845544,1.242339,5.415812,8.956954,0.936114,47.08135485649109
